{
  "type": "FeatureCollection",
  "generator": "overpass-turbo",
  "copyright": "The data included in this document is from www.openstreetmap.org. The data is made available under ODbL.",
  "timestamp": "2026-03-18T06:09:29Z",
  "features": [
    {
      "type": "Feature",
      "properties": {
        "@id": "way/40491025",
        "addr:place": "竹園村 Chuk Yuen Village",
        "addr:place:en": "Chuk Yuen Village",
        "addr:place:zh": "竹園村",
        "building": "service",
        "building:levels": "1",
        "name": "Chuk Yuen Resite Substation 竹園村（遷置）變電站",
        "name:en": "Chuk Yuen Resite Substation",
        "name:zh": "竹園村（遷置）變電站",
        "operator": "中華電力 CLP",
        "operator:en": "CLP",
        "operator:type": "private",
        "operator:wikidata": "Q977959",
        "operator:wikipedia": "zh:中華電力",
        "operator:zh": "中華電力",
        "power": "substation",
        "service": "power",
        "substation": "minor_distribution"
      },
      "geometry": {
        "type": "Polygon",
        "coordinates": [
          [
            [
              114.154843,
              22.5456238
            ],
            [
              114.154843,
              22.5455136
            ],
            [
              114.1549022,
              22.5455136
            ],
            [
              114.1549022,
              22.5456238
            ],
            [
              114.154843,
              22.5456238
            ]
          ]
        ]
      },
      "id": "way/40491025"
    },
    {
      "type": "Feature",
      "properties": {
        "@id": "way/64400067",
        "addr:housenumber": "15",
        "addr:street": "利榮街 Lee Wing Street",
        "building": "yes",
        "landuse": "industrial",
        "name": "鴨脷洲工業邨分區電力站 Ap Lei Chau Industrial Estate Zone Substation",
        "name:en": "Ap Lei Chau Industrial Estate Zone Substation",
        "name:zh": "鴨脷洲工業邨分區電力站",
        "operator": "香港電燈有限公司 The Hongkong Electric Company, Limited",
        "operator:en": "The Hongkong Electric Company, Limited",
        "operator:short": "港燈 HK Electric",
        "operator:short:en": "HK Electric",
        "operator:short:zh": "港燈",
        "operator:short:zh-Hans": "港灯",
        "operator:short:zh-Hant": "港燈",
        "operator:wikidata": "Q709104",
        "operator:zh": "香港電燈有限公司",
        "operator:zh-Hans": "香港电灯有限公司",
        "operator:zh-Hant": "香港電燈有限公司",
        "power": "substation"
      },
      "geometry": {
        "type": "Polygon",
        "coordinates": [
          [
            [
              114.1541695,
              22.2386194
            ],
            [
              114.1538465,
              22.2384161
            ],
            [
              114.1541034,
              22.2380623
            ],
            [
              114.1542092,
              22.2381333
            ],
            [
              114.1541133,
              22.2382841
            ],
            [
              114.1542271,
              22.2383618
            ],
            [
              114.154245,
              22.2385206
            ],
            [
              114.1541695,
              22.2386194
            ]
          ]
        ]
      },
      "id": "way/64400067"
    },
    {
      "type": "Feature",
      "properties": {
        "@id": "way/101959018",
        "building": "yes",
        "power": "substation"
      },
      "geometry": {
        "type": "Polygon",
        "coordinates": [
          [
            [
              114.1925294,
              22.2901984
            ],
            [
              114.1925524,
              22.2901812
            ],
            [
              114.1925341,
              22.2901603
            ],
            [
              114.1926561,
              22.2900689
            ],
            [
              114.192674,
              22.2900894
            ],
            [
              114.1927089,
              22.2900633
            ],
            [
              114.1928932,
              22.2902739
            ],
            [
              114.1928575,
              22.2903007
            ],
            [
              114.1928681,
              22.2903128
            ],
            [
              114.1927461,
              22.2904042
            ],
            [
              114.1927358,
              22.2903924
            ],
            [
              114.1927137,
              22.290409
            ],
            [
              114.1925294,
              22.2901984
            ]
          ]
        ]
      },
      "id": "way/101959018"
    },
    {
      "type": "Feature",
      "properties": {
        "@id": "way/102411632",
        "name": "東涌市變電站 Tung Chung Town Substation",
        "name:en": "Tung Chung Town Substation",
        "name:zh": "東涌市變電站",
        "name:zh-Hans": "东涌市变电站",
        "name:zh-Hant": "東涌市變電站",
        "operator": "中華電力有限公司 CLP Power Hong Kong Limited",
        "operator:en": "CLP Power Hong Kong Limited",
        "operator:short": "中華電力 CLP",
        "operator:short:en": "CLP",
        "operator:short:zh": "中華電力",
        "operator:short:zh-Hans": "中华电力",
        "operator:short:zh-Hant": "中華電力",
        "operator:wikidata": "Q977959",
        "operator:zh": "中華電力有限公司",
        "operator:zh-Hans": "中华电力有限公司",
        "operator:zh-Hant": "中華電力有限公司",
        "power": "substation",
        "substation": "yes"
      },
      "geometry": {
        "type": "Polygon",
        "coordinates": [
          [
            [
              113.9369434,
              22.2896345
            ],
            [
              113.936681,
              22.2896333
            ],
            [
              113.9366835,
              22.2891183
            ],
            [
              113.9367431,
              22.2891185
            ],
            [
              113.9367769,
              22.2891187
            ],
            [
              113.9368478,
              22.289119
            ],
            [
              113.9369467,
              22.2891195
            ],
            [
              113.9369434,
              22.2896345
            ]
          ]
        ]
      },
      "id": "way/102411632"
    },
    {
      "type": "Feature",
      "properties": {
        "@id": "way/102667015",
        "addr:housenumber": "21",
        "addr:street": "So Kwun Wat Road",
        "name": "掃管笏變電站 So Kwun Wat Substation",
        "name:en": "So Kwun Wat Substation",
        "name:zh": "掃管笏變電站",
        "operator": "中華電力有限公司 CLP Power Hong Kong Limited",
        "operator:en": "CLP Power Hong Kong Limited",
        "operator:short": "中華電力 CLP",
        "operator:short:en": "CLP",
        "operator:short:zh": "中華電力",
        "operator:short:zh-Hans": "中华电力",
        "operator:short:zh-Hant": "中華電力",
        "operator:wikidata": "Q977959",
        "operator:zh": "中華電力有限公司",
        "operator:zh-Hans": "中华电力有限公司",
        "operator:zh-Hant": "中華電力有限公司",
        "power": "substation",
        "substation": "yes"
      },
      "geometry": {
        "type": "Polygon",
        "coordinates": [
          [
            [
              113.9958823,
              22.3733552
            ],
            [
              113.9961802,
              22.3734176
            ],
            [
              113.9960618,
              22.3739005
            ],
            [
              113.995764,
              22.3738381
            ],
            [
              113.9958823,
              22.3733552
            ]
          ]
        ]
      },
      "id": "way/102667015"
    },
    {
      "type": "Feature",
      "properties": {
        "@id": "way/117088642",
        "addr:housenumber": "1A",
        "addr:street": "添美道 Tim Mei Avenue",
        "addr:street:en": "Tim Mei Avenue",
        "addr:street:zh": "添美道",
        "building": "service",
        "frequency": "50",
        "name": "港燈添馬275千伏電力站 Hong Kong Electric Tamar 275KV Substation",
        "name:en": "Hong Kong Electric Tamar 275KV Substation",
        "name:zh": "港燈添馬275千伏電力站",
        "operation": "private",
        "operator": "香港電燈有限公司 The Hongkong Electric Company, Limited",
        "operator:en": "The Hongkong Electric Company, Limited",
        "operator:short": "港燈 HK Electric",
        "operator:short:en": "HK Electric",
        "operator:short:zh": "港燈",
        "operator:short:zh-Hans": "港灯",
        "operator:short:zh-Hant": "港燈",
        "operator:wikidata": "Q709104",
        "operator:zh": "香港電燈有限公司",
        "operator:zh-Hans": "香港电灯有限公司",
        "operator:zh-Hant": "香港電燈有限公司",
        "owner": "香港電燈有限公司 Hongkong Electric Company, Limited",
        "owner:en": "Hongkong Electric Company, Limited",
        "owner:wikidata": "Q709104",
        "owner:zh": "香港電燈有限公司",
        "ownership": "private",
        "power": "substation",
        "substation": "transmission",
        "voltage": "275000"
      },
      "geometry": {
        "type": "Polygon",
        "coordinates": [
          [
            [
              114.1666775,
              22.2799243
            ],
            [
              114.1668993,
              22.2799412
            ],
            [
              114.1669531,
              22.2800001
            ],
            [
              114.16709,
              22.2799129
            ],
            [
              114.1674042,
              22.2803046
            ],
            [
              114.1672772,
              22.280396
            ],
            [
              114.167198,
              22.2802945
            ],
            [
              114.1667925,
              22.2803758
            ],
            [
              114.1666775,
              22.2799243
            ]
          ]
        ]
      },
      "id": "way/117088642"
    },
    {
      "type": "Feature",
      "properties": {
        "@id": "way/135265607",
        "building": "service",
        "power": "substation",
        "service": "power",
        "service:area": "building",
        "substation": "minor_distribution",
        "usage": "auxiliary"
      },
      "geometry": {
        "type": "Polygon",
        "coordinates": [
          [
            [
              114.2062309,
              22.4188355
            ],
            [
              114.2062307,
              22.4189218
            ],
            [
              114.206039,
              22.4189232
            ],
            [
              114.2060387,
              22.4188362
            ],
            [
              114.2062309,
              22.4188355
            ]
          ]
        ]
      },
      "id": "way/135265607"
    },
    {
      "type": "Feature",
      "properties": {
        "@id": "way/138949098",
        "addr:housenumber": "182",
        "addr:street": "Argyle Street",
        "name": "亞皆老街變電站 Argyle Street Substation",
        "name:en": "Argyle Street Substation",
        "name:zh": "亞皆老街變電站",
        "power": "substation"
      },
      "geometry": {
        "type": "Polygon",
        "coordinates": [
          [
            [
              114.1827574,
              22.3234735
            ],
            [
              114.1828526,
              22.3232959
            ],
            [
              114.1829279,
              22.3233304
            ],
            [
              114.1828328,
              22.3235081
            ],
            [
              114.1827574,
              22.3234735
            ]
          ]
        ]
      },
      "id": "way/138949098"
    },
    {
      "type": "Feature",
      "properties": {
        "@id": "way/149521203",
        "addr:housenumber": "33",
        "addr:street": "太古城道 Taikoo Shing Road",
        "addr:street:en": "Taikoo Shing Road",
        "addr:street:zh": "太古城道",
        "building": "service",
        "name": "太古電站 Taikoo Station Building",
        "name:en": "Taikoo Station Building",
        "name:zh": "太古電站",
        "name:zh-Hans": "太古电站",
        "name:zh-Hant": "太古電站",
        "operator": "香港電燈有限公司 The Hongkong Electric Company, Limited",
        "operator:en": "The Hongkong Electric Company, Limited",
        "operator:short": "港燈 HK Electric",
        "operator:short:en": "HK Electric",
        "operator:short:zh": "港燈",
        "operator:short:zh-Hans": "港灯",
        "operator:short:zh-Hant": "港燈",
        "operator:wikidata": "Q709104",
        "operator:zh": "香港電燈有限公司",
        "operator:zh-Hans": "香港电灯有限公司",
        "operator:zh-Hant": "香港電燈有限公司",
        "power": "substation",
        "service": "power",
        "substation": "distribution"
      },
      "geometry": {
        "type": "Polygon",
        "coordinates": [
          [
            [
              114.214968,
              22.28586
            ],
            [
              114.214968,
              22.285721
            ],
            [
              114.215293,
              22.285721
            ],
            [
              114.215293,
              22.2857492
            ],
            [
              114.215293,
              22.28586
            ],
            [
              114.214968,
              22.28586
            ]
          ]
        ]
      },
      "id": "way/149521203"
    },
    {
      "type": "Feature",
      "properties": {
        "@id": "way/149908049",
        "building": "yes",
        "building:levels": "4",
        "name": "積運街支站 Chik Wan Street Substation",
        "name:en": "Chik Wan Street Substation",
        "name:zh": "積運街支站",
        "operator": "中華電力 CLP",
        "operator:en": "CLP",
        "operator:wikidata": "Q977959",
        "operator:zh": "中華電力",
        "operator:zh-Hans": "中华电力",
        "operator:zh-Hant": "中華電力",
        "power": "substation"
      },
      "geometry": {
        "type": "Polygon",
        "coordinates": [
          [
            [
              114.176291,
              22.3725554
            ],
            [
              114.1765142,
              22.3722831
            ],
            [
              114.1768447,
              22.3725147
            ],
            [
              114.1766215,
              22.372787
            ],
            [
              114.176291,
              22.3725554
            ]
          ]
        ]
      },
      "id": "way/149908049"
    },
    {
      "type": "Feature",
      "properties": {
        "@id": "way/151179117",
        "addr:housenumber": "15",
        "addr:street": "Cheung Chau Sai Tai Road",
        "name": "長洲南變電站 Cheung Chau South Substation",
        "name:en": "Cheung Chau South Substation",
        "name:zh": "長洲南變電站",
        "operator": "中華電力有限公司 CLP Power Hong Kong Limited",
        "operator:en": "CLP Power Hong Kong Limited",
        "operator:short": "中華電力 CLP",
        "operator:short:en": "CLP",
        "operator:short:zh": "中華電力",
        "operator:short:zh-Hans": "中华电力",
        "operator:short:zh-Hant": "中華電力",
        "operator:wikidata": "Q977959",
        "operator:zh": "中華電力有限公司",
        "operator:zh-Hans": "中华电力有限公司",
        "operator:zh-Hant": "中華電力有限公司",
        "power": "substation"
      },
      "geometry": {
        "type": "Polygon",
        "coordinates": [
          [
            [
              114.0242509,
              22.2050901
            ],
            [
              114.023972,
              22.2050877
            ],
            [
              114.0239747,
              22.2049089
            ],
            [
              114.0242509,
              22.2049089
            ],
            [
              114.0242509,
              22.2050901
            ]
          ]
        ]
      },
      "id": "way/151179117"
    },
    {
      "type": "Feature",
      "properties": {
        "@id": "way/151342060",
        "addr:housenumber": "3",
        "addr:street": "Ma Fung Ling Road",
        "name": "新屏山變電站 New Ping Shan Sub-station",
        "name:en": "New Ping Shan Sub-station",
        "name:zh": "新屏山變電站",
        "operator": "中華電力",
        "power": "substation"
      },
      "geometry": {
        "type": "Polygon",
        "coordinates": [
          [
            [
              114.0116057,
              22.4422851
            ],
            [
              114.0114234,
              22.4422048
            ],
            [
              114.0114061,
              22.4421527
            ],
            [
              114.0117311,
              22.4416979
            ],
            [
              114.0118401,
              22.4416586
            ],
            [
              114.0119551,
              22.4417843
            ],
            [
              114.0116057,
              22.4422851
            ]
          ]
        ]
      },
      "id": "way/151342060"
    },
    {
      "type": "Feature",
      "properties": {
        "@id": "way/155456322",
        "addr:housenumber": "13",
        "addr:street": "Hang Kin Street",
        "name": "恆安站變電站 Heng On Station Substation",
        "name:en": "Heng On Station Substation",
        "name:zh": "恆安站變電站",
        "operator": "中華電力 CLP Group",
        "power": "substation"
      },
      "geometry": {
        "type": "Polygon",
        "coordinates": [
          [
            [
              114.2252692,
              22.4171059
            ],
            [
              114.2251747,
              22.4171381
            ],
            [
              114.2251264,
              22.4170168
            ],
            [
              114.2252209,
              22.4169846
            ],
            [
              114.2252692,
              22.4171059
            ]
          ]
        ]
      },
      "id": "way/155456322"
    },
    {
      "type": "Feature",
      "properties": {
        "@id": "way/159479538",
        "building": "yes",
        "power": "substation"
      },
      "geometry": {
        "type": "Polygon",
        "coordinates": [
          [
            [
              114.2021722,
              22.3794408
            ],
            [
              114.2020915,
              22.3792457
            ],
            [
              114.2021785,
              22.3792149
            ],
            [
              114.2022592,
              22.3794101
            ],
            [
              114.2021722,
              22.3794408
            ]
          ]
        ]
      },
      "id": "way/159479538"
    },
    {
      "type": "Feature",
      "properties": {
        "@id": "way/159829432",
        "name": "荔枝角400仟伏變電站 Lai Chi Kok 400kV Substation",
        "name:en": "Lai Chi Kok 400kV Substation",
        "name:zh": "荔枝角400仟伏變電站",
        "operator": "中華電力有限公司 CLP Power Hong Kong Limited",
        "operator:en": "CLP Power Hong Kong Limited",
        "operator:short": "中華電力 CLP",
        "operator:short:en": "CLP",
        "operator:short:zh": "中華電力",
        "operator:short:zh-Hans": "中华电力",
        "operator:short:zh-Hant": "中華電力",
        "operator:type": "private",
        "operator:wikidata": "Q977959",
        "operator:zh": "中華電力有限公司",
        "operator:zh-Hans": "中华电力有限公司",
        "operator:zh-Hant": "中華電力有限公司",
        "ownership": "private",
        "power": "substation",
        "substation": "transmission",
        "voltage": "400000"
      },
      "geometry": {
        "type": "Polygon",
        "coordinates": [
          [
            [
              114.1423566,
              22.3410644
            ],
            [
              114.1428705,
              22.3414782
            ],
            [
              114.1429545,
              22.3415458
            ],
            [
              114.1427025,
              22.3418135
            ],
            [
              114.1421729,
              22.3413882
            ],
            [
              114.1421046,
              22.3413321
            ],
            [
              114.1421358,
              22.3412292
            ],
            [
              114.1420913,
              22.3409691
            ],
            [
              114.1420779,
              22.3408907
            ],
            [
              114.1423566,
              22.3410644
            ]
          ]
        ]
      },
      "id": "way/159829432"
    },
    {
      "type": "Feature",
      "properties": {
        "@id": "way/159829455",
        "addr:suburb": "大圍 Tai Wai",
        "addr:suburb:en": "Tai Wai",
        "addr:suburb:zh": "大圍",
        "frequency": "50",
        "name": "沙田400仟伏變電站 Shatin 400kV Substation",
        "name:en": "Shatin 400kV Substation",
        "name:zh": "沙田400仟伏變電站",
        "operator": "中華電力有限公司 CLP Power Hong Kong Limited",
        "operator:en": "CLP Power Hong Kong Limited",
        "operator:ownership": "private",
        "operator:short": "中華電力 CLP",
        "operator:short:en": "CLP",
        "operator:short:zh": "中華電力",
        "operator:short:zh-Hans": "中华电力",
        "operator:short:zh-Hant": "中華電力",
        "operator:wikidata": "Q977959",
        "operator:zh": "中華電力有限公司",
        "operator:zh-Hans": "中华电力有限公司",
        "operator:zh-Hant": "中華電力有限公司",
        "owner": "中華電力有限公司 CLP Power Hong Kong Limited",
        "owner:en": "CLP Power Hong Kong Limited",
        "owner:wikidata": "Q977959",
        "owner:zh": "中華電力有限公司",
        "power": "substation",
        "substation": "transmission",
        "utility": "power",
        "voltage": "400000"
      },
      "geometry": {
        "type": "Polygon",
        "coordinates": [
          [
            [
              114.1672235,
              22.3789415
            ],
            [
              114.1672103,
              22.3789669
            ],
            [
              114.16668,
              22.3787273
            ],
            [
              114.1671136,
              22.3779257
            ],
            [
              114.1676042,
              22.3781425
            ],
            [
              114.1676709,
              22.3781743
            ],
            [
              114.1672593,
              22.3789574
            ],
            [
              114.1672235,
              22.3789415
            ]
          ]
        ]
      },
      "id": "way/159829455"
    },
    {
      "type": "Feature",
      "properties": {
        "@id": "way/159829456",
        "name": "元朗400仟伏變電站 Yuen Long 400kV Substation",
        "name:en": "Yuen Long 400kV Substation",
        "name:zh": "元朗400仟伏變電站",
        "operator": "中華電力有限公司 CLP Power Hong Kong Limited",
        "operator:en": "CLP Power Hong Kong Limited",
        "operator:short": "中華電力 CLP",
        "operator:short:en": "CLP",
        "operator:short:zh": "中華電力",
        "operator:short:zh-Hans": "中华电力",
        "operator:short:zh-Hant": "中華電力",
        "operator:wikidata": "Q977959",
        "operator:zh": "中華電力有限公司",
        "operator:zh-Hans": "中华电力有限公司",
        "operator:zh-Hant": "中華電力有限公司",
        "power": "substation",
        "substation": "transmission",
        "voltage": "400000"
      },
      "geometry": {
        "type": "Polygon",
        "coordinates": [
          [
            [
              114.0509342,
              22.4418778
            ],
            [
              114.0507826,
              22.441876
            ],
            [
              114.0506438,
              22.4418744
            ],
            [
              114.050646,
              22.4417112
            ],
            [
              114.0506493,
              22.4414655
            ],
            [
              114.0506521,
              22.4412593
            ],
            [
              114.0507632,
              22.4412606
            ],
            [
              114.0510084,
              22.4412634
            ],
            [
              114.0510065,
              22.4414077
            ],
            [
              114.0509404,
              22.441407
            ],
            [
              114.0509385,
              22.4415502
            ],
            [
              114.0509364,
              22.4417062
            ],
            [
              114.0509342,
              22.4418778
            ]
          ]
        ]
      },
      "id": "way/159829456"
    },
    {
      "type": "Feature",
      "properties": {
        "@id": "way/159829457",
        "frequency": "50",
        "name": "梨木樹400仟伏變電站 Lei Muk Shue 400kV Substation",
        "name:en": "Lei Muk Shue 400kV Substation",
        "name:zh": "梨木樹400仟伏變電站",
        "name:zh-Hans": "梨木树400仟伏变电站",
        "name:zh-Hant": "梨木樹400仟伏變電站",
        "operator": "中華電力有限公司 CLP Power Hong Kong Limited",
        "operator:en": "CLP Power Hong Kong Limited",
        "operator:short": "中華電力 CLP",
        "operator:short:en": "CLP",
        "operator:short:zh": "中華電力",
        "operator:short:zh-Hans": "中华电力",
        "operator:short:zh-Hant": "中華電力",
        "operator:wikidata": "Q977959",
        "operator:wikipedia": "zh:中華電力",
        "operator:zh": "中華電力有限公司",
        "operator:zh-Hans": "中华电力有限公司",
        "operator:zh-Hant": "中華電力有限公司",
        "power": "substation",
        "substation": "transmission",
        "voltage": "400000"
      },
      "geometry": {
        "type": "Polygon",
        "coordinates": [
          [
            [
              114.1335959,
              22.3795496
            ],
            [
              114.1334345,
              22.3796254
            ],
            [
              114.1334002,
              22.3796415
            ],
            [
              114.1332319,
              22.3797204
            ],
            [
              114.1328325,
              22.3789535
            ],
            [
              114.1331808,
              22.3787802
            ],
            [
              114.1332714,
              22.3789441
            ],
            [
              114.1332636,
              22.3789472
            ],
            [
              114.1335959,
              22.3795496
            ]
          ]
        ]
      },
      "id": "way/159829457"
    },
    {
      "type": "Feature",
      "properties": {
        "@id": "way/159829463",
        "name": "將軍澳400仟伏變電站 Tseung Kwan O 400kV Substation",
        "name:en": "Tseung Kwan O 400kV Substation",
        "name:zh": "將軍澳400仟伏變電站",
        "name:zh-Hans": "将军澳400仟伏变电站",
        "name:zh-Hant": "將軍澳400仟伏變電站",
        "operator": "中華電力有限公司 CLP Power Hong Kong Limited",
        "operator:en": "CLP Power Hong Kong Limited",
        "operator:short": "中華電力 CLP",
        "operator:short:en": "CLP",
        "operator:short:zh": "中華電力",
        "operator:short:zh-Hans": "中华电力",
        "operator:short:zh-Hant": "中華電力",
        "operator:wikidata": "Q977959",
        "operator:zh": "中華電力有限公司",
        "operator:zh-Hans": "中华电力有限公司",
        "operator:zh-Hant": "中華電力有限公司",
        "power": "substation",
        "substation": "transmission",
        "voltage": "400000;132000",
        "voltage:primary": "400000",
        "voltage:secondary": "132000"
      },
      "geometry": {
        "type": "Polygon",
        "coordinates": [
          [
            [
              114.2511974,
              22.3291485
            ],
            [
              114.2510766,
              22.3286381
            ],
            [
              114.2512855,
              22.3285958
            ],
            [
              114.2512525,
              22.3284566
            ],
            [
              114.251923,
              22.3283209
            ],
            [
              114.2520767,
              22.3289704
            ],
            [
              114.2511974,
              22.3291485
            ]
          ]
        ]
      },
      "id": "way/159829463"
    },
    {
      "type": "Feature",
      "properties": {
        "@id": "way/160018321",
        "addr:housenumber": "6",
        "addr:street": "Hong Lok Yuen Road",
        "name": "大埔400仟伏變電站 Tai Po 400kV Substation",
        "name:en": "Tai Po 400kV Substation",
        "name:zh": "大埔400仟伏變電站",
        "operator": "中華電力有限公司 CLP Power Hong Kong Limited",
        "operator:en": "CLP Power Hong Kong Limited",
        "operator:short": "中華電力 CLP",
        "operator:short:en": "CLP",
        "operator:short:zh": "中華電力",
        "operator:short:zh-Hans": "中华电力",
        "operator:short:zh-Hant": "中華電力",
        "operator:wikidata": "Q977959",
        "operator:zh": "中華電力有限公司",
        "operator:zh-Hans": "中华电力有限公司",
        "operator:zh-Hant": "中華電力有限公司",
        "power": "substation",
        "voltage": "400000"
      },
      "geometry": {
        "type": "Polygon",
        "coordinates": [
          [
            [
              114.150788,
              22.4644036
            ],
            [
              114.1505576,
              22.4644398
            ],
            [
              114.1502867,
              22.4644824
            ],
            [
              114.1501391,
              22.4636813
            ],
            [
              114.1503895,
              22.4636419
            ],
            [
              114.1506404,
              22.4636025
            ],
            [
              114.150788,
              22.4644036
            ]
          ]
        ]
      },
      "id": "way/160018321"
    },
    {
      "type": "Feature",
      "properties": {
        "@id": "way/160323962",
        "addr:housenumber": "601-603",
        "addr:street": "廣東道 Canton Road",
        "addr:street:en": "Canton Road",
        "addr:street:wikidata": "Q1040176",
        "addr:street:zh": "廣東道",
        "frequency": "50",
        "name": "油麻地400仟伏變電站 Yau Ma Tei 400kV Substation",
        "name:en": "Yau Ma Tei 400kV Substation",
        "name:zh": "油麻地400仟伏變電站",
        "operation": "private",
        "operator": "中華電力有限公司 CLP Power Hong Kong Limited",
        "operator:en": "CLP Power Hong Kong Limited",
        "operator:ownership": "private",
        "operator:wikidata": "Q977959",
        "operator:zh": "中華電力有限公司",
        "owner": "中華電力有限公司 CLP Power Hong Kong Limited",
        "owner:en": "CLP Power Hong Kong Limited",
        "owner:wikidata": "Q977959",
        "owner:zh": "中華電力有限公司",
        "ownership": "private",
        "power": "substation",
        "substation": "transmission",
        "utility": "power",
        "voltage": "400000"
      },
      "geometry": {
        "type": "Polygon",
        "coordinates": [
          [
            [
              114.1679412,
              22.3090341
            ],
            [
              114.1677848,
              22.3084243
            ],
            [
              114.1679128,
              22.3083957
            ],
            [
              114.1679777,
              22.3083804
            ],
            [
              114.1682921,
              22.3083088
            ],
            [
              114.1683608,
              22.3082931
            ],
            [
              114.1685125,
              22.3082586
            ],
            [
              114.1686728,
              22.3088743
            ],
            [
              114.168648,
              22.30888
            ],
            [
              114.1686633,
              22.3089365
            ],
            [
              114.1685063,
              22.3089714
            ],
            [
              114.168032,
              22.3090768
            ],
            [
              114.1679943,
              22.3090619
            ],
            [
              114.1679861,
              22.3090294
            ],
            [
              114.1679513,
              22.3090368
            ],
            [
              114.1679412,
              22.3090341
            ]
          ]
        ]
      },
      "id": "way/160323962"
    },
    {
      "type": "Feature",
      "properties": {
        "@id": "way/160554426",
        "building": "service",
        "building:levels": "1",
        "operation": "private",
        "operator": "香港電燈有限公司 The Hongkong Electric Company, Limited",
        "operator:en": "The Hongkong Electric Company, Limited",
        "operator:short": "港燈 HK Electric",
        "operator:short:en": "HK Electric",
        "operator:short:zh": "港燈",
        "operator:short:zh-Hans": "港灯",
        "operator:short:zh-Hant": "港燈",
        "operator:wikidata": "Q709104",
        "operator:zh": "香港電燈有限公司",
        "operator:zh-Hans": "香港电灯有限公司",
        "operator:zh-Hant": "香港電燈有限公司",
        "ownership": "government",
        "power": "substation",
        "substation": "minor_distribution",
        "utility": "power"
      },
      "geometry": {
        "type": "Polygon",
        "coordinates": [
          [
            [
              114.1609316,
              22.2860377
            ],
            [
              114.1608373,
              22.2860759
            ],
            [
              114.16079,
              22.2859762
            ],
            [
              114.1607853,
              22.2859663
            ],
            [
              114.1608796,
              22.285928
            ],
            [
              114.1608881,
              22.285946
            ],
            [
              114.1609316,
              22.2860377
            ]
          ]
        ]
      },
      "id": "way/160554426"
    },
    {
      "type": "Feature",
      "properties": {
        "@id": "way/161625781",
        "building": "service",
        "building:levels": "6",
        "frequency": "50",
        "name": "大環400仟伏變電站 Tai Wan 400KV Substation",
        "name:en": "Tai Wan 400KV Substation",
        "name:zh": "大環400仟伏變電站",
        "power": "substation",
        "substation": "transmission",
        "voltage": "400000"
      },
      "geometry": {
        "type": "Polygon",
        "coordinates": [
          [
            [
              114.1921925,
              22.3069449
            ],
            [
              114.1916673,
              22.3070407
            ],
            [
              114.1916058,
              22.306752
            ],
            [
              114.1921291,
              22.3066566
            ],
            [
              114.1921213,
              22.3066199
            ],
            [
              114.1922599,
              22.3065947
            ],
            [
              114.1923351,
              22.3069476
            ],
            [
              114.1921984,
              22.3069725
            ],
            [
              114.1921925,
              22.3069449
            ]
          ]
        ]
      },
      "id": "way/161625781"
    },
    {
      "type": "Feature",
      "properties": {
        "@id": "way/164315264",
        "operator": "中華電力有限公司 CLP Power Hong Kong Limited",
        "operator:en": "CLP Power Hong Kong Limited",
        "operator:short": "中華電力 CLP",
        "operator:short:en": "CLP",
        "operator:short:zh": "中華電力",
        "operator:short:zh-Hans": "中华电力",
        "operator:short:zh-Hant": "中華電力",
        "operator:wikidata": "Q977959",
        "operator:zh": "中華電力有限公司",
        "operator:zh-Hans": "中华电力有限公司",
        "operator:zh-Hant": "中華電力有限公司",
        "power": "substation"
      },
      "geometry": {
        "type": "Polygon",
        "coordinates": [
          [
            [
              114.0397071,
              22.3188639
            ],
            [
              114.0396263,
              22.318846
            ],
            [
              114.0394026,
              22.3187666
            ],
            [
              114.039269,
              22.3187517
            ],
            [
              114.0392083,
              22.3187607
            ],
            [
              114.0389868,
              22.3184374
            ],
            [
              114.0390227,
              22.3181713
            ],
            [
              114.0390421,
              22.3181017
            ],
            [
              114.0390807,
              22.3180606
            ],
            [
              114.0396796,
              22.317798
            ],
            [
              114.0397549,
              22.3178119
            ],
            [
              114.0398226,
              22.3178641
            ],
            [
              114.0400359,
              22.3182315
            ],
            [
              114.0396776,
              22.318406
            ],
            [
              114.0398812,
              22.3187956
            ],
            [
              114.0397071,
              22.3188639
            ]
          ]
        ]
      },
      "id": "way/164315264"
    },
    {
      "type": "Feature",
      "properties": {
        "@id": "way/167054691",
        "building": "yes",
        "power": "substation"
      },
      "geometry": {
        "type": "Polygon",
        "coordinates": [
          [
            [
              114.1042741,
              22.2158297
            ],
            [
              114.1042749,
              22.2154145
            ],
            [
              114.1045288,
              22.2154149
            ],
            [
              114.104528,
              22.2158302
            ],
            [
              114.1042741,
              22.2158297
            ]
          ]
        ]
      },
      "id": "way/167054691"
    },
    {
      "type": "Feature",
      "properties": {
        "@id": "way/169222028",
        "addr:housenumber": "3",
        "addr:street": "Nga Chuk Street",
        "name": "竹園變電站 Chuk Yuen Substation",
        "name:en": "Chuk Yuen Substation",
        "name:zh": "竹園變電站",
        "power": "substation"
      },
      "geometry": {
        "type": "Polygon",
        "coordinates": [
          [
            [
              114.195073,
              22.3450777
            ],
            [
              114.1950776,
              22.3446782
            ],
            [
              114.1952511,
              22.3446808
            ],
            [
              114.1952935,
              22.3448055
            ],
            [
              114.1952908,
              22.345079
            ],
            [
              114.195073,
              22.3450777
            ]
          ]
        ]
      },
      "id": "way/169222028"
    },
    {
      "type": "Feature",
      "properties": {
        "@id": "way/169523896",
        "building": "service",
        "building:levels": "1",
        "not:operator:ownership": "government",
        "power": "substation",
        "service": "power",
        "substation": "minor_distribution"
      },
      "geometry": {
        "type": "Polygon",
        "coordinates": [
          [
            [
              114.2226679,
              22.4061156
            ],
            [
              114.2226078,
              22.4060512
            ],
            [
              114.2226875,
              22.4059901
            ],
            [
              114.2227191,
              22.4060246
            ],
            [
              114.2227002,
              22.4060654
            ],
            [
              114.2226679,
              22.4061156
            ]
          ]
        ]
      },
      "id": "way/169523896"
    },
    {
      "type": "Feature",
      "properties": {
        "@id": "way/169562772",
        "name": "中華電力有限公司西貢支站 CLP Sai Kung Substation",
        "name:en": "CLP Sai Kung Substation",
        "name:zh": "中華電力有限公司西貢支站",
        "power": "substation"
      },
      "geometry": {
        "type": "Polygon",
        "coordinates": [
          [
            [
              114.2750795,
              22.3848832
            ],
            [
              114.2747499,
              22.3851335
            ],
            [
              114.2745596,
              22.3849196
            ],
            [
              114.2749764,
              22.3846024
            ],
            [
              114.2750829,
              22.3845214
            ],
            [
              114.2751858,
              22.3844429
            ],
            [
              114.2752063,
              22.3844879
            ],
            [
              114.27522,
              22.3845351
            ],
            [
              114.2752265,
              22.3845836
            ],
            [
              114.2752257,
              22.3846324
            ],
            [
              114.2752178,
              22.3846807
            ],
            [
              114.2752028,
              22.3847275
            ],
            [
              114.275181,
              22.3847719
            ],
            [
              114.2751528,
              22.3848132
            ],
            [
              114.2751187,
              22.3848506
            ],
            [
              114.2750795,
              22.3848832
            ]
          ]
        ]
      },
      "id": "way/169562772"
    },
    {
      "type": "Feature",
      "properties": {
        "@id": "way/174467662",
        "building": "yes",
        "power": "substation"
      },
      "geometry": {
        "type": "Polygon",
        "coordinates": [
          [
            [
              114.1237467,
              22.4115107
            ],
            [
              114.1237467,
              22.4114914
            ],
            [
              114.1237467,
              22.4114544
            ],
            [
              114.1238412,
              22.4114543
            ],
            [
              114.123841,
              22.4115106
            ],
            [
              114.1238317,
              22.4115106
            ],
            [
              114.1237967,
              22.4115106
            ],
            [
              114.1237467,
              22.4115107
            ]
          ]
        ]
      },
      "id": "way/174467662"
    },
    {
      "type": "Feature",
      "properties": {
        "@id": "way/174467663",
        "building": "yes",
        "power": "substation"
      },
      "geometry": {
        "type": "Polygon",
        "coordinates": [
          [
            [
              114.123595,
              22.4115112
            ],
            [
              114.1235952,
              22.4114849
            ],
            [
              114.1235954,
              22.4114541
            ],
            [
              114.1236151,
              22.4114541
            ],
            [
              114.123691,
              22.4114541
            ],
            [
              114.1236909,
              22.4114914
            ],
            [
              114.1236908,
              22.4115102
            ],
            [
              114.1236411,
              22.4115107
            ],
            [
              114.1236063,
              22.411511
            ],
            [
              114.123595,
              22.4115112
            ]
          ]
        ]
      },
      "id": "way/174467663"
    },
    {
      "type": "Feature",
      "properties": {
        "@id": "way/178593590",
        "building": "service",
        "building:levels": "8",
        "name": "上環分區電力站 Sheung Wan Zone Substation",
        "name:en": "Sheung Wan Zone Substation",
        "name:zh": "上環分區電力站",
        "name:zh-Hans": "上环分区电力站",
        "name:zh-Hant": "上環分區電力站",
        "operator": "香港電燈有限公司 The Hongkong Electric Company, Limited",
        "operator:en": "The Hongkong Electric Company, Limited",
        "operator:short": "港燈 HK Electric",
        "operator:short:en": "HK Electric",
        "operator:short:zh": "港燈",
        "operator:short:zh-Hans": "港灯",
        "operator:short:zh-Hant": "港燈",
        "operator:wikidata": "Q709104",
        "operator:zh": "香港電燈有限公司",
        "operator:zh-Hans": "香港电灯有限公司",
        "operator:zh-Hant": "香港電燈有限公司",
        "power": "substation",
        "service": "power",
        "substation": "distribution"
      },
      "geometry": {
        "type": "Polygon",
        "coordinates": [
          [
            [
              114.1487489,
              22.28944
            ],
            [
              114.1487424,
              22.2894176
            ],
            [
              114.1485929,
              22.2894545
            ],
            [
              114.1485998,
              22.2894784
            ],
            [
              114.148523,
              22.2894974
            ],
            [
              114.1484649,
              22.2892963
            ],
            [
              114.1487719,
              22.2892203
            ],
            [
              114.1488296,
              22.28942
            ],
            [
              114.1487489,
              22.28944
            ]
          ]
        ]
      },
      "id": "way/178593590"
    },
    {
      "type": "Feature",
      "properties": {
        "@id": "way/178641927",
        "addr:housenumber": "8",
        "addr:street": "田灣山道 Tin Wan Hill Road",
        "building": "yes",
        "name": "田灣電站 Tin Wan Station Building",
        "name:en": "Tin Wan Station Building",
        "name:zh": "田灣電站",
        "operator": "香港電燈有限公司 The Hongkong Electric Company, Limited",
        "operator:en": "The Hongkong Electric Company, Limited",
        "operator:short": "港燈 HK Electric",
        "operator:short:en": "HK Electric",
        "operator:short:zh": "港燈",
        "operator:short:zh-Hans": "港灯",
        "operator:short:zh-Hant": "港燈",
        "operator:wikidata": "Q709104",
        "operator:zh": "香港電燈有限公司",
        "operator:zh-Hans": "香港电灯有限公司",
        "operator:zh-Hant": "香港電燈有限公司",
        "power": "substation",
        "source": "Bing",
        "voltage": "275000"
      },
      "geometry": {
        "type": "Polygon",
        "coordinates": [
          [
            [
              114.148316,
              22.2510451
            ],
            [
              114.1482511,
              22.2509723
            ],
            [
              114.1482321,
              22.2509868
            ],
            [
              114.1481609,
              22.250907
            ],
            [
              114.1481465,
              22.250918
            ],
            [
              114.1480722,
              22.2508347
            ],
            [
              114.1480816,
              22.2508274
            ],
            [
              114.1480126,
              22.2507501
            ],
            [
              114.1480303,
              22.2507366
            ],
            [
              114.1479644,
              22.2506628
            ],
            [
              114.1480391,
              22.2506056
            ],
            [
              114.1480258,
              22.2505907
            ],
            [
              114.1481004,
              22.2505337
            ],
            [
              114.1481168,
              22.2505521
            ],
            [
              114.1481856,
              22.2504995
            ],
            [
              114.1485326,
              22.2508884
            ],
            [
              114.1484669,
              22.2509386
            ],
            [
              114.1484797,
              22.250953
            ],
            [
              114.1483977,
              22.2510156
            ],
            [
              114.1483803,
              22.250996
            ],
            [
              114.148316,
              22.2510451
            ]
          ]
        ]
      },
      "id": "way/178641927"
    },
    {
      "type": "Feature",
      "properties": {
        "@id": "way/182180804",
        "addr:street": "承啟道 Shing Kai Road",
        "addr:street:en": "Shing Kai Road",
        "addr:street:wikidata": "Q56272166",
        "addr:street:zh": "承啟道",
        "barrier": "wall",
        "frequency": "50",
        "name": "啓東道變電站 Eastern Road Substation",
        "name:en": "Eastern Road Substation",
        "name:zh": "啓東道變電站",
        "operator": "中華電力 CLP",
        "operator:en": "CLP",
        "operator:type": "private",
        "operator:wikidata": "Q977959",
        "operator:zh": "中華電力",
        "operator:zh-Hans": "中华电力",
        "operator:zh-Hant": "中華電力",
        "ownership": "private",
        "power": "substation",
        "substation": "distribution",
        "voltage": "132000",
        "voltage:primary": "132000"
      },
      "geometry": {
        "type": "Polygon",
        "coordinates": [
          [
            [
              114.2041841,
              22.3344415
            ],
            [
              114.204144,
              22.3344569
            ],
            [
              114.204102,
              22.3344669
            ],
            [
              114.2040588,
              22.3344712
            ],
            [
              114.2040154,
              22.3344696
            ],
            [
              114.2039728,
              22.3344623
            ],
            [
              114.2039316,
              22.3344495
            ],
            [
              114.2038848,
              22.3344272
            ],
            [
              114.2038364,
              22.3344081
            ],
            [
              114.2037866,
              22.3343923
            ],
            [
              114.2037184,
              22.3343673
            ],
            [
              114.2036527,
              22.334337
            ],
            [
              114.2035967,
              22.3343054
            ],
            [
              114.2035901,
              22.3343016
            ],
            [
              114.203531,
              22.3342613
            ],
            [
              114.2034758,
              22.3342165
            ],
            [
              114.2033407,
              22.3340851
            ],
            [
              114.2035439,
              22.3340755
            ],
            [
              114.2036816,
              22.3340691
            ],
            [
              114.2042766,
              22.3340412
            ],
            [
              114.2043774,
              22.3340365
            ],
            [
              114.2044996,
              22.3340306
            ],
            [
              114.2044723,
              22.3340993
            ],
            [
              114.2044386,
              22.3341654
            ],
            [
              114.2043987,
              22.3342285
            ],
            [
              114.2043885,
              22.3342418
            ],
            [
              114.2043529,
              22.3342882
            ],
            [
              114.2043016,
              22.3343438
            ],
            [
              114.2042452,
              22.3343951
            ],
            [
              114.2041841,
              22.3344415
            ]
          ]
        ]
      },
      "id": "way/182180804"
    },
    {
      "type": "Feature",
      "properties": {
        "@id": "way/184157158",
        "building": "school",
        "name": "聖公會基樂小學變電站 SKH Kei Lok Primary School Substation",
        "name:en": "SKH Kei Lok Primary School Substation",
        "name:zh": "聖公會基樂小學變電站",
        "power": "substation",
        "substation": "minor_distribution"
      },
      "geometry": {
        "type": "Polygon",
        "coordinates": [
          [
            [
              114.2065536,
              22.3283463
            ],
            [
              114.2065607,
              22.3282728
            ],
            [
              114.2067216,
              22.3282869
            ],
            [
              114.2067144,
              22.3283596
            ],
            [
              114.2065536,
              22.3283463
            ]
          ]
        ]
      },
      "id": "way/184157158"
    },
    {
      "type": "Feature",
      "properties": {
        "@id": "way/184430875",
        "addr:housename": "紅磡灣變電站 Hung Hom Bay Substation",
        "addr:housename:en": "Hung Hom Bay Substation",
        "addr:housename:zh": "紅磡灣變電站",
        "brand": "中電 CLP Power",
        "brand:en": "CLP",
        "brand:wikidata": "Q977959",
        "brand:zh": "中電",
        "landuse": "industrial",
        "name": "紅磡灣變電站 Hung Hom Bay Substation",
        "name:en": "Hung Hom Bay Substation",
        "name:zh": "紅磡灣變電站",
        "name:zh-Hans": "红磡湾变电站",
        "name:zh-Hant": "紅磡灣變電站",
        "operation": "private",
        "operator": "中華電力 CLP Power Hong Kong",
        "operator:en": "CLP Power Hong Kong",
        "operator:official_name": "中華電力有限公司 CLP Power Hong Kong Limited",
        "operator:official_name:en": "CLP Power Hong Kong Limited",
        "operator:official_name:zh": "中華電力有限公司",
        "operator:ref": "CLP",
        "operator:short": "中電 CLP Power",
        "operator:short:en": "CLP Power",
        "operator:short:zh": "中電",
        "operator:short_name": "中電 CLP Power",
        "operator:short_name:en": "CLP Power",
        "operator:short_name:zh": "中電",
        "operator:type": "private",
        "operator:wikidata": "Q977959",
        "operator:zh": "中華電力",
        "owner": "中華電力 CLP Power Hong Kong",
        "owner:en": "CLP Power Hong Kong",
        "owner:official_name": "中華電力有限公司 CLP Power Hong Kong Limited",
        "owner:official_name:en": "CLP Power Hong Kong Limited",
        "owner:official_name:zh": "中華電力有限公司",
        "owner:ref": "CLP",
        "owner:short_name": "中電 CLP Power",
        "owner:short_name:en": "CLP Power",
        "owner:short_name:zh": "中電",
        "owner:wikidata": "Q977959",
        "owner:zh": "中華電力",
        "ownership": "private",
        "power": "substation",
        "substation": "distribution",
        "utility": "power"
      },
      "geometry": {
        "type": "Polygon",
        "coordinates": [
          [
            [
              114.183588,
              22.3056852
            ],
            [
              114.183535,
              22.3056309
            ],
            [
              114.1834017,
              22.3055089
            ],
            [
              114.1831648,
              22.3053069
            ],
            [
              114.1829673,
              22.3051375
            ],
            [
              114.1829689,
              22.3051038
            ],
            [
              114.183055,
              22.3050538
            ],
            [
              114.1831587,
              22.3050094
            ],
            [
              114.1832425,
              22.3049878
            ],
            [
              114.1833366,
              22.3049841
            ],
            [
              114.1834064,
              22.3049985
            ],
            [
              114.1834901,
              22.3050328
            ],
            [
              114.1835503,
              22.3050685
            ],
            [
              114.1836039,
              22.3051094
            ],
            [
              114.1836678,
              22.3051661
            ],
            [
              114.1838495,
              22.3054021
            ],
            [
              114.1838268,
              22.3054187
            ],
            [
              114.1838645,
              22.3054632
            ],
            [
              114.1838848,
              22.3054497
            ],
            [
              114.1838932,
              22.3054598
            ],
            [
              114.1837114,
              22.3055937
            ],
            [
              114.183588,
              22.3056852
            ]
          ]
        ]
      },
      "id": "way/184430875"
    },
    {
      "type": "Feature",
      "properties": {
        "@id": "way/184798470",
        "building": "yes",
        "name": "堅尼地道分區電力站 Kennedy Road Zone Substation",
        "name:en": "Kennedy Road Zone Substation",
        "name:zh": "堅尼地道分區電力站",
        "operator": "香港電燈有限公司 The Hongkong Electric Company, Limited",
        "operator:en": "The Hongkong Electric Company, Limited",
        "operator:short": "港燈 HK Electric",
        "operator:short:en": "HK Electric",
        "operator:short:zh": "港燈",
        "operator:short:zh-Hans": "港灯",
        "operator:short:zh-Hant": "港燈",
        "operator:wikidata": "Q709104",
        "operator:zh": "香港電燈有限公司",
        "operator:zh-Hans": "香港电灯有限公司",
        "operator:zh-Hant": "香港電燈有限公司",
        "power": "substation"
      },
      "geometry": {
        "type": "Polygon",
        "coordinates": [
          [
            [
              114.165498,
              22.2738754
            ],
            [
              114.1656018,
              22.2734432
            ],
            [
              114.165933,
              22.2735113
            ],
            [
              114.1658292,
              22.2739435
            ],
            [
              114.165498,
              22.2738754
            ]
          ]
        ]
      },
      "id": "way/184798470"
    },
    {
      "type": "Feature",
      "properties": {
        "@id": "way/189410348",
        "addr:housenumber": "46",
        "addr:street": "普益街 Po Yick Street",
        "name": "廣福道變電站 Kwong Fuk Road Substation",
        "name:en": "Kwong Fuk Road Substation",
        "name:zh": "廣福道變電站",
        "power": "substation"
      },
      "geometry": {
        "type": "Polygon",
        "coordinates": [
          [
            [
              114.1663748,
              22.4493522
            ],
            [
              114.1662468,
              22.4491074
            ],
            [
              114.1663822,
              22.449047
            ],
            [
              114.1665264,
              22.4493154
            ],
            [
              114.1663949,
              22.4493473
            ],
            [
              114.1663748,
              22.4493522
            ]
          ]
        ]
      },
      "id": "way/189410348"
    },
    {
      "type": "Feature",
      "properties": {
        "@id": "way/191231577",
        "addr:housenumber": "61",
        "addr:street": "Tai Yip Street",
        "name": "大業街變電站 Tai Yip Street Substation",
        "name:en": "Tai Yip Street Substation",
        "name:zh": "大業街變電站",
        "power": "substation"
      },
      "geometry": {
        "type": "Polygon",
        "coordinates": [
          [
            [
              114.2130661,
              22.3199662
            ],
            [
              114.2128618,
              22.319949
            ],
            [
              114.2128903,
              22.3196627
            ],
            [
              114.212894,
              22.3196291
            ],
            [
              114.2132102,
              22.3196475
            ],
            [
              114.2130661,
              22.3199662
            ]
          ]
        ]
      },
      "id": "way/191231577"
    },
    {
      "type": "Feature",
      "properties": {
        "@id": "way/192899251",
        "addr:housenumber": "95-97",
        "addr:street": "薄扶林道 Pok Fu Lam Road",
        "addr:street:en": "Pok Fu Lam Road",
        "addr:street:wikidata": "Q863292",
        "addr:street:zh": "薄扶林道",
        "addr:suburb": "堅尼地城 Kennedy Town",
        "addr:suburb:en": "Kennedy Town",
        "addr:suburb:zh": "堅尼地城",
        "dormitory": "power",
        "name": "薄扶林分區電力站 Pok Fu Lam Zone Substation",
        "name:en": "Pok Fu Lam Zone Substation",
        "name:zh": "薄扶林分區電力站",
        "operator": "香港電燈有限公司 The Hongkong Electric Company, Limited",
        "operator:en": "The Hongkong Electric Company, Limited",
        "operator:short": "港燈 HK Electric",
        "operator:short:en": "HK Electric",
        "operator:short:zh": "港燈",
        "operator:short:zh-Hans": "港灯",
        "operator:short:zh-Hant": "港燈",
        "operator:wikidata": "Q709104",
        "operator:zh": "香港電燈有限公司",
        "operator:zh-Hans": "香港电灯有限公司",
        "operator:zh-Hant": "香港電燈有限公司",
        "ownership": "private",
        "power": "substation",
        "residential": "dormitory",
        "substation": "distribution"
      },
      "geometry": {
        "type": "Polygon",
        "coordinates": [
          [
            [
              114.1322344,
              22.2835643
            ],
            [
              114.1321653,
              22.2833499
            ],
            [
              114.1323036,
              22.2833072
            ],
            [
              114.1322329,
              22.2830428
            ],
            [
              114.1324691,
              22.2829651
            ],
            [
              114.132485,
              22.2829597
            ],
            [
              114.1326072,
              22.2832355
            ],
            [
              114.1326406,
              22.2833109
            ],
            [
              114.1327235,
              22.2833912
            ],
            [
              114.132657,
              22.2834413
            ],
            [
              114.1322344,
              22.2835643
            ]
          ]
        ]
      },
      "id": "way/192899251"
    },
    {
      "type": "Feature",
      "properties": {
        "@id": "way/197664894",
        "name": "牛池灣變電站 Ngau Chi Wan Substation",
        "name:en": "Ngau Chi Wan Substation",
        "name:zh": "牛池灣變電站",
        "operator": "中華電力有限公司 CLP Power Hong Kong Limited",
        "operator:en": "CLP Power Hong Kong Limited",
        "operator:short": "中華電力 CLP",
        "operator:short:en": "CLP",
        "operator:short:zh": "中華電力",
        "operator:short:zh-Hans": "中华电力",
        "operator:short:zh-Hant": "中華電力",
        "operator:wikidata": "Q977959",
        "operator:zh": "中華電力有限公司",
        "operator:zh-Hans": "中华电力有限公司",
        "operator:zh-Hant": "中華電力有限公司",
        "power": "substation"
      },
      "geometry": {
        "type": "Polygon",
        "coordinates": [
          [
            [
              114.2119998,
              22.3335013
            ],
            [
              114.2121608,
              22.3336502
            ],
            [
              114.2119301,
              22.3338784
            ],
            [
              114.2116699,
              22.3338338
            ],
            [
              114.2117128,
              22.3337891
            ],
            [
              114.2119998,
              22.3335013
            ]
          ]
        ]
      },
      "id": "way/197664894"
    },
    {
      "type": "Feature",
      "properties": {
        "@id": "way/203136692",
        "building:levels": "1",
        "name": "四陂坊變電站 Sze Pei Square Substation",
        "name:en": "Sze Pei Square Substation",
        "name:zh": "四陂坊變電站",
        "operator": "中華電力有限公司 CLP Power Hong Kong Limited",
        "operator:en": "CLP Power Hong Kong Limited",
        "operator:short": "中華電力 CLP",
        "operator:short:en": "CLP",
        "operator:short:zh": "中華電力",
        "operator:short:zh-Hans": "中华电力",
        "operator:short:zh-Hant": "中華電力",
        "operator:wikidata": "Q977959",
        "operator:wikipedia": "zh:中華電力",
        "operator:zh": "中華電力有限公司",
        "operator:zh-Hans": "中华电力有限公司",
        "operator:zh-Hant": "中華電力有限公司",
        "power": "substation",
        "substation": "substation"
      },
      "geometry": {
        "type": "Polygon",
        "coordinates": [
          [
            [
              114.1174004,
              22.3698119
            ],
            [
              114.1173416,
              22.3697183
            ],
            [
              114.1173921,
              22.3696912
            ],
            [
              114.1174312,
              22.3697535
            ],
            [
              114.1174509,
              22.3697848
            ],
            [
              114.1174276,
              22.3697973
            ],
            [
              114.1174176,
              22.3698027
            ],
            [
              114.1174004,
              22.3698119
            ]
          ]
        ]
      },
      "id": "way/203136692"
    },
    {
      "type": "Feature",
      "properties": {
        "@id": "way/203136695",
        "addr:housenumber": "34",
        "addr:street": "Tak Wah Street",
        "building": "yes",
        "building:levels": "6",
        "name": "德華街變電站 Tak Wah Street Substation",
        "name:en": "Tak Wah Street Substation",
        "name:zh": "德華街變電站",
        "operator": "中華電力有限公司 CLP Power Hong Kong Limited",
        "operator:en": "CLP Power Hong Kong Limited",
        "operator:short": "中華電力 CLP",
        "operator:short:en": "CLP",
        "operator:short:zh": "中華電力",
        "operator:short:zh-Hans": "中华电力",
        "operator:short:zh-Hant": "中華電力",
        "operator:wikidata": "Q977959",
        "operator:zh": "中華電力有限公司",
        "operator:zh-Hans": "中华电力有限公司",
        "operator:zh-Hant": "中華電力有限公司",
        "power": "substation"
      },
      "geometry": {
        "type": "Polygon",
        "coordinates": [
          [
            [
              114.1187645,
              22.3691406
            ],
            [
              114.118707,
              22.3690523
            ],
            [
              114.1187395,
              22.3690343
            ],
            [
              114.1188199,
              22.3689895
            ],
            [
              114.1188775,
              22.3690779
            ],
            [
              114.1187645,
              22.3691406
            ]
          ]
        ]
      },
      "id": "way/203136695"
    },
    {
      "type": "Feature",
      "properties": {
        "@id": "way/205651321",
        "name": "將軍澳市中心變電站 Tseung Kwan O Town Centre Substation",
        "name:en": "Tseung Kwan O Town Centre Substation",
        "name:zh": "將軍澳市中心變電站",
        "operator": "中華電力有限公司 CLP Power Hong Kong Limited",
        "operator:en": "CLP Power Hong Kong Limited",
        "operator:short": "中華電力 CLP",
        "operator:short:en": "CLP",
        "operator:short:zh": "中華電力",
        "operator:short:zh-Hans": "中华电力",
        "operator:short:zh-Hant": "中華電力",
        "operator:wikidata": "Q977959",
        "operator:zh": "中華電力有限公司",
        "operator:zh-Hans": "中华电力有限公司",
        "operator:zh-Hant": "中華電力有限公司",
        "power": "substation",
        "substation": "substation"
      },
      "geometry": {
        "type": "Polygon",
        "coordinates": [
          [
            [
              114.2576542,
              22.3098428
            ],
            [
              114.2578016,
              22.3094358
            ],
            [
              114.2578848,
              22.3093837
            ],
            [
              114.2580565,
              22.3094408
            ],
            [
              114.2578767,
              22.3099172
            ],
            [
              114.2576542,
              22.3098428
            ]
          ]
        ]
      },
      "id": "way/205651321"
    },
    {
      "type": "Feature",
      "properties": {
        "@id": "way/205993957",
        "name": "牙鷹洲街變電站 Nga Ying Chau Street Substation",
        "name:en": "Nga Ying Chau Street Substation",
        "name:zh": "牙鷹洲街變電站",
        "power": "substation"
      },
      "geometry": {
        "type": "Polygon",
        "coordinates": [
          [
            [
              114.1050077,
              22.3614128
            ],
            [
              114.1052145,
              22.3613993
            ],
            [
              114.1052338,
              22.3616331
            ],
            [
              114.1052213,
              22.3616674
            ],
            [
              114.1052054,
              22.361711
            ],
            [
              114.1051851,
              22.361767
            ],
            [
              114.1051654,
              22.361821
            ],
            [
              114.1051413,
              22.3618873
            ],
            [
              114.1050922,
              22.3618877
            ],
            [
              114.1049983,
              22.3618879
            ],
            [
              114.1049916,
              22.3614314
            ],
            [
              114.1050077,
              22.3614128
            ]
          ]
        ]
      },
      "id": "way/205993957"
    },
    {
      "type": "Feature",
      "properties": {
        "@id": "way/206002656",
        "landuse": "industrial",
        "name": "荃灣會堂泵房變電站 Tsuen Wan Town Hall P/S Substation",
        "name:en": "Tsuen Wan Town Hall P/S Substation",
        "name:zh": "荃灣會堂泵房變電站",
        "power": "substation",
        "substation": "minor_distribution",
        "utility": "power"
      },
      "geometry": {
        "type": "Polygon",
        "coordinates": [
          [
            [
              114.1091783,
              22.3677554
            ],
            [
              114.1091872,
              22.3677517
            ],
            [
              114.1091829,
              22.3677441
            ],
            [
              114.1092487,
              22.3677161
            ],
            [
              114.1092517,
              22.3677214
            ],
            [
              114.1092617,
              22.367717
            ],
            [
              114.1092594,
              22.3677116
            ],
            [
              114.1092728,
              22.3677059
            ],
            [
              114.1094308,
              22.3676388
            ],
            [
              114.1094452,
              22.367669
            ],
            [
              114.109471,
              22.3677229
            ],
            [
              114.1094604,
              22.3677271
            ],
            [
              114.1094645,
              22.3677361
            ],
            [
              114.1093224,
              22.3677954
            ],
            [
              114.1093376,
              22.3678252
            ],
            [
              114.1092434,
              22.3678646
            ],
            [
              114.109239,
              22.3678563
            ],
            [
              114.1092307,
              22.3678598
            ],
            [
              114.1092271,
              22.3678523
            ],
            [
              114.1092026,
              22.3678025
            ],
            [
              114.1091783,
              22.3677554
            ]
          ]
        ]
      },
      "id": "way/206002656"
    },
    {
      "type": "Feature",
      "properties": {
        "@id": "way/206313956",
        "name": "翠嶺路變電站 Chui Ling Road Substation",
        "name:en": "Chui Ling Road Substation",
        "name:zh": "翠嶺路變電站",
        "name:zh-Hans": "翠岭路变电站",
        "name:zh-Hant": "翠嶺路變電站",
        "operator": "中華電力有限公司 CLP Power Hong Kong Limited",
        "operator:en": "CLP Power Hong Kong Limited",
        "operator:short": "中華電力 CLP",
        "operator:short:en": "CLP",
        "operator:short:zh": "中華電力",
        "operator:short:zh-Hans": "中华电力",
        "operator:short:zh-Hant": "中華電力",
        "operator:wikidata": "Q977959",
        "operator:zh": "中華電力有限公司",
        "operator:zh-Hans": "中华电力有限公司",
        "operator:zh-Hant": "中華電力有限公司",
        "power": "substation"
      },
      "geometry": {
        "type": "Polygon",
        "coordinates": [
          [
            [
              114.2540774,
              22.3047816
            ],
            [
              114.2542654,
              22.3043075
            ],
            [
              114.254488,
              22.3043011
            ],
            [
              114.2546711,
              22.304373
            ],
            [
              114.2546165,
              22.3044317
            ],
            [
              114.2545826,
              22.3044887
            ],
            [
              114.2544004,
              22.3049374
            ],
            [
              114.2542753,
              22.3048946
            ],
            [
              114.2540774,
              22.3047816
            ]
          ]
        ]
      },
      "id": "way/206313956"
    },
    {
      "type": "Feature",
      "properties": {
        "@id": "way/207555910",
        "area": "yes",
        "name": "康樂園變電站 Hong Lok Yuen Substation",
        "name:en": "Hong Lok Yuen Substation",
        "name:zh": "康樂園變電站",
        "power": "substation"
      },
      "geometry": {
        "type": "Polygon",
        "coordinates": [
          [
            [
              114.1536694,
              22.4636816
            ],
            [
              114.1534865,
              22.463517
            ],
            [
              114.1536247,
              22.4633794
            ],
            [
              114.1538125,
              22.463543
            ],
            [
              114.1536694,
              22.4636816
            ]
          ]
        ]
      },
      "id": "way/207555910"
    },
    {
      "type": "Feature",
      "properties": {
        "@id": "way/209629039",
        "addr:housenumber": "5",
        "addr:street": "Wu Hong Street",
        "name": "白角變電站 Pak Kok Substation",
        "name:en": "Pak Kok Substation",
        "name:zh": "白角變電站",
        "name:zh-Hans": "白角变电站",
        "name:zh-Hant": "白角變電站",
        "operator": "中華電力有限公司 CLP Power Hong Kong Limited",
        "operator:en": "CLP Power Hong Kong Limited",
        "operator:short": "中華電力 CLP",
        "operator:short:en": "CLP",
        "operator:short:zh": "中華電力",
        "operator:short:zh-Hans": "中华电力",
        "operator:short:zh-Hant": "中華電力",
        "operator:wikidata": "Q977959",
        "operator:zh": "中華電力有限公司",
        "operator:zh-Hans": "中华电力有限公司",
        "operator:zh-Hant": "中華電力有限公司",
        "power": "substation"
      },
      "geometry": {
        "type": "Polygon",
        "coordinates": [
          [
            [
              113.9673269,
              22.3760972
            ],
            [
              113.9677828,
              22.3763182
            ],
            [
              113.967654,
              22.3765452
            ],
            [
              113.9676245,
              22.37658
            ],
            [
              113.9675816,
              22.3766023
            ],
            [
              113.9673775,
              22.3766665
            ],
            [
              113.9672836,
              22.3763738
            ],
            [
              113.9672829,
              22.3763693
            ],
            [
              113.9672734,
              22.3763041
            ],
            [
              113.9672726,
              22.37625
            ],
            [
              113.9672815,
              22.3761965
            ],
            [
              113.9672998,
              22.3761452
            ],
            [
              113.9673269,
              22.3760972
            ]
          ]
        ]
      },
      "id": "way/209629039"
    },
    {
      "type": "Feature",
      "properties": {
        "@id": "way/210221542",
        "addr:housename": "海濱道變電站 Hoi Bun Road Substation",
        "addr:housename:en": "Hoi Bun Road Substation",
        "addr:housename:zh": "海濱道變電站",
        "addr:housenumber": "132",
        "addr:street": "海濱道 Hoi Bun Road",
        "addr:street:en": "Hoi Bun Road",
        "addr:street:zh": "海濱道",
        "name": "海濱道變電站 Hoi Bun Road Substation",
        "name:en": "Hoi Bun Road Substation",
        "name:zh": "海濱道變電站",
        "power": "substation",
        "substation": "distribution",
        "utility": "power"
      },
      "geometry": {
        "type": "Polygon",
        "coordinates": [
          [
            [
              114.21509,
              22.3154363
            ],
            [
              114.2148303,
              22.3151904
            ],
            [
              114.214827,
              22.3151873
            ],
            [
              114.214807,
              22.3151684
            ],
            [
              114.2149445,
              22.3150442
            ],
            [
              114.2149732,
              22.3150169
            ],
            [
              114.2151067,
              22.3151437
            ],
            [
              114.2152566,
              22.3152861
            ],
            [
              114.21509,
              22.3154363
            ]
          ]
        ]
      },
      "id": "way/210221542"
    },
    {
      "type": "Feature",
      "properties": {
        "@id": "way/211864076",
        "building": "industrial",
        "name": "康樂園B變電站 Hong Lok Yuen B Substation",
        "name:en": "Hong Lok Yuen B Substation",
        "name:zh": "康樂園B變電站",
        "power": "substation"
      },
      "geometry": {
        "type": "Polygon",
        "coordinates": [
          [
            [
              114.1541177,
              22.461203
            ],
            [
              114.1541184,
              22.4611707
            ],
            [
              114.1541683,
              22.4611704
            ],
            [
              114.1541674,
              22.4612032
            ],
            [
              114.1541177,
              22.461203
            ]
          ]
        ]
      },
      "id": "way/211864076"
    },
    {
      "type": "Feature",
      "properties": {
        "@id": "way/215650542",
        "building": "yes",
        "building:colour": "#EEDDFF",
        "building:material": "concrete",
        "height": "6 m",
        "name": "整流變壓器房 Rectifier Transformer Room",
        "name:en": "Rectifier Transformer Room",
        "name:zh": "整流變壓器房",
        "power": "substation",
        "roof:material": "asphalt"
      },
      "geometry": {
        "type": "Polygon",
        "coordinates": [
          [
            [
              114.157245,
              22.3342536
            ],
            [
              114.1573866,
              22.3341441
            ],
            [
              114.1575015,
              22.3342712
            ],
            [
              114.1573599,
              22.3343808
            ],
            [
              114.157245,
              22.3342536
            ]
          ]
        ]
      },
      "id": "way/215650542"
    },
    {
      "type": "Feature",
      "properties": {
        "@id": "way/215650544",
        "building": "yes",
        "name": "麗閣商場變電站 Lai Kok Shopping Centre Substation",
        "name:en": "Lai Kok Shopping Centre Substation",
        "name:zh": "麗閣商場變電站",
        "power": "substation"
      },
      "geometry": {
        "type": "Polygon",
        "coordinates": [
          [
            [
              114.1575007,
              22.3340643
            ],
            [
              114.1575797,
              22.3340018
            ],
            [
              114.157679,
              22.3341091
            ],
            [
              114.1576,
              22.3341716
            ],
            [
              114.1575007,
              22.3340643
            ]
          ]
        ]
      },
      "id": "way/215650544"
    },
    {
      "type": "Feature",
      "properties": {
        "@id": "way/217283060",
        "barrier": "wall",
        "name": "深旺道變電站 Sham Mong Road Substation",
        "name:en": "Sham Mong Road Substation",
        "name:zh": "深旺道變電站",
        "operator": "中華電力有限公司 CLP Power Hong Kong Limited",
        "operator:en": "CLP Power Hong Kong Limited",
        "operator:short": "中華電力 CLP",
        "operator:short:en": "CLP",
        "operator:short:zh": "中華電力",
        "operator:short:zh-Hans": "中华电力",
        "operator:short:zh-Hant": "中華電力",
        "operator:wikidata": "Q977959",
        "operator:wikipedia": "zh:中華電力",
        "operator:zh": "中華電力有限公司",
        "operator:zh-Hans": "中华电力有限公司",
        "operator:zh-Hant": "中華電力有限公司",
        "power": "substation",
        "substation": "distribution"
      },
      "geometry": {
        "type": "Polygon",
        "coordinates": [
          [
            [
              114.1460872,
              22.3340154
            ],
            [
              114.1462061,
              22.3341047
            ],
            [
              114.1462037,
              22.3341722
            ],
            [
              114.1462141,
              22.3342312
            ],
            [
              114.1462517,
              22.3342908
            ],
            [
              114.1462759,
              22.3343098
            ],
            [
              114.1463219,
              22.3343458
            ],
            [
              114.146287,
              22.3346885
            ],
            [
              114.1462193,
              22.3346989
            ],
            [
              114.1461134,
              22.3347252
            ],
            [
              114.1459942,
              22.3347433
            ],
            [
              114.1460585,
              22.3341319
            ],
            [
              114.1460662,
              22.3340727
            ],
            [
              114.1460872,
              22.3340154
            ]
          ]
        ]
      },
      "id": "way/217283060"
    },
    {
      "type": "Feature",
      "properties": {
        "@id": "way/217730479",
        "building": "yes",
        "location": "indoor",
        "power": "substation"
      },
      "geometry": {
        "type": "Polygon",
        "coordinates": [
          [
            [
              114.1172198,
              22.3545534
            ],
            [
              114.1171811,
              22.3544305
            ],
            [
              114.117279,
              22.3544042
            ],
            [
              114.1173176,
              22.3545271
            ],
            [
              114.1172198,
              22.3545534
            ]
          ]
        ]
      },
      "id": "way/217730479"
    },
    {
      "type": "Feature",
      "properties": {
        "@id": "way/219065134",
        "addr:housenumber": "21",
        "addr:street": "醫院道 Hospital Road",
        "building": "yes",
        "building:levels": "8",
        "name": "西營盤分區電力站 (西座) Sai Ying Pun Zone Substation (West Block)",
        "name:en": "Sai Ying Pun Zone Substation (West Block)",
        "name:zh": "西營盤分區電力站 (西座)",
        "operator": "香港電燈有限公司 The Hongkong Electric Company, Limited",
        "operator:en": "The Hongkong Electric Company, Limited",
        "operator:short": "港燈 HK Electric",
        "operator:short:en": "HK Electric",
        "operator:short:zh": "港燈",
        "operator:short:zh-Hans": "港灯",
        "operator:short:zh-Hant": "港燈",
        "operator:wikidata": "Q709104",
        "operator:zh": "香港電燈有限公司",
        "operator:zh-Hans": "香港电灯有限公司",
        "operator:zh-Hant": "香港電燈有限公司",
        "power": "substation"
      },
      "geometry": {
        "type": "Polygon",
        "coordinates": [
          [
            [
              114.1453857,
              22.2858382
            ],
            [
              114.1453862,
              22.2856597
            ],
            [
              114.1455284,
              22.2856522
            ],
            [
              114.1455284,
              22.2856742
            ],
            [
              114.1455981,
              22.2856767
            ],
            [
              114.1456062,
              22.2857813
            ],
            [
              114.1454479,
              22.2858557
            ],
            [
              114.1453857,
              22.2858382
            ]
          ]
        ]
      },
      "id": "way/219065134"
    },
    {
      "type": "Feature",
      "properties": {
        "@id": "way/219065135",
        "addr:housenumber": "9",
        "addr:street": "醫院道 Hospital Road",
        "building": "yes",
        "building:levels": "10",
        "name": "西營盤分區電力站 (東座) Sai Ying Pun Zone Substation (East Block)",
        "name:en": "Sai Ying Pun Zone Substation (East Block)",
        "name:zh": "西營盤分區電力站 (東座)",
        "operator": "香港電燈有限公司 The Hongkong Electric Company, Limited",
        "operator:en": "The Hongkong Electric Company, Limited",
        "operator:short": "港燈 HK Electric",
        "operator:short:en": "HK Electric",
        "operator:short:zh": "港燈",
        "operator:short:zh-Hans": "港灯",
        "operator:short:zh-Hant": "港燈",
        "operator:wikidata": "Q709104",
        "operator:zh": "香港電燈有限公司",
        "operator:zh-Hans": "香港电灯有限公司",
        "operator:zh-Hant": "香港電燈有限公司",
        "power": "substation"
      },
      "geometry": {
        "type": "Polygon",
        "coordinates": [
          [
            [
              114.1457359,
              22.28556
            ],
            [
              114.1457396,
              22.2854925
            ],
            [
              114.1458636,
              22.2853405
            ],
            [
              114.1459492,
              22.2854003
            ],
            [
              114.1457888,
              22.2855969
            ],
            [
              114.1457359,
              22.28556
            ]
          ]
        ]
      },
      "id": "way/219065135"
    },
    {
      "type": "Feature",
      "properties": {
        "@id": "way/219614366",
        "addr:housenumber": "199",
        "addr:street": "Wai Yip Street",
        "name": "偉業街變電站 Wai Yip Street Substation",
        "name:en": "Wai Yip Street Substation",
        "name:zh": "偉業街變電站",
        "operator": "中華電力有限公司 CLP Power Hong Kong Limited",
        "operator:en": "CLP Power Hong Kong Limited",
        "operator:short": "中華電力 CLP",
        "operator:short:en": "CLP",
        "operator:short:zh": "中華電力",
        "operator:short:zh-Hans": "中华电力",
        "operator:short:zh-Hant": "中華電力",
        "operator:wikidata": "Q977959",
        "operator:zh": "中華電力有限公司",
        "operator:zh-Hans": "中华电力有限公司",
        "operator:zh-Hant": "中華電力有限公司",
        "power": "substation"
      },
      "geometry": {
        "type": "Polygon",
        "coordinates": [
          [
            [
              114.2214069,
              22.3102952
            ],
            [
              114.221319,
              22.3102304
            ],
            [
              114.2213193,
              22.3101171
            ],
            [
              114.2213892,
              22.3100356
            ],
            [
              114.2215365,
              22.3101443
            ],
            [
              114.2215119,
              22.3101734
            ],
            [
              114.2214069,
              22.3102952
            ]
          ]
        ]
      },
      "id": "way/219614366"
    },
    {
      "type": "Feature",
      "properties": {
        "@id": "way/219916777",
        "addr": "housename",
        "addr:housename": "大興變電站 Tai Hing Substation",
        "addr:housename:en": "Tai Hing Substation",
        "addr:housename:zh": "大興變電站",
        "addr:housenumber": "8",
        "addr:street": "石排頭路 Shek Pai Tau Road",
        "addr:street:en": "Shek Pai Tau Road",
        "addr:street:zh": "石排頭路",
        "addr:town": "屯門 Tuen Mun",
        "addr:town:en": "Tuen Mun",
        "addr:town:zh": "屯門",
        "brand": "中電 CLP",
        "brand:en": "CLP",
        "brand:wikidata": "Q977959",
        "brand:zh": "中電",
        "landuse": "industrial",
        "name": "大興變電站 Tai Hing Substation",
        "name:en": "Tai Hing Substation",
        "name:zh": "大興變電站",
        "operation": "for_profit",
        "operator": "中華電力 CLP Power Hong Kong",
        "operator:en": "CLP Power Hong Kong",
        "operator:official_name": "中華電力有限公司 CLP Power Hong Kong Limited",
        "operator:official_name:en": "CLP Power Hong Kong Limited",
        "operator:official_name:zh": "中華電力有限公司",
        "operator:ownership": "private",
        "operator:ref": "CLP",
        "operator:short": "中電 CLP Power",
        "operator:short:en": "CLP Power",
        "operator:short:zh": "中電",
        "operator:short_name": "中電 CLP Power",
        "operator:short_name:en": "CLP Power",
        "operator:short_name:zh": "中電",
        "operator:type": "private",
        "operator:wikidata": "Q977959",
        "operator:zh": "中華電力",
        "owner": "中華電力 CLP Power Hong Kong",
        "owner:en": "CLP Power Hong Kong",
        "owner:official_name": "中華電力有限公司 CLP Power Hong Kong Limited",
        "owner:official_name:en": "CLP Power Hong Kong Limited",
        "owner:official_name:zh": "中華電力有限公司",
        "owner:ref": "CLP",
        "owner:short_name": "中電 CLP Power",
        "owner:short_name:en": "CLP Power",
        "owner:short_name:zh": "中電",
        "owner:wikidata": "Q977959",
        "owner:zh": "中華電力",
        "ownership": "private",
        "power": "substation",
        "substation": "distribution",
        "utility": "power"
      },
      "geometry": {
        "type": "Polygon",
        "coordinates": [
          [
            [
              113.9688873,
              22.4012449
            ],
            [
              113.968592,
              22.4012533
            ],
            [
              113.9685956,
              22.401177
            ],
            [
              113.9685998,
              22.4010894
            ],
            [
              113.9686009,
              22.4010665
            ],
            [
              113.9686054,
              22.4009727
            ],
            [
              113.968696,
              22.4009656
            ],
            [
              113.9687869,
              22.4009618
            ],
            [
              113.9688779,
              22.4009611
            ],
            [
              113.9688873,
              22.4012449
            ]
          ]
        ]
      },
      "id": "way/219916777"
    },
    {
      "type": "Feature",
      "properties": {
        "@id": "way/220296896",
        "building": "yes",
        "name": "欣澳污水泵房變電站 Sunny Bay Sewage Pumping Station Substation",
        "name:en": "Sunny Bay Sewage Pumping Station Substation",
        "name:zh": "欣澳污水泵房變電站",
        "power": "substation"
      },
      "geometry": {
        "type": "Polygon",
        "coordinates": [
          [
            [
              114.0292025,
              22.3330653
            ],
            [
              114.0291323,
              22.3330031
            ],
            [
              114.0291945,
              22.3329431
            ],
            [
              114.0292646,
              22.3330053
            ],
            [
              114.0292025,
              22.3330653
            ]
          ]
        ]
      },
      "id": "way/220296896"
    },
    {
      "type": "Feature",
      "properties": {
        "@id": "way/220296903",
        "building": "service",
        "name": "陰澳牽引配電站 Yam O Traction Substation",
        "name:en": "Yam O Traction Substation",
        "name:zh": "陰澳牽引配電站",
        "power": "substation",
        "ref": "YOT",
        "substation": "traction"
      },
      "geometry": {
        "type": "Polygon",
        "coordinates": [
          [
            [
              114.03047,
              22.3332184
            ],
            [
              114.0304185,
              22.3331741
            ],
            [
              114.0304454,
              22.3331473
            ],
            [
              114.0301467,
              22.3328905
            ],
            [
              114.0301221,
              22.3329151
            ],
            [
              114.0300417,
              22.332846
            ],
            [
              114.0301322,
              22.3327558
            ],
            [
              114.0301887,
              22.3328044
            ],
            [
              114.0302201,
              22.3327732
            ],
            [
              114.0303323,
              22.3328696
            ],
            [
              114.030302,
              22.3328998
            ],
            [
              114.0303346,
              22.3329279
            ],
            [
              114.03032,
              22.3329424
            ],
            [
              114.0303505,
              22.3329686
            ],
            [
              114.030365,
              22.3329542
            ],
            [
              114.0303998,
              22.3329842
            ],
            [
              114.03043,
              22.3329541
            ],
            [
              114.0305407,
              22.3330493
            ],
            [
              114.0305082,
              22.3330817
            ],
            [
              114.0305614,
              22.3331274
            ],
            [
              114.03047,
              22.3332184
            ]
          ]
        ]
      },
      "id": "way/220296903"
    },
    {
      "type": "Feature",
      "properties": {
        "@id": "way/223136848",
        "addr:housenumber": "42",
        "addr:street": "Hoi Wah Road",
        "name": "興安里變電站 Hing On Lane Substation",
        "name:en": "Hing On Lane Substation",
        "name:zh": "興安里變電站",
        "operator": "中華電力有限公司 CLP Power Hong Kong Limited",
        "operator:en": "CLP Power Hong Kong Limited",
        "operator:short": "中華電力 CLP",
        "operator:short:en": "CLP",
        "operator:short:zh": "中華電力",
        "operator:short:zh-Hans": "中华电力",
        "operator:short:zh-Hant": "中華電力",
        "operator:wikidata": "Q977959",
        "operator:zh": "中華電力有限公司",
        "operator:zh-Hans": "中华电力有限公司",
        "operator:zh-Hant": "中華電力有限公司",
        "power": "substation"
      },
      "geometry": {
        "type": "Polygon",
        "coordinates": [
          [
            [
              113.9706294,
              22.3801512
            ],
            [
              113.9707775,
              22.3798529
            ],
            [
              113.971091,
              22.3799852
            ],
            [
              113.970945,
              22.3802815
            ],
            [
              113.9706294,
              22.3801512
            ]
          ]
        ]
      },
      "id": "way/223136848"
    },
    {
      "type": "Feature",
      "properties": {
        "@id": "way/223412654",
        "addr:housenumber": "100",
        "addr:street": "Yip Wong Road",
        "name": "散石灣變電站 San Shek Wan Substation",
        "name:en": "San Shek Wan Substation",
        "name:zh": "散石灣變電站",
        "name:zh-Hans": "散石湾变电站",
        "name:zh-Hant": "散石灣變電站",
        "power": "substation"
      },
      "geometry": {
        "type": "Polygon",
        "coordinates": [
          [
            [
              113.967623,
              22.3859746
            ],
            [
              113.967721,
              22.3859425
            ],
            [
              113.9677968,
              22.3859233
            ],
            [
              113.9678504,
              22.385918
            ],
            [
              113.9679042,
              22.3859189
            ],
            [
              113.9679576,
              22.3859262
            ],
            [
              113.9680139,
              22.3859412
            ],
            [
              113.9680675,
              22.3859631
            ],
            [
              113.9681173,
              22.3859917
            ],
            [
              113.9681624,
              22.3860264
            ],
            [
              113.9682018,
              22.3860665
            ],
            [
              113.9677616,
              22.3862855
            ],
            [
              113.9677309,
              22.3863007
            ],
            [
              113.9676453,
              22.3862514
            ],
            [
              113.9675719,
              22.3861245
            ],
            [
              113.9675607,
              22.3861011
            ],
            [
              113.9675559,
              22.3860758
            ],
            [
              113.9675579,
              22.3860502
            ],
            [
              113.9675663,
              22.3860264
            ],
            [
              113.9675805,
              22.3860051
            ],
            [
              113.9675997,
              22.3859875
            ],
            [
              113.967623,
              22.3859746
            ]
          ]
        ]
      },
      "id": "way/223412654"
    },
    {
      "type": "Feature",
      "properties": {
        "@id": "way/223857994",
        "addr:housenumber": "5-9",
        "addr:street": "Chai Wan Kok Street",
        "name": "中華電力有限公司荃灣運作中心 CLP Power HK Ltd Tsuen Wan Depot",
        "name:en": "CLP Power Hong Kong Limited Tsuen Wan Depot",
        "name:zh": "中華電力有限公司荃灣運作中心",
        "operator": "中華電力有限公司 CLP Power Hong Kong Limited",
        "operator:en": "CLP Power Hong Kong Limited",
        "operator:short": "中華電力 CLP",
        "operator:short:en": "CLP",
        "operator:short:zh": "中華電力",
        "operator:short:zh-Hans": "中华电力",
        "operator:short:zh-Hant": "中華電力",
        "operator:wikidata": "Q977959",
        "operator:zh": "中華電力有限公司",
        "operator:zh-Hans": "中华电力有限公司",
        "operator:zh-Hant": "中華電力有限公司",
        "power": "substation"
      },
      "geometry": {
        "type": "Polygon",
        "coordinates": [
          [
            [
              114.1056263,
              22.3745159
            ],
            [
              114.1056386,
              22.3745104
            ],
            [
              114.1056678,
              22.3744951
            ],
            [
              114.1056969,
              22.3744799
            ],
            [
              114.1057743,
              22.3744395
            ],
            [
              114.1058282,
              22.3744113
            ],
            [
              114.1059016,
              22.374371
            ],
            [
              114.1059319,
              22.374455
            ],
            [
              114.1059899,
              22.3746155
            ],
            [
              114.1061365,
              22.3750217
            ],
            [
              114.1061431,
              22.3750399
            ],
            [
              114.1061567,
              22.3750803
            ],
            [
              114.1061721,
              22.3751236
            ],
            [
              114.1061985,
              22.3751935
            ],
            [
              114.1061386,
              22.3751581
            ],
            [
              114.105988,
              22.3750297
            ],
            [
              114.1058436,
              22.3748758
            ],
            [
              114.105715,
              22.3747326
            ],
            [
              114.1056917,
              22.3747066
            ],
            [
              114.1056432,
              22.3745652
            ],
            [
              114.1056333,
              22.3745361
            ],
            [
              114.1056263,
              22.3745159
            ]
          ]
        ]
      },
      "id": "way/223857994"
    },
    {
      "type": "Feature",
      "properties": {
        "@id": "way/223857999",
        "building": "yes",
        "power": "substation"
      },
      "geometry": {
        "type": "Polygon",
        "coordinates": [
          [
            [
              114.1057548,
              22.3746906
            ],
            [
              114.1057079,
              22.374526
            ],
            [
              114.105794,
              22.3744988
            ],
            [
              114.1057743,
              22.3744395
            ],
            [
              114.1058282,
              22.3744113
            ],
            [
              114.1058519,
              22.3744802
            ],
            [
              114.1059319,
              22.374455
            ],
            [
              114.1059899,
              22.3746155
            ],
            [
              114.1059015,
              22.3746437
            ],
            [
              114.1057548,
              22.3746906
            ]
          ]
        ]
      },
      "id": "way/223857999"
    },
    {
      "type": "Feature",
      "properties": {
        "@id": "way/225235275",
        "addr:housenumber": "290",
        "addr:street": "Wan Po Road",
        "barrier": "wall",
        "landuse": "industrial",
        "name": "環保大道變電站 Wan Po Road Substation",
        "name:en": "Wan Po Road Substation",
        "name:zh": "環保大道變電站",
        "name:zh-Hans": "环保大道变电站",
        "name:zh-Hant": "環保大道變電站",
        "operator": "中華電力有限公司 CLP Power Hong Kong Limited",
        "operator:en": "CLP Power Hong Kong Limited",
        "operator:short": "中華電力 CLP",
        "operator:short:en": "CLP",
        "operator:short:zh": "中華電力",
        "operator:short:zh-Hans": "中华电力",
        "operator:short:zh-Hant": "中華電力",
        "operator:wikidata": "Q977959",
        "operator:zh": "中華電力有限公司",
        "operator:zh-Hans": "中华电力有限公司",
        "operator:zh-Hant": "中華電力有限公司",
        "power": "substation",
        "substation": "substation"
      },
      "geometry": {
        "type": "Polygon",
        "coordinates": [
          [
            [
              114.2725329,
              22.2967979
            ],
            [
              114.2721878,
              22.2963616
            ],
            [
              114.2723639,
              22.2962486
            ],
            [
              114.2724118,
              22.296219
            ],
            [
              114.2724453,
              22.2961983
            ],
            [
              114.2727055,
              22.2965085
            ],
            [
              114.2725329,
              22.2967979
            ]
          ]
        ]
      },
      "id": "way/225235275"
    },
    {
      "type": "Feature",
      "properties": {
        "@id": "way/225873668",
        "height": "17",
        "level": "5",
        "name": "馬頭角道變電站 Ma Tau Kok Road Substation",
        "name:en": "Ma Tau Kok Road Substation",
        "name:zh": "馬頭角道變電站",
        "power": "substation"
      },
      "geometry": {
        "type": "Polygon",
        "coordinates": [
          [
            [
              114.1908284,
              22.3213854
            ],
            [
              114.1907702,
              22.32128
            ],
            [
              114.190908,
              22.3212199
            ],
            [
              114.1909728,
              22.3213288
            ],
            [
              114.1908284,
              22.3213854
            ]
          ]
        ]
      },
      "id": "way/225873668"
    },
    {
      "type": "Feature",
      "properties": {
        "@id": "way/225873671",
        "addr:housenumber": "82",
        "addr:street": "To Kwa Wan Road",
        "name": "土瓜灣變電站 To Kwa Wan Substation",
        "name:en": "To Kwa Wan Substation",
        "name:zh": "土瓜灣變電站",
        "power": "substation"
      },
      "geometry": {
        "type": "Polygon",
        "coordinates": [
          [
            [
              114.190942,
              22.3178923
            ],
            [
              114.1907176,
              22.3179915
            ],
            [
              114.1906855,
              22.3180054
            ],
            [
              114.1906211,
              22.3178791
            ],
            [
              114.1906391,
              22.3178713
            ],
            [
              114.1908406,
              22.3177845
            ],
            [
              114.1909199,
              22.3178688
            ],
            [
              114.190942,
              22.3178923
            ]
          ]
        ]
      },
      "id": "way/225873671"
    },
    {
      "type": "Feature",
      "properties": {
        "@id": "way/228008757",
        "name": "元朗輕便鐵路變電站 Yuen Long Light Rail Transit Substation",
        "name:en": "Yuen Long Light Rail Transit Substation",
        "name:zh": "元朗輕便鐵路變電站",
        "power": "substation"
      },
      "geometry": {
        "type": "Polygon",
        "coordinates": [
          [
            [
              114.019274,
              22.443829
            ],
            [
              114.0193183,
              22.4436452
            ],
            [
              114.0195907,
              22.4437012
            ],
            [
              114.0195465,
              22.443885
            ],
            [
              114.019274,
              22.443829
            ]
          ]
        ]
      },
      "id": "way/228008757"
    },
    {
      "type": "Feature",
      "properties": {
        "@id": "way/228396618",
        "addr:housenumber": "15",
        "addr:street": "Wang Chin Street",
        "name": "宏展街變電站 Wang Chin Street Substation",
        "name:en": "Wang Chin Street Substation",
        "name:zh": "宏展街變電站",
        "power": "substation"
      },
      "geometry": {
        "type": "Polygon",
        "coordinates": [
          [
            [
              114.2047489,
              22.3229545
            ],
            [
              114.204788,
              22.3225701
            ],
            [
              114.2049893,
              22.3225877
            ],
            [
              114.2049502,
              22.3229721
            ],
            [
              114.2047489,
              22.3229545
            ]
          ]
        ]
      },
      "id": "way/228396618"
    },
    {
      "type": "Feature",
      "properties": {
        "@id": "way/228400791",
        "name": "開源道變電站 Hoi Yuen Road Substation",
        "name:en": "Hoi Yuen Road Substation",
        "name:zh": "開源道變電站",
        "operator": "中華電力有限公司 CLP Power Hong Kong Limited",
        "operator:en": "CLP Power Hong Kong Limited",
        "operator:short": "中華電力 CLP",
        "operator:short:en": "CLP",
        "operator:short:zh": "中華電力",
        "operator:short:zh-Hans": "中华电力",
        "operator:short:zh-Hant": "中華電力",
        "operator:wikidata": "Q977959",
        "operator:zh": "中華電力有限公司",
        "operator:zh-Hans": "中华电力有限公司",
        "operator:zh-Hant": "中華電力有限公司",
        "power": "substation"
      },
      "geometry": {
        "type": "Polygon",
        "coordinates": [
          [
            [
              114.2219503,
              22.3089873
            ],
            [
              114.221909,
              22.3089579
            ],
            [
              114.2218804,
              22.3089375
            ],
            [
              114.2216952,
              22.3088057
            ],
            [
              114.221717,
              22.3087795
            ],
            [
              114.2217236,
              22.3087715
            ],
            [
              114.2218588,
              22.3086091
            ],
            [
              114.2219075,
              22.3085506
            ],
            [
              114.2219457,
              22.3085814
            ],
            [
              114.2219504,
              22.3086594
            ],
            [
              114.2219621,
              22.3088698
            ],
            [
              114.2219611,
              22.3089219
            ],
            [
              114.2219503,
              22.3089873
            ]
          ]
        ]
      },
      "id": "way/228400791"
    },
    {
      "type": "Feature",
      "properties": {
        "@id": "way/228418721",
        "addr:housenumber": "39",
        "addr:street": "宏業東街 Wang Yip Street South",
        "addr:street:en": "Wang Yip Street East",
        "addr:street:zh": "宏業東街",
        "landuse": "industrial",
        "name": "安樂路電力站 On Lok Road Substation",
        "name:en": "On Lok Road Substation",
        "name:zh": "安樂路電力站",
        "power": "substation",
        "substation": "distribution"
      },
      "geometry": {
        "type": "Polygon",
        "coordinates": [
          [
            [
              114.0287257,
              22.447976
            ],
            [
              114.0290077,
              22.4477904
            ],
            [
              114.0291628,
              22.4477867
            ],
            [
              114.0292331,
              22.4478778
            ],
            [
              114.0293088,
              22.447976
            ],
            [
              114.028922,
              22.4482306
            ],
            [
              114.0288463,
              22.4481324
            ],
            [
              114.0287257,
              22.447976
            ]
          ]
        ]
      },
      "id": "way/228418721"
    },
    {
      "type": "Feature",
      "properties": {
        "@id": "way/232502519",
        "name": "深水角變電站 Sham Shui Kok Substation",
        "name:en": "Sham Shui Kok Substation",
        "name:zh": "深水角變電站",
        "power": "substation"
      },
      "geometry": {
        "type": "Polygon",
        "coordinates": [
          [
            [
              114.0028839,
              22.3200055
            ],
            [
              114.0028908,
              22.3199741
            ],
            [
              114.0029827,
              22.3195513
            ],
            [
              114.0039456,
              22.3197305
            ],
            [
              114.0038469,
              22.3201847
            ],
            [
              114.0028839,
              22.3200055
            ]
          ]
        ]
      },
      "id": "way/232502519"
    },
    {
      "type": "Feature",
      "properties": {
        "@id": "way/232502523",
        "name": "深水角牽引變電站 Sham Shui Kok Traction Substation",
        "name:en": "Sham Shui Kok Traction Substation",
        "name:zh": "深水角牽引變電站",
        "power": "substation",
        "substation": "traction"
      },
      "geometry": {
        "type": "Polygon",
        "coordinates": [
          [
            [
              114.0025007,
              22.320516
            ],
            [
              114.0026217,
              22.3202806
            ],
            [
              114.0027316,
              22.3202285
            ],
            [
              114.0033697,
              22.3205085
            ],
            [
              114.0033939,
              22.3205855
            ],
            [
              114.0032544,
              22.3208609
            ],
            [
              114.0032303,
              22.3208931
            ],
            [
              114.0025519,
              22.3206082
            ],
            [
              114.0025007,
              22.320516
            ]
          ]
        ]
      },
      "id": "way/232502523"
    },
    {
      "type": "Feature",
      "properties": {
        "@id": "way/232891904",
        "name": "科技大學變電站 University of Science and Technology Substation",
        "name:en": "University of Science and Technology Substation",
        "name:zh": "科技大學變電站",
        "operator": "中華電力有限公司 CLP Power Hong Kong Limited",
        "operator:en": "CLP Power Hong Kong Limited",
        "operator:short": "中華電力 CLP",
        "operator:short:en": "CLP",
        "operator:short:zh": "中華電力",
        "operator:short:zh-Hans": "中华电力",
        "operator:short:zh-Hant": "中華電力",
        "operator:wikidata": "Q977959",
        "operator:zh": "中華電力有限公司",
        "operator:zh-Hans": "中华电力有限公司",
        "operator:zh-Hant": "中華電力有限公司",
        "power": "substation"
      },
      "geometry": {
        "type": "Polygon",
        "coordinates": [
          [
            [
              114.2621219,
              22.3344034
            ],
            [
              114.2621729,
              22.3342088
            ],
            [
              114.2622042,
              22.3340896
            ],
            [
              114.2623927,
              22.3341319
            ],
            [
              114.2627208,
              22.3342056
            ],
            [
              114.2626386,
              22.3345192
            ],
            [
              114.2621219,
              22.3344034
            ]
          ]
        ]
      },
      "id": "way/232891904"
    },
    {
      "type": "Feature",
      "properties": {
        "@id": "way/233728904",
        "building": "yes",
        "building:levels": "1",
        "power": "substation",
        "substation": "minor_distribution"
      },
      "geometry": {
        "type": "Polygon",
        "coordinates": [
          [
            [
              114.1262705,
              22.3626166
            ],
            [
              114.1262699,
              22.3627051
            ],
            [
              114.1262132,
              22.3627048
            ],
            [
              114.1262139,
              22.3626162
            ],
            [
              114.1262705,
              22.3626166
            ]
          ]
        ]
      },
      "id": "way/233728904"
    },
    {
      "type": "Feature",
      "properties": {
        "@id": "way/235563388",
        "name": "桃源街變電站 To Yuen Street Substation",
        "name:en": "To Yuen Street Substation",
        "name:zh": "桃源街變電站",
        "operator": "中華電力有限公司 CLP Power Hong Kong Limited",
        "operator:en": "CLP Power Hong Kong Limited",
        "operator:short": "中華電力 CLP",
        "operator:short:en": "CLP",
        "operator:short:zh": "中華電力",
        "operator:short:zh-Hans": "中华电力",
        "operator:short:zh-Hant": "中華電力",
        "operator:wikidata": "Q977959",
        "operator:zh": "中華電力有限公司",
        "operator:zh-Hans": "中华电力有限公司",
        "operator:zh-Hant": "中華電力有限公司",
        "power": "substation"
      },
      "geometry": {
        "type": "Polygon",
        "coordinates": [
          [
            [
              114.1728952,
              22.3344094
            ],
            [
              114.1730556,
              22.3345744
            ],
            [
              114.1730414,
              22.3346467
            ],
            [
              114.1730098,
              22.3346683
            ],
            [
              114.1729429,
              22.334684
            ],
            [
              114.1728415,
              22.334696
            ],
            [
              114.1727819,
              22.3346971
            ],
            [
              114.1727222,
              22.334693
            ],
            [
              114.1726873,
              22.3346898
            ],
            [
              114.1727135,
              22.3345626
            ],
            [
              114.1728952,
              22.3344094
            ]
          ]
        ]
      },
      "id": "way/235563388"
    },
    {
      "type": "Feature",
      "properties": {
        "@id": "way/237549946",
        "landuse": "industrial",
        "name": "桂地街變電站 Kwei Tei Street Substation",
        "name:en": "Kwei Tei Street Substation",
        "name:zh": "桂地街變電站",
        "operator": "中華電力 CLP",
        "operator:en": "CLP",
        "operator:wikidata": "Q977959",
        "operator:zh": "中華電力",
        "power": "substation",
        "substation": "substation"
      },
      "geometry": {
        "type": "Polygon",
        "coordinates": [
          [
            [
              114.1905559,
              22.3998621
            ],
            [
              114.1905038,
              22.3998313
            ],
            [
              114.1908481,
              22.3995141
            ],
            [
              114.1910469,
              22.3996392
            ],
            [
              114.1906866,
              22.3999725
            ],
            [
              114.1905559,
              22.3998621
            ]
          ]
        ]
      },
      "id": "way/237549946"
    },
    {
      "type": "Feature",
      "properties": {
        "@id": "way/237697285",
        "addr:housenumber": "7",
        "addr:street": "六合街 Luk Hop Street",
        "name": "六合街變電站 Luk Hop Street Substation",
        "name:en": "Luk Hop Street Substation",
        "name:zh": "六合街變電站",
        "power": "substation"
      },
      "geometry": {
        "type": "Polygon",
        "coordinates": [
          [
            [
              114.1989652,
              22.3376062
            ],
            [
              114.1990992,
              22.3375191
            ],
            [
              114.1991342,
              22.3375652
            ],
            [
              114.1991985,
              22.3376498
            ],
            [
              114.1993232,
              22.3378139
            ],
            [
              114.1993378,
              22.3378331
            ],
            [
              114.1992039,
              22.3379203
            ],
            [
              114.1990988,
              22.337782
            ],
            [
              114.1989652,
              22.3376062
            ]
          ]
        ]
      },
      "id": "way/237697285"
    },
    {
      "type": "Feature",
      "properties": {
        "@id": "way/242904849",
        "name": "將軍澳饋電站 Tseung Kwan O Infeed Sub-station",
        "name:en": "Tseung Kwan O Infeed Sub-station",
        "name:zh": "將軍澳饋電站",
        "name:zh-Hans": "将军澳馈电站",
        "name:zh-Hant": "將軍澳饋電站",
        "power": "substation"
      },
      "geometry": {
        "type": "Polygon",
        "coordinates": [
          [
            [
              114.2635435,
              22.3096069
            ],
            [
              114.2635612,
              22.3095696
            ],
            [
              114.2635822,
              22.3095309
            ],
            [
              114.2636386,
              22.3095294
            ],
            [
              114.2636821,
              22.3094951
            ],
            [
              114.2636992,
              22.309439
            ],
            [
              114.2636948,
              22.3093705
            ],
            [
              114.26372,
              22.3093055
            ],
            [
              114.2637935,
              22.3092087
            ],
            [
              114.2638707,
              22.3091402
            ],
            [
              114.2639712,
              22.3091215
            ],
            [
              114.2640689,
              22.309173
            ],
            [
              114.2641334,
              22.3092431
            ],
            [
              114.2642075,
              22.3094305
            ],
            [
              114.2642655,
              22.3095965
            ],
            [
              114.2642763,
              22.3098555
            ],
            [
              114.2642448,
              22.3100698
            ],
            [
              114.264048,
              22.3100422
            ],
            [
              114.2638364,
              22.3096603
            ],
            [
              114.2638092,
              22.3096101
            ],
            [
              114.2637433,
              22.3095965
            ],
            [
              114.263674,
              22.3096009
            ],
            [
              114.2635806,
              22.3096144
            ],
            [
              114.2635435,
              22.3096069
            ]
          ]
        ]
      },
      "id": "way/242904849"
    },
    {
      "type": "Feature",
      "properties": {
        "@id": "way/244421065",
        "addr:housenumber": "171",
        "addr:street": "Shatin Pass Road",
        "alt_name": "中電慈雲山運作中心 CLP Power Tsz Wan Shan Depot",
        "name": "慈雲山400仟伏變電站 Tsz Wan Shan 400kV Substation",
        "name:en": "Tsz Wan Shan 400kV Substation",
        "name:zh": "慈雲山400仟伏變電站",
        "operator": "中華電力有限公司 CLP Power Hong Kong Limited",
        "operator:en": "CLP Power Hong Kong Limited",
        "operator:short": "中華電力 CLP",
        "operator:short:en": "CLP",
        "operator:short:zh": "中華電力",
        "operator:short:zh-Hans": "中华电力",
        "operator:short:zh-Hant": "中華電力",
        "operator:wikidata": "Q977959",
        "operator:zh": "中華電力有限公司",
        "operator:zh-Hans": "中华电力有限公司",
        "operator:zh-Hant": "中華電力有限公司",
        "power": "substation",
        "voltage": "400000"
      },
      "geometry": {
        "type": "Polygon",
        "coordinates": [
          [
            [
              114.1936627,
              22.3485633
            ],
            [
              114.1936863,
              22.3485353
            ],
            [
              114.1937201,
              22.3485351
            ],
            [
              114.1938955,
              22.3482873
            ],
            [
              114.1939493,
              22.3482174
            ],
            [
              114.1941871,
              22.3483851
            ],
            [
              114.1942913,
              22.3483518
            ],
            [
              114.1943371,
              22.3483281
            ],
            [
              114.1944825,
              22.3483175
            ],
            [
              114.1945723,
              22.3482846
            ],
            [
              114.1948689,
              22.3483384
            ],
            [
              114.1949109,
              22.3483482
            ],
            [
              114.1948332,
              22.3484681
            ],
            [
              114.1945892,
              22.3485574
            ],
            [
              114.1946257,
              22.3485988
            ],
            [
              114.1946613,
              22.3486381
            ],
            [
              114.1943004,
              22.349024
            ],
            [
              114.1942523,
              22.3490431
            ],
            [
              114.1942025,
              22.3490289
            ],
            [
              114.1936611,
              22.3486326
            ],
            [
              114.1936305,
              22.348607
            ],
            [
              114.1936627,
              22.3485633
            ]
          ]
        ]
      },
      "id": "way/244421065"
    },
    {
      "type": "Feature",
      "properties": {
        "@id": "way/249296321",
        "name": "屯門騎術學校變電站 Tuen Mun Riding School Substation",
        "name:en": "Tuen Mun Riding School Substation",
        "name:zh": "屯門騎術學校變電站",
        "power": "substation"
      },
      "geometry": {
        "type": "Polygon",
        "coordinates": [
          [
            [
              113.9580705,
              22.3769073
            ],
            [
              113.9581507,
              22.3767767
            ],
            [
              113.9583531,
              22.3768829
            ],
            [
              113.9582729,
              22.3770135
            ],
            [
              113.9580705,
              22.3769073
            ]
          ]
        ]
      },
      "id": "way/249296321"
    },
    {
      "type": "Feature",
      "properties": {
        "@id": "way/249566150",
        "name": "城門道變電站 Shing Mun Road Substation",
        "name:en": "Shing Mun Road Substation",
        "name:zh": "城門道變電站",
        "name:zh-Hans": "城门道变电站",
        "name:zh-Hant": "城門道變電站",
        "operator": "中華電力有限公司 CLP Power Hong Kong Limited",
        "operator:en": "CLP Power Hong Kong Limited",
        "operator:short": "中華電力 CLP",
        "operator:short:en": "CLP",
        "operator:short:zh": "中華電力",
        "operator:short:zh-Hans": "中华电力",
        "operator:short:zh-Hant": "中華電力",
        "operator:wikidata": "Q977959",
        "operator:wikipedia": "zh:中華電力",
        "operator:zh": "中華電力有限公司",
        "operator:zh-Hans": "中华电力有限公司",
        "operator:zh-Hant": "中華電力有限公司",
        "power": "substation",
        "substation": "substation"
      },
      "geometry": {
        "type": "Polygon",
        "coordinates": [
          [
            [
              114.1227169,
              22.3714769
            ],
            [
              114.122757,
              22.3714323
            ],
            [
              114.1228776,
              22.3713552
            ],
            [
              114.1228875,
              22.3713518
            ],
            [
              114.1229376,
              22.3713542
            ],
            [
              114.1230781,
              22.3714399
            ],
            [
              114.1231626,
              22.3714943
            ],
            [
              114.1231596,
              22.3714989
            ],
            [
              114.1232566,
              22.3715616
            ],
            [
              114.1232551,
              22.3715684
            ],
            [
              114.1232537,
              22.3715752
            ],
            [
              114.1232333,
              22.3716855
            ],
            [
              114.1232279,
              22.371714
            ],
            [
              114.1232075,
              22.3717241
            ],
            [
              114.1231517,
              22.3717516
            ],
            [
              114.1230471,
              22.3716847
            ],
            [
              114.1229738,
              22.3716378
            ],
            [
              114.1229041,
              22.3715932
            ],
            [
              114.1228367,
              22.3715501
            ],
            [
              114.1228167,
              22.3715373
            ],
            [
              114.1227882,
              22.3715191
            ],
            [
              114.1227701,
              22.3715076
            ],
            [
              114.1227679,
              22.3715103
            ],
            [
              114.1227169,
              22.3714769
            ]
          ]
        ]
      },
      "id": "way/249566150"
    },
    {
      "type": "Feature",
      "properties": {
        "@id": "way/249566151",
        "building": "yes",
        "operator": "中華電力有限公司 CLP Power Hong Kong Limited",
        "operator:en": "CLP Power Hong Kong Limited",
        "operator:short": "中華電力 CLP",
        "operator:short:en": "CLP",
        "operator:short:zh": "中華電力",
        "operator:short:zh-Hans": "中华电力",
        "operator:short:zh-Hant": "中華電力",
        "operator:wikidata": "Q977959",
        "operator:wikipedia": "zh:中華電力",
        "operator:zh": "中華電力有限公司",
        "operator:zh-Hans": "中华电力有限公司",
        "operator:zh-Hant": "中華電力有限公司",
        "power": "substation",
        "substation": "substation"
      },
      "geometry": {
        "type": "Polygon",
        "coordinates": [
          [
            [
              114.1231103,
              22.3716005
            ],
            [
              114.1228447,
              22.3714276
            ],
            [
              114.1229003,
              22.3713554
            ],
            [
              114.1229289,
              22.3713571
            ],
            [
              114.1231557,
              22.3714973
            ],
            [
              114.1231414,
              22.371516
            ],
            [
              114.1231623,
              22.3715294
            ],
            [
              114.1231103,
              22.3716005
            ]
          ]
        ]
      },
      "id": "way/249566151"
    },
    {
      "type": "Feature",
      "properties": {
        "@id": "way/252967239",
        "addr:housenumber": "408",
        "addr:street": "Kwun Tong Road",
        "name": "駿業里變電站 Tsun Yip Lane Sub-station",
        "name:en": "Tsun Yip Lane Sub-station",
        "name:zh": "駿業里變電站",
        "power": "substation"
      },
      "geometry": {
        "type": "Polygon",
        "coordinates": [
          [
            [
              114.2237879,
              22.3131817
            ],
            [
              114.2237009,
              22.3129865
            ],
            [
              114.2236768,
              22.3129323
            ],
            [
              114.22345,
              22.3124233
            ],
            [
              114.2235518,
              22.3123845
            ],
            [
              114.2237181,
              22.3123211
            ],
            [
              114.2237777,
              22.3124551
            ],
            [
              114.223969,
              22.3128843
            ],
            [
              114.2240559,
              22.3130795
            ],
            [
              114.2237879,
              22.3131817
            ]
          ]
        ]
      },
      "id": "way/252967239"
    },
    {
      "type": "Feature",
      "properties": {
        "@id": "way/254652636",
        "addr:housenumber": "14",
        "addr:street": "麼地道 Mody Road",
        "building": "industrial",
        "location": "indoor",
        "name": "麼地道變電站 Mody Road Substation",
        "name:en": "Mody Road Substation",
        "name:zh": "麼地道變電站",
        "power": "substation"
      },
      "geometry": {
        "type": "Polygon",
        "coordinates": [
          [
            [
              114.1732191,
              22.2970038
            ],
            [
              114.1732354,
              22.2967845
            ],
            [
              114.1733555,
              22.2967927
            ],
            [
              114.1733452,
              22.2969311
            ],
            [
              114.1733538,
              22.2969316
            ],
            [
              114.1733474,
              22.2970193
            ],
            [
              114.1732191,
              22.2970038
            ]
          ]
        ]
      },
      "id": "way/254652636"
    },
    {
      "type": "Feature",
      "properties": {
        "@id": "way/255754952",
        "addr:housenumber": "9",
        "addr:street": "Tin Tan Street",
        "name": "天水圍B變電站 Tin Shui Wai B Substation",
        "name:en": "Tin Shui Wai B Substation",
        "name:zh": "天水圍B變電站",
        "power": "substation"
      },
      "geometry": {
        "type": "Polygon",
        "coordinates": [
          [
            [
              113.9962345,
              22.4590296
            ],
            [
              113.9961358,
              22.4589817
            ],
            [
              113.9965339,
              22.4582805
            ],
            [
              113.9967591,
              22.4583897
            ],
            [
              113.9964877,
              22.4588676
            ],
            [
              113.9963613,
              22.4588063
            ],
            [
              113.9962345,
              22.4590296
            ]
          ]
        ]
      },
      "id": "way/255754952"
    },
    {
      "type": "Feature",
      "properties": {
        "@id": "way/256538209",
        "name": "利安變電站 Lee On Substation",
        "name:en": "Lee On Substation",
        "name:zh": "利安變電站",
        "operator": "中華電力有限公司 CLP Power Hong Kong Limited",
        "operator:en": "CLP Power Hong Kong Limited",
        "operator:short": "中華電力 CLP",
        "operator:short:en": "CLP",
        "operator:short:zh": "中華電力",
        "operator:short:zh-Hans": "中华电力",
        "operator:short:zh-Hant": "中華電力",
        "operator:wikidata": "Q977959",
        "operator:zh": "中華電力有限公司",
        "operator:zh-Hans": "中华电力有限公司",
        "operator:zh-Hant": "中華電力有限公司",
        "power": "substation"
      },
      "geometry": {
        "type": "Polygon",
        "coordinates": [
          [
            [
              114.2420686,
              22.428145
            ],
            [
              114.2422315,
              22.4275496
            ],
            [
              114.2425411,
              22.4276104
            ],
            [
              114.2425692,
              22.4276854
            ],
            [
              114.2424786,
              22.4279952
            ],
            [
              114.2424502,
              22.4280497
            ],
            [
              114.2424155,
              22.4281089
            ],
            [
              114.2423902,
              22.4281897
            ],
            [
              114.242374,
              22.4282288
            ],
            [
              114.2420686,
              22.428145
            ]
          ]
        ]
      },
      "id": "way/256538209"
    },
    {
      "type": "Feature",
      "properties": {
        "@id": "way/256542548",
        "building": "yes",
        "name": "青衣公園變電站 Tsing Yi Park Substation",
        "name:en": "Tsing Yi Park Substation",
        "name:zh": "青衣公園變電站",
        "power": "substation"
      },
      "geometry": {
        "type": "Polygon",
        "coordinates": [
          [
            [
              114.1065257,
              22.3555168
            ],
            [
              114.1065288,
              22.3554567
            ],
            [
              114.1066286,
              22.355461
            ],
            [
              114.1066255,
              22.3555212
            ],
            [
              114.1065257,
              22.3555168
            ]
          ]
        ]
      },
      "id": "way/256542548"
    },
    {
      "type": "Feature",
      "properties": {
        "@id": "way/258074785",
        "name": "馬鞍山'A'變電站 Ma On Shan 'A' Substation",
        "name:en": "Ma On Shan 'A' Substation",
        "name:zh": "馬鞍山'A'變電站",
        "operator": "中華電力有限公司 CLP Power Hong Kong Limited",
        "operator:en": "CLP Power Hong Kong Limited",
        "operator:short": "中華電力 CLP",
        "operator:short:en": "CLP",
        "operator:short:zh": "中華電力",
        "operator:short:zh-Hans": "中华电力",
        "operator:short:zh-Hant": "中華電力",
        "operator:wikidata": "Q977959",
        "operator:zh": "中華電力有限公司",
        "operator:zh-Hans": "中华电力有限公司",
        "operator:zh-Hant": "中華電力有限公司",
        "power": "substation"
      },
      "geometry": {
        "type": "Polygon",
        "coordinates": [
          [
            [
              114.2269296,
              22.4148408
            ],
            [
              114.2267679,
              22.4144832
            ],
            [
              114.2269569,
              22.4144102
            ],
            [
              114.2271185,
              22.4147678
            ],
            [
              114.2269296,
              22.4148408
            ]
          ]
        ]
      },
      "id": "way/258074785"
    },
    {
      "type": "Feature",
      "properties": {
        "@id": "way/258414088",
        "building": "yes",
        "power": "substation"
      },
      "geometry": {
        "type": "Polygon",
        "coordinates": [
          [
            [
              114.2061551,
              22.3919829
            ],
            [
              114.206086,
              22.3919173
            ],
            [
              114.2061112,
              22.3918931
            ],
            [
              114.2061528,
              22.3919127
            ],
            [
              114.2061924,
              22.3919486
            ],
            [
              114.2061551,
              22.3919829
            ]
          ]
        ]
      },
      "id": "way/258414088"
    },
    {
      "type": "Feature",
      "properties": {
        "@id": "way/258421117",
        "addr:housenumber": "25",
        "addr:street": "Tseng Choi Street",
        "name": "屯門運作中心及新墟變電站 CLP Tuen Mun Depot & San Hui Substation",
        "name:en": "CLP Tuen Mun Depot & San Hui Substation",
        "name:zh": "屯門運作中心及新墟變電站",
        "power": "substation"
      },
      "geometry": {
        "type": "Polygon",
        "coordinates": [
          [
            [
              113.9773729,
              22.4006279
            ],
            [
              113.9773147,
              22.4003365
            ],
            [
              113.9776143,
              22.400284
            ],
            [
              113.9777336,
              22.4005662
            ],
            [
              113.9773729,
              22.4006279
            ]
          ]
        ]
      },
      "id": "way/258421117"
    },
    {
      "type": "Feature",
      "properties": {
        "@id": "way/258608566",
        "addr:housename": "安耀街支站 On Yiu Street Substation",
        "addr:housename:en": "On Yiu Street Substation",
        "addr:housename:zh": "安耀街支站",
        "addr:street": "安耀街 On Yiu Street",
        "addr:street:en": "On Yiu Street",
        "addr:street:zh": "安耀街",
        "name": "安耀街支站 On Yiu Street Substation",
        "name:en": "On Yiu Street Substation",
        "name:zh": "安耀街支站",
        "nohousenumber": "shared",
        "operator": "中華電力有限公司 CLP Power Hong Kong Limited",
        "operator:en": "CLP Power Hong Kong Limited",
        "operator:type": "private",
        "operator:wikidata": "Q977959",
        "operator:zh": "中華電力有限公司",
        "power": "substation",
        "substation": "distribution"
      },
      "geometry": {
        "type": "Polygon",
        "coordinates": [
          [
            [
              114.2102488,
              22.389445
            ],
            [
              114.2101518,
              22.389351
            ],
            [
              114.2101272,
              22.3893272
            ],
            [
              114.2100187,
              22.3892221
            ],
            [
              114.2100376,
              22.3892051
            ],
            [
              114.210099,
              22.3891473
            ],
            [
              114.2103132,
              22.3889583
            ],
            [
              114.2103426,
              22.3889287
            ],
            [
              114.2104035,
              22.388995
            ],
            [
              114.210447,
              22.3890385
            ],
            [
              114.2103623,
              22.3892088
            ],
            [
              114.2102488,
              22.389445
            ]
          ]
        ]
      },
      "id": "way/258608566"
    },
    {
      "type": "Feature",
      "properties": {
        "@id": "way/258736830",
        "name": "馬鞍山‵B‵變電站 Ma On Shan 'B' Substation",
        "name:en": "Ma On Shan 'B' Substation",
        "name:zh": "馬鞍山‵B‵變電站",
        "power": "substation"
      },
      "geometry": {
        "type": "Polygon",
        "coordinates": [
          [
            [
              114.2284048,
              22.4229463
            ],
            [
              114.2287928,
              22.4226878
            ],
            [
              114.2288254,
              22.42273
            ],
            [
              114.2288738,
              22.4226993
            ],
            [
              114.2289024,
              22.4226792
            ],
            [
              114.2291394,
              22.4229847
            ],
            [
              114.2287478,
              22.4232479
            ],
            [
              114.2286667,
              22.423196
            ],
            [
              114.2285441,
              22.4230904
            ],
            [
              114.2284048,
              22.4229463
            ]
          ]
        ]
      },
      "id": "way/258736830"
    },
    {
      "type": "Feature",
      "properties": {
        "@id": "way/261065149",
        "building": "yes",
        "name": "地龍口A變壓站 Beacon Hill Building A Substation",
        "name:en": "Beacon Hill Building A Substation",
        "name:zh": "地龍口A變壓站",
        "power": "substation"
      },
      "geometry": {
        "type": "Polygon",
        "coordinates": [
          [
            [
              114.169776,
              22.3619399
            ],
            [
              114.1696459,
              22.3617687
            ],
            [
              114.1695956,
              22.3616239
            ],
            [
              114.1696941,
              22.3615935
            ],
            [
              114.169744,
              22.361737
            ],
            [
              114.169865,
              22.361882
            ],
            [
              114.169776,
              22.3619399
            ]
          ]
        ]
      },
      "id": "way/261065149"
    },
    {
      "type": "Feature",
      "properties": {
        "@id": "way/261065167",
        "building": "yes",
        "building:levels": "1",
        "name": "乙明邨街市變電站 Jat Min Chuen Market Substation",
        "name:en": "Jat Min Chuen Market Substation",
        "name:zh": "乙明邨街市變電站",
        "power": "substation"
      },
      "geometry": {
        "type": "Polygon",
        "coordinates": [
          [
            [
              114.1915567,
              22.3768968
            ],
            [
              114.1915807,
              22.3768469
            ],
            [
              114.1916703,
              22.3768837
            ],
            [
              114.1916463,
              22.3769336
            ],
            [
              114.1915567,
              22.3768968
            ]
          ]
        ]
      },
      "id": "way/261065167"
    },
    {
      "type": "Feature",
      "properties": {
        "@id": "way/261065225",
        "building": "yes",
        "power": "substation"
      },
      "geometry": {
        "type": "Polygon",
        "coordinates": [
          [
            [
              114.1744756,
              22.3704833
            ],
            [
              114.1745115,
              22.3704363
            ],
            [
              114.1746773,
              22.3705501
            ],
            [
              114.1746412,
              22.3705969
            ],
            [
              114.1744756,
              22.3704833
            ]
          ]
        ]
      },
      "id": "way/261065225"
    },
    {
      "type": "Feature",
      "properties": {
        "@id": "way/261344140",
        "name": "顯和里變電站 Hin Wo Lane Sub-station",
        "name:en": "Hin Wo Lane Sub-station",
        "name:zh": "顯和里變電站",
        "operator": "中華電力有限公司 CLP Power Hong Kong Limited",
        "operator:en": "CLP Power Hong Kong Limited",
        "operator:short": "中華電力 CLP",
        "operator:short:en": "CLP",
        "operator:short:zh": "中華電力",
        "operator:short:zh-Hans": "中华电力",
        "operator:short:zh-Hant": "中華電力",
        "operator:wikidata": "Q977959",
        "operator:zh": "中華電力有限公司",
        "operator:zh-Hans": "中华电力有限公司",
        "operator:zh-Hant": "中華電力有限公司",
        "power": "substation"
      },
      "geometry": {
        "type": "Polygon",
        "coordinates": [
          [
            [
              114.1756888,
              22.3669365
            ],
            [
              114.1756579,
              22.3669167
            ],
            [
              114.1756164,
              22.3668978
            ],
            [
              114.175587,
              22.3668887
            ],
            [
              114.1755561,
              22.3668826
            ],
            [
              114.1755279,
              22.3668799
            ],
            [
              114.1755,
              22.3668797
            ],
            [
              114.1754514,
              22.3667451
            ],
            [
              114.1754616,
              22.3667441
            ],
            [
              114.175472,
              22.3667425
            ],
            [
              114.1754825,
              22.36674
            ],
            [
              114.1755208,
              22.3667241
            ],
            [
              114.1756017,
              22.3667318
            ],
            [
              114.1756118,
              22.3667091
            ],
            [
              114.1756348,
              22.3667182
            ],
            [
              114.1761745,
              22.366931
            ],
            [
              114.1760886,
              22.3671302
            ],
            [
              114.1760768,
              22.3671529
            ],
            [
              114.1760681,
              22.3671633
            ],
            [
              114.1760601,
              22.3671699
            ],
            [
              114.1760482,
              22.367175
            ],
            [
              114.1760353,
              22.3671783
            ],
            [
              114.176019,
              22.3671787
            ],
            [
              114.1760017,
              22.3671769
            ],
            [
              114.175942,
              22.3671649
            ],
            [
              114.1758659,
              22.3671534
            ],
            [
              114.1757953,
              22.3671498
            ],
            [
              114.1757933,
              22.3671091
            ],
            [
              114.175785,
              22.3670706
            ],
            [
              114.1757735,
              22.3670401
            ],
            [
              114.1757599,
              22.3670142
            ],
            [
              114.1757396,
              22.3669851
            ],
            [
              114.1757194,
              22.3669627
            ],
            [
              114.1756888,
              22.3669365
            ]
          ]
        ]
      },
      "id": "way/261344140"
    },
    {
      "type": "Feature",
      "properties": {
        "@id": "way/261344141",
        "addr:housenumber": "9",
        "addr:street": "美荔道 Mei Lai Road",
        "addr:street:en": "Mei Lai Road",
        "addr:street:zh": "美荔道",
        "barrier": "wall",
        "name": "美孚新邨變電站 Mei Foo Sun Chuen Substation",
        "name:en": "Mei Foo Sun Chuen Substation",
        "name:zh": "美孚新邨變電站",
        "power": "substation",
        "substation": "distribution"
      },
      "geometry": {
        "type": "Polygon",
        "coordinates": [
          [
            [
              114.1410075,
              22.3378521
            ],
            [
              114.141092,
              22.3377049
            ],
            [
              114.1411037,
              22.3376821
            ],
            [
              114.1414321,
              22.3378074
            ],
            [
              114.1413639,
              22.3379762
            ],
            [
              114.1410075,
              22.3378521
            ]
          ]
        ]
      },
      "id": "way/261344141"
    },
    {
      "type": "Feature",
      "properties": {
        "@id": "way/261344145",
        "name": "明尉徑變電站 Parkland Drive Substation",
        "name:en": "Parkland Drive Substation",
        "name:zh": "明尉徑變電站",
        "name:zh-Hans": "明尉径变电站",
        "name:zh-Hant": "明尉徑變電站",
        "power": "substation"
      },
      "geometry": {
        "type": "Polygon",
        "coordinates": [
          [
            [
              114.0123173,
              22.3025991
            ],
            [
              114.0124001,
              22.3024061
            ],
            [
              114.0125473,
              22.3024603
            ],
            [
              114.0125044,
              22.3025581
            ],
            [
              114.0124944,
              22.3026308
            ],
            [
              114.0123173,
              22.3025991
            ]
          ]
        ]
      },
      "id": "way/261344145"
    },
    {
      "type": "Feature",
      "properties": {
        "@id": "way/261344155",
        "building": "yes",
        "operator": "中華電力有限公司 CLP Power Hong Kong Limited",
        "operator:en": "CLP Power Hong Kong Limited",
        "operator:short": "中華電力 CLP",
        "operator:short:en": "CLP",
        "operator:short:zh": "中華電力",
        "operator:short:zh-Hans": "中华电力",
        "operator:short:zh-Hant": "中華電力",
        "operator:wikidata": "Q977959",
        "operator:wikipedia": "zh:中華電力",
        "operator:zh": "中華電力有限公司",
        "operator:zh-Hans": "中华电力有限公司",
        "operator:zh-Hant": "中華電力有限公司",
        "power": "substation",
        "substation": "substation"
      },
      "geometry": {
        "type": "Polygon",
        "coordinates": [
          [
            [
              114.1230471,
              22.3716847
            ],
            [
              114.1230811,
              22.371642
            ],
            [
              114.1232075,
              22.3717241
            ],
            [
              114.1231517,
              22.3717516
            ],
            [
              114.1230471,
              22.3716847
            ]
          ]
        ]
      },
      "id": "way/261344155"
    },
    {
      "type": "Feature",
      "properties": {
        "@id": "way/261873867",
        "name": "青衣北變電站 Tsing Yi North Substation",
        "name:en": "Tsing Yi North Substation",
        "name:zh": "青衣北變電站",
        "power": "substation"
      },
      "geometry": {
        "type": "Polygon",
        "coordinates": [
          [
            [
              114.1056815,
              22.3503942
            ],
            [
              114.1056511,
              22.3502697
            ],
            [
              114.1056531,
              22.3502414
            ],
            [
              114.1056797,
              22.3502146
            ],
            [
              114.1060007,
              22.3502246
            ],
            [
              114.1059627,
              22.3503155
            ],
            [
              114.1059208,
              22.3503633
            ],
            [
              114.1058761,
              22.3503908
            ],
            [
              114.1056815,
              22.3503942
            ]
          ]
        ]
      },
      "id": "way/261873867"
    },
    {
      "type": "Feature",
      "properties": {
        "@id": "way/264462800",
        "building": "yes",
        "building:levels": "1",
        "name": "環鳳街變電站 Wan Fung Street Substation",
        "name:en": "Wan Fung Street Substation",
        "name:zh": "環鳳街變電站",
        "power": "substation"
      },
      "geometry": {
        "type": "Polygon",
        "coordinates": [
          [
            [
              114.1984866,
              22.3453502
            ],
            [
              114.1984786,
              22.3452605
            ],
            [
              114.1985885,
              22.3452521
            ],
            [
              114.1985526,
              22.3453451
            ],
            [
              114.1984866,
              22.3453502
            ]
          ]
        ]
      },
      "id": "way/264462800"
    },
    {
      "type": "Feature",
      "properties": {
        "@id": "way/265235852",
        "name": "大角咀變電站 Tai Kok Tsui Substation",
        "name:en": "Tai Kok Tsui Substation",
        "name:zh": "大角咀變電站",
        "power": "substation"
      },
      "geometry": {
        "type": "Polygon",
        "coordinates": [
          [
            [
              114.1547593,
              22.3235247
            ],
            [
              114.1548491,
              22.3234637
            ],
            [
              114.1548746,
              22.3234627
            ],
            [
              114.154888,
              22.3234726
            ],
            [
              114.1549551,
              22.3234131
            ],
            [
              114.1549229,
              22.3233734
            ],
            [
              114.1550248,
              22.323289
            ],
            [
              114.1554553,
              22.3237809
            ],
            [
              114.1552454,
              22.3240901
            ],
            [
              114.1547593,
              22.3235247
            ]
          ]
        ]
      },
      "id": "way/265235852"
    },
    {
      "type": "Feature",
      "properties": {
        "@id": "way/266257413",
        "name": "康樂園H變電站 Hong Lok Yuen H Substation",
        "name:en": "Hong Lok Yuen H Substation",
        "name:zh": "康樂園H變電站",
        "power": "substation"
      },
      "geometry": {
        "type": "Polygon",
        "coordinates": [
          [
            [
              114.152699,
              22.4647189
            ],
            [
              114.1526689,
              22.4646447
            ],
            [
              114.1527352,
              22.4646217
            ],
            [
              114.1527653,
              22.464696
            ],
            [
              114.152699,
              22.4647189
            ]
          ]
        ]
      },
      "id": "way/266257413"
    },
    {
      "type": "Feature",
      "properties": {
        "@id": "way/268312537",
        "name": "白石角變電站 Pak Shek Kok Substation",
        "name:en": "Pak Shek Kok Substation",
        "name:zh": "白石角變電站",
        "operator": "中華電力有限公司 CLP Power Hong Kong Limited",
        "operator:en": "CLP Power Hong Kong Limited",
        "operator:short": "中華電力 CLP",
        "operator:short:en": "CLP",
        "operator:short:zh": "中華電力",
        "operator:short:zh-Hans": "中华电力",
        "operator:short:zh-Hant": "中華電力",
        "operator:wikidata": "Q977959",
        "operator:zh": "中華電力有限公司",
        "operator:zh-Hans": "中华电力有限公司",
        "operator:zh-Hant": "中華電力有限公司",
        "power": "substation"
      },
      "geometry": {
        "type": "Polygon",
        "coordinates": [
          [
            [
              114.2010349,
              22.4342679
            ],
            [
              114.2011962,
              22.4344918
            ],
            [
              114.2007136,
              22.4347889
            ],
            [
              114.2005523,
              22.434565
            ],
            [
              114.2010349,
              22.4342679
            ]
          ]
        ]
      },
      "id": "way/268312537"
    },
    {
      "type": "Feature",
      "properties": {
        "@id": "way/271668776",
        "building": "service",
        "building:levels": "1",
        "power": "substation",
        "service": "power",
        "substation": "minor_distribution"
      },
      "geometry": {
        "type": "Polygon",
        "coordinates": [
          [
            [
              114.1677393,
              22.2826807
            ],
            [
              114.1677332,
              22.2825794
            ],
            [
              114.1677827,
              22.2825769
            ],
            [
              114.1677887,
              22.2826782
            ],
            [
              114.1677393,
              22.2826807
            ]
          ]
        ]
      },
      "id": "way/271668776"
    },
    {
      "type": "Feature",
      "properties": {
        "@id": "way/271668779",
        "building": "service",
        "building:levels": "1",
        "name": "龍和道太古廣場泵房變電站 Lung Wo Rd Pacific Place P/Stn Substation",
        "name:en": "Lung Wo Rd Pacific Place P/Stn Substation",
        "name:zh": "龍和道太古廣場泵房變電站",
        "name:zh-Hans": "龙和道太古广场泵房变电站",
        "name:zh-Hant": "龍和道太古廣場泵房變電站",
        "power": "substation",
        "service": "power",
        "substation": "minor_distribution"
      },
      "geometry": {
        "type": "Polygon",
        "coordinates": [
          [
            [
              114.1677981,
              22.2826776
            ],
            [
              114.167792,
              22.2825764
            ],
            [
              114.1680081,
              22.2825652
            ],
            [
              114.1680142,
              22.2826665
            ],
            [
              114.1677981,
              22.2826776
            ]
          ]
        ]
      },
      "id": "way/271668779"
    },
    {
      "type": "Feature",
      "properties": {
        "@id": "way/272305884",
        "power": "substation"
      },
      "geometry": {
        "type": "Polygon",
        "coordinates": [
          [
            [
              114.1386128,
              22.4883923
            ],
            [
              114.1386812,
              22.4882484
            ],
            [
              114.1387288,
              22.4882677
            ],
            [
              114.1386605,
              22.4884116
            ],
            [
              114.1386128,
              22.4883923
            ]
          ]
        ]
      },
      "id": "way/272305884"
    },
    {
      "type": "Feature",
      "properties": {
        "@id": "way/273637332",
        "name": "寶琳里變電站 Po Lam Lane Substation",
        "name:en": "Po Lam Lane Substation",
        "name:zh": "寶琳里變電站",
        "name:zh-Hans": "宝琳里变电站",
        "name:zh-Hant": "寶琳里變電站",
        "operator": "中華電力有限公司 CLP Power Hong Kong Limited",
        "operator:en": "CLP Power Hong Kong Limited",
        "operator:short": "中華電力 CLP",
        "operator:short:en": "CLP",
        "operator:short:zh": "中華電力",
        "operator:short:zh-Hans": "中华电力",
        "operator:short:zh-Hant": "中華電力",
        "operator:wikidata": "Q977959",
        "operator:zh": "中華電力有限公司",
        "operator:zh-Hans": "中华电力有限公司",
        "operator:zh-Hant": "中華電力有限公司",
        "power": "substation"
      },
      "geometry": {
        "type": "Polygon",
        "coordinates": [
          [
            [
              114.2501583,
              22.3249034
            ],
            [
              114.2506977,
              22.325092
            ],
            [
              114.2505771,
              22.3254118
            ],
            [
              114.2502201,
              22.3252812
            ],
            [
              114.2501664,
              22.3252408
            ],
            [
              114.2501234,
              22.3251961
            ],
            [
              114.2501395,
              22.3250001
            ],
            [
              114.2501583,
              22.3249034
            ]
          ]
        ]
      },
      "id": "way/273637332"
    },
    {
      "type": "Feature",
      "properties": {
        "@id": "way/274031457",
        "name": "大磡變電站 Tai Hom Substation",
        "name:en": "Tai Hom Substation",
        "name:zh": "大磡變電站",
        "operator": "中華電力有限公司 CLP Power Hong Kong Limited",
        "operator:en": "CLP Power Hong Kong Limited",
        "operator:short": "中華電力 CLP",
        "operator:short:en": "CLP",
        "operator:short:zh": "中華電力",
        "operator:short:zh-Hans": "中华电力",
        "operator:short:zh-Hant": "中華電力",
        "operator:wikidata": "Q977959",
        "operator:zh": "中華電力有限公司",
        "operator:zh-Hans": "中华电力有限公司",
        "operator:zh-Hant": "中華電力有限公司",
        "power": "substation"
      },
      "geometry": {
        "type": "Polygon",
        "coordinates": [
          [
            [
              114.2041362,
              22.3376595
            ],
            [
              114.2045783,
              22.3378029
            ],
            [
              114.2044794,
              22.3378838
            ],
            [
              114.2039874,
              22.3381709
            ],
            [
              114.2041362,
              22.3376595
            ]
          ]
        ]
      },
      "id": "way/274031457"
    },
    {
      "type": "Feature",
      "properties": {
        "@id": "way/278470000",
        "location": "indoor",
        "name": "航天城路變電站 Sky City Road Substation",
        "name:en": "Sky City Road Substation",
        "name:zh": "航天城路變電站",
        "name:zh-Hans": "航天城路变电站",
        "name:zh-Hant": "航天城路變電站",
        "power": "substation"
      },
      "geometry": {
        "type": "Polygon",
        "coordinates": [
          [
            [
              113.937974,
              22.3208447
            ],
            [
              113.9378601,
              22.3206405
            ],
            [
              113.9378445,
              22.3206125
            ],
            [
              113.9385468,
              22.3202772
            ],
            [
              113.9386739,
              22.320505
            ],
            [
              113.9385264,
              22.3206564
            ],
            [
              113.9380784,
              22.3208702
            ],
            [
              113.9380452,
              22.3208107
            ],
            [
              113.937974,
              22.3208447
            ]
          ]
        ]
      },
      "id": "way/278470000"
    },
    {
      "type": "Feature",
      "properties": {
        "@id": "way/280188838",
        "building": "yes",
        "name": "機場A變電站 Airport 'A' Substation",
        "name:en": "Airport 'A' Substation",
        "name:zh": "機場A變電站",
        "name:zh-Hans": "机场A变电站",
        "name:zh-Hant": "機場A變電站",
        "power": "substation"
      },
      "geometry": {
        "type": "Polygon",
        "coordinates": [
          [
            [
              113.940933,
              22.3140213
            ],
            [
              113.9406281,
              22.3136056
            ],
            [
              113.940964,
              22.3133947
            ],
            [
              113.941087,
              22.3135623
            ],
            [
              113.9411345,
              22.3135324
            ],
            [
              113.9411562,
              22.313562
            ],
            [
              113.9411154,
              22.3135877
            ],
            [
              113.9411578,
              22.3136455
            ],
            [
              113.941202,
              22.3136178
            ],
            [
              113.9412372,
              22.3136658
            ],
            [
              113.9411882,
              22.3136966
            ],
            [
              113.9412709,
              22.3138092
            ],
            [
              113.940933,
              22.3140213
            ]
          ]
        ]
      },
      "id": "way/280188838"
    },
    {
      "type": "Feature",
      "properties": {
        "@id": "way/280213833",
        "addr:housenumber": "27",
        "addr:street": "赤鱲角南路 Chek Lap Kok South Road",
        "name": "機場B變電站 Airport 'B' Substation",
        "name:en": "Airport 'B' Substation",
        "name:zh": "機場B變電站",
        "name:zh-Hans": "机场B变电站",
        "name:zh-Hant": "機場B變電站",
        "power": "substation"
      },
      "geometry": {
        "type": "Polygon",
        "coordinates": [
          [
            [
              113.9227717,
              22.2943666
            ],
            [
              113.9228669,
              22.2941013
            ],
            [
              113.9234051,
              22.2942665
            ],
            [
              113.92331,
              22.2945318
            ],
            [
              113.9227717,
              22.2943666
            ]
          ]
        ]
      },
      "id": "way/280213833"
    },
    {
      "type": "Feature",
      "properties": {
        "@id": "way/280213845",
        "building": "service",
        "building:levels": "1",
        "power": "substation",
        "service": "power",
        "substation": "minor_distribution"
      },
      "geometry": {
        "type": "Polygon",
        "coordinates": [
          [
            [
              113.914186,
              22.2962143
            ],
            [
              113.9143284,
              22.2958312
            ],
            [
              113.9144366,
              22.2958656
            ],
            [
              113.9142942,
              22.2962487
            ],
            [
              113.914186,
              22.2962143
            ]
          ]
        ]
      },
      "id": "way/280213845"
    },
    {
      "type": "Feature",
      "properties": {
        "@id": "way/280219257",
        "name": "ESS",
        "name:en": "ESS",
        "operator": "中華電力有限公司 CLP Power Hong Kong Limited",
        "operator:en": "CLP Power Hong Kong Limited",
        "operator:short": "中華電力 CLP",
        "operator:short:en": "CLP",
        "operator:short:zh": "中華電力",
        "operator:short:zh-Hans": "中华电力",
        "operator:short:zh-Hant": "中華電力",
        "operator:wikidata": "Q977959",
        "operator:zh": "中華電力有限公司",
        "operator:zh-Hans": "中华电力有限公司",
        "operator:zh-Hant": "中華電力有限公司",
        "power": "substation"
      },
      "geometry": {
        "type": "Polygon",
        "coordinates": [
          [
            [
              113.9202406,
              22.3132801
            ],
            [
              113.9202601,
              22.3132285
            ],
            [
              113.9203891,
              22.3132702
            ],
            [
              113.9203696,
              22.3133218
            ],
            [
              113.9202406,
              22.3132801
            ]
          ]
        ]
      },
      "id": "way/280219257"
    },
    {
      "type": "Feature",
      "properties": {
        "@id": "way/280219264",
        "name": "Electric Substation",
        "name:en": "Electric Substation",
        "power": "substation"
      },
      "geometry": {
        "type": "Polygon",
        "coordinates": [
          [
            [
              113.9342636,
              22.3208551
            ],
            [
              113.9343682,
              22.3205752
            ],
            [
              113.9345324,
              22.3206278
            ],
            [
              113.9344277,
              22.3209076
            ],
            [
              113.9342636,
              22.3208551
            ]
          ]
        ]
      },
      "id": "way/280219264"
    },
    {
      "type": "Feature",
      "properties": {
        "@id": "way/280219267",
        "building": "service",
        "location": "indoor",
        "name": "Electric Substation & Switching Station",
        "power": "substation"
      },
      "geometry": {
        "type": "Polygon",
        "coordinates": [
          [
            [
              113.9350849,
              22.3205634
            ],
            [
              113.9351035,
              22.3205135
            ],
            [
              113.9350624,
              22.3205004
            ],
            [
              113.9350825,
              22.3204463
            ],
            [
              113.9353414,
              22.3205286
            ],
            [
              113.9353027,
              22.3206326
            ],
            [
              113.9350849,
              22.3205634
            ]
          ]
        ]
      },
      "id": "way/280219267"
    },
    {
      "type": "Feature",
      "properties": {
        "@id": "way/284050020",
        "addr:housename": "啟德變電站 Kai Tak Substation",
        "addr:housename:en": "Kai Tak Substation",
        "addr:housename:zh": "啟德變電站",
        "addr:housenumber": "101",
        "addr:street": "協調道 Concorde Road",
        "addr:street:en": "Concorde Road",
        "addr:street:zh": "協調道",
        "building": "service",
        "building:levels": "4",
        "name": "啟德變電站 Kai Tak Substation",
        "name:en": "Kai Tak Substation",
        "name:zh": "啟德變電站",
        "operator": "中華電力有限公司 CLP Power Hong Kong Limited",
        "operator:en": "CLP Power Hong Kong Limited",
        "operator:short": "中華電力 CLP",
        "operator:short:en": "CLP",
        "operator:short:zh": "中華電力",
        "operator:short:zh-Hans": "中华电力",
        "operator:short:zh-Hant": "中華電力",
        "operator:wikidata": "Q977959",
        "operator:zh": "中華電力有限公司",
        "operator:zh-Hans": "中华电力有限公司",
        "operator:zh-Hant": "中華電力有限公司",
        "power": "substation",
        "roof:levels": "1",
        "roof:shape": "flat",
        "service": "substation",
        "substation": "distribution",
        "utility": "power"
      },
      "geometry": {
        "type": "Polygon",
        "coordinates": [
          [
            [
              114.1998354,
              22.333318
            ],
            [
              114.1999219,
              22.3331135
            ],
            [
              114.2000303,
              22.3331527
            ],
            [
              114.1999999,
              22.3332248
            ],
            [
              114.2001684,
              22.3332858
            ],
            [
              114.2001124,
              22.3334182
            ],
            [
              114.1998354,
              22.333318
            ]
          ]
        ]
      },
      "id": "way/284050020"
    },
    {
      "type": "Feature",
      "properties": {
        "@id": "way/284050023",
        "addr:housename": "啟德變電站 Kai Tak Substation",
        "addr:housename:en": "Kai Tak Substation",
        "addr:housename:zh": "啟德變電站",
        "addr:housenumber": "101",
        "addr:street": "協調道 Concorde Road",
        "addr:street:en": "Concorde Road",
        "addr:street:zh": "協調道",
        "addr:suburb": "啟德 Kai Tak",
        "addr:suburb:en": "Kai Tak",
        "addr:suburb:zh": "啟德",
        "landuse": "industrial",
        "name": "啟德變電站 Kai Tak Substation",
        "name:en": "Kai Tak Substation",
        "name:zh": "啟德變電站",
        "operator": "中華電力有限公司 CLP Power Hong Kong Limited",
        "operator:en": "CLP Power Hong Kong Limited",
        "operator:short": "中華電力 CLP",
        "operator:short:en": "CLP",
        "operator:short:zh": "中華電力",
        "operator:short:zh-Hans": "中华电力",
        "operator:short:zh-Hant": "中華電力",
        "operator:wikidata": "Q977959",
        "operator:zh": "中華電力有限公司",
        "operator:zh-Hans": "中华电力有限公司",
        "operator:zh-Hant": "中華電力有限公司",
        "power": "substation",
        "substation": "distribution",
        "utility": "power"
      },
      "geometry": {
        "type": "Polygon",
        "coordinates": [
          [
            [
              114.1997274,
              22.3333421
            ],
            [
              114.1998312,
              22.3330991
            ],
            [
              114.1998376,
              22.3330845
            ],
            [
              114.1999219,
              22.3331135
            ],
            [
              114.2000303,
              22.3331527
            ],
            [
              114.2002042,
              22.3332159
            ],
            [
              114.2002348,
              22.3332428
            ],
            [
              114.2002566,
              22.333279
            ],
            [
              114.2002669,
              22.3333409
            ],
            [
              114.2002573,
              22.3333912
            ],
            [
              114.2001813,
              22.3334981
            ],
            [
              114.2001545,
              22.3334906
            ],
            [
              114.1997274,
              22.3333421
            ]
          ]
        ]
      },
      "id": "way/284050023"
    },
    {
      "type": "Feature",
      "properties": {
        "@id": "way/285844606",
        "building": "yes",
        "name": "東涌分區消防局變電站 Tung Chung Divisional Fire Station Substation",
        "name:en": "Tung Chung Divisional Fire Station Substation",
        "name:zh": "東涌分區消防局變電站",
        "name:zh-Hans": "东涌分区消防局变电站",
        "name:zh-Hant": "東涌分區消防局變電站",
        "power": "substation"
      },
      "geometry": {
        "type": "Polygon",
        "coordinates": [
          [
            [
              113.9415804,
              22.2848845
            ],
            [
              113.9414453,
              22.284743
            ],
            [
              113.9414877,
              22.2847083
            ],
            [
              113.9416228,
              22.2848498
            ],
            [
              113.9415804,
              22.2848845
            ]
          ]
        ]
      },
      "id": "way/285844606"
    },
    {
      "type": "Feature",
      "properties": {
        "@id": "way/291174750",
        "name": "瀝源變電站 Lek Yuen Substation",
        "name:en": "Lek Yuen Substation",
        "name:zh": "瀝源變電站",
        "operator": "中華電力 CLP",
        "operator:en": "CLP",
        "operator:wikidata": "Q977959",
        "operator:zh": "中華電力",
        "power": "substation",
        "substation": "yes"
      },
      "geometry": {
        "type": "Polygon",
        "coordinates": [
          [
            [
              114.1916099,
              22.386546
            ],
            [
              114.1913929,
              22.3863226
            ],
            [
              114.1915187,
              22.3862182
            ],
            [
              114.1917356,
              22.3864416
            ],
            [
              114.1916099,
              22.386546
            ]
          ]
        ]
      },
      "id": "way/291174750"
    },
    {
      "type": "Feature",
      "properties": {
        "@id": "way/295407310",
        "addr:housenumber": "22A",
        "addr:street": "雪廠街 Ice House Street",
        "landuse": "industrial",
        "name": "泄蘭街電站 Zetland Street Station Building",
        "name:en": "Zetland Street Station Building",
        "name:zh": "泄蘭街電站",
        "power": "substation"
      },
      "geometry": {
        "type": "Polygon",
        "coordinates": [
          [
            [
              114.1564693,
              22.2801308
            ],
            [
              114.1564773,
              22.2801106
            ],
            [
              114.1565175,
              22.2800096
            ],
            [
              114.1565477,
              22.279959
            ],
            [
              114.1567464,
              22.2801017
            ],
            [
              114.156641,
              22.2802273
            ],
            [
              114.1565987,
              22.2802777
            ],
            [
              114.1564693,
              22.2801308
            ]
          ]
        ]
      },
      "id": "way/295407310"
    },
    {
      "type": "Feature",
      "properties": {
        "@id": "way/296167535",
        "building": "yes",
        "name": "石硤尾變電站 Shek Kip Mei Substation",
        "name:en": "Shek Kip Mei Substation",
        "name:zh": "石硤尾變電站",
        "operator": "中華電力 CLP",
        "operator:en": "CLP",
        "operator:wikidata": "Q977959",
        "operator:zh": "中華電力",
        "operator:zh-Hans": "中华电力",
        "operator:zh-Hant": "中華電力",
        "power": "substation",
        "substation": "substation"
      },
      "geometry": {
        "type": "Polygon",
        "coordinates": [
          [
            [
              114.1676444,
              22.3337575
            ],
            [
              114.1675437,
              22.333835
            ],
            [
              114.1674978,
              22.3337839
            ],
            [
              114.1675985,
              22.3337064
            ],
            [
              114.1676444,
              22.3337575
            ]
          ]
        ]
      },
      "id": "way/296167535"
    },
    {
      "type": "Feature",
      "properties": {
        "@id": "way/296724538",
        "addr:housenumber": "21",
        "addr:street": "健康東街 Healthy Street East",
        "addr:street:en": "Healthy Street East",
        "addr:street:zh": "健康東街",
        "building": "service",
        "building:levels": "2",
        "name": "鰂魚涌變壓站 Quarry Bay Substation",
        "name:en": "Quarry Bay Substation",
        "name:zh": "鰂魚涌變壓站",
        "power": "substation",
        "service": "power",
        "substation": "distribution"
      },
      "geometry": {
        "type": "Polygon",
        "coordinates": [
          [
            [
              114.2068122,
              22.2911841
            ],
            [
              114.2068367,
              22.291241
            ],
            [
              114.2067124,
              22.2912869
            ],
            [
              114.2066879,
              22.2912299
            ],
            [
              114.2068122,
              22.2911841
            ]
          ]
        ]
      },
      "id": "way/296724538"
    },
    {
      "type": "Feature",
      "properties": {
        "@id": "way/296724554",
        "addr:housenumber": "1A",
        "addr:street": "Tai Cheong Street",
        "name": "西灣河變壓站 Sai Wan Ho Substation",
        "name:en": "Sai Wan Ho Substation",
        "name:zh": "西灣河變壓站",
        "name:zh-Hans": "西湾河变压站",
        "name:zh-Hant": "西灣河變壓站",
        "power": "substation"
      },
      "geometry": {
        "type": "Polygon",
        "coordinates": [
          [
            [
              114.2202119,
              22.2834395
            ],
            [
              114.2202477,
              22.2833949
            ],
            [
              114.2202914,
              22.2834249
            ],
            [
              114.2203065,
              22.2834353
            ],
            [
              114.2203739,
              22.2834817
            ],
            [
              114.220338,
              22.2835263
            ],
            [
              114.2202707,
              22.2834799
            ],
            [
              114.2202119,
              22.2834395
            ]
          ]
        ]
      },
      "id": "way/296724554"
    },
    {
      "type": "Feature",
      "properties": {
        "@id": "way/297494120",
        "addr:housenumber": "177",
        "addr:street": "Cha Kwo Ling Road",
        "building": "yes",
        "name": "茶果嶺變電站 Cha Kwo Ling Substation",
        "name:en": "Cha Kwo Ling Substation",
        "name:zh": "茶果嶺變電站",
        "power": "substation"
      },
      "geometry": {
        "type": "Polygon",
        "coordinates": [
          [
            [
              114.2273956,
              22.3026513
            ],
            [
              114.2273977,
              22.3025687
            ],
            [
              114.2275462,
              22.302572
            ],
            [
              114.2275441,
              22.3026547
            ],
            [
              114.2273956,
              22.3026513
            ]
          ]
        ]
      },
      "id": "way/297494120"
    },
    {
      "type": "Feature",
      "properties": {
        "@id": "way/297494189",
        "building": "yes",
        "building:levels": "1",
        "power": "substation"
      },
      "geometry": {
        "type": "Polygon",
        "coordinates": [
          [
            [
              114.2295328,
              22.309386
            ],
            [
              114.2295781,
              22.3093566
            ],
            [
              114.2296485,
              22.3094493
            ],
            [
              114.2296032,
              22.3094787
            ],
            [
              114.2295328,
              22.309386
            ]
          ]
        ]
      },
      "id": "way/297494189"
    },
    {
      "type": "Feature",
      "properties": {
        "@id": "way/297494204",
        "building": "yes",
        "power": "substation"
      },
      "geometry": {
        "type": "Polygon",
        "coordinates": [
          [
            [
              114.2310067,
              22.3108428
            ],
            [
              114.2310566,
              22.3107812
            ],
            [
              114.2311373,
              22.310837
            ],
            [
              114.2310874,
              22.3108987
            ],
            [
              114.2310067,
              22.3108428
            ]
          ]
        ]
      },
      "id": "way/297494204"
    },
    {
      "type": "Feature",
      "properties": {
        "@id": "way/297740240",
        "building": "yes",
        "power": "substation"
      },
      "geometry": {
        "type": "Polygon",
        "coordinates": [
          [
            [
              114.1156518,
              22.370781
            ],
            [
              114.1156273,
              22.3707403
            ],
            [
              114.1157428,
              22.370681
            ],
            [
              114.1157672,
              22.3707217
            ],
            [
              114.1156518,
              22.370781
            ]
          ]
        ]
      },
      "id": "way/297740240"
    },
    {
      "type": "Feature",
      "properties": {
        "@id": "way/298129045",
        "landuse": "industrial",
        "name": "高超道變電站 Ko Chiu Road Substation",
        "name:en": "Ko Chiu Road Substation",
        "name:zh": "高超道變電站",
        "power": "substation"
      },
      "geometry": {
        "type": "Polygon",
        "coordinates": [
          [
            [
              114.2395272,
              22.2990104
            ],
            [
              114.239685,
              22.2985305
            ],
            [
              114.2398112,
              22.2985646
            ],
            [
              114.2399206,
              22.2990201
            ],
            [
              114.2397165,
              22.2990668
            ],
            [
              114.2395272,
              22.2990104
            ]
          ]
        ]
      },
      "id": "way/298129045"
    },
    {
      "type": "Feature",
      "properties": {
        "@id": "way/299215772",
        "addr:housenumber": "2A",
        "addr:street": "Hung To Road",
        "building": "yes",
        "building:levels": "2",
        "name": "勵業街變電站 Lai Yip Street Substation",
        "name:en": "Lai Yip Street Substation",
        "name:zh": "勵業街變電站",
        "power": "substation"
      },
      "geometry": {
        "type": "Polygon",
        "coordinates": [
          [
            [
              114.2181885,
              22.3143112
            ],
            [
              114.2180675,
              22.3141964
            ],
            [
              114.2181362,
              22.3141348
            ],
            [
              114.2182572,
              22.3142496
            ],
            [
              114.2181885,
              22.3143112
            ]
          ]
        ]
      },
      "id": "way/299215772"
    },
    {
      "type": "Feature",
      "properties": {
        "@id": "way/299215798",
        "addr:housenumber": "314",
        "addr:street": "Kwun Tong Road",
        "name": "牛頭角變電站 Ngau Tau Kok Substation",
        "name:en": "Ngau Tau Kok Substation",
        "name:zh": "牛頭角變電站",
        "power": "substation"
      },
      "geometry": {
        "type": "Polygon",
        "coordinates": [
          [
            [
              114.2147794,
              22.3171218
            ],
            [
              114.214923,
              22.3169875
            ],
            [
              114.21512,
              22.3171682
            ],
            [
              114.2149927,
              22.3173142
            ],
            [
              114.2147794,
              22.3171218
            ]
          ]
        ]
      },
      "id": "way/299215798"
    },
    {
      "type": "Feature",
      "properties": {
        "@id": "way/299581628",
        "brand": "中電 CLP",
        "brand:en": "CLP",
        "brand:wikidata": "Q977959",
        "brand:zh": "中電",
        "building": "service",
        "building:levels": "1",
        "operation": "private",
        "operator": "中華電力有限公司 CLP Power Hong Kong Limited",
        "operator:en": "CLP Power Hong Kong Limited",
        "operator:short": "中華電力 CLP",
        "operator:short:en": "CLP",
        "operator:short:zh": "中華電力",
        "operator:short:zh-Hans": "中华电力",
        "operator:short:zh-Hant": "中華電力",
        "operator:wikidata": "Q977959",
        "operator:zh": "中華電力有限公司",
        "operator:zh-Hans": "中华电力有限公司",
        "operator:zh-Hant": "中華電力有限公司",
        "ownership": "government",
        "power": "substation",
        "substation": "minor_distribution"
      },
      "geometry": {
        "type": "Polygon",
        "coordinates": [
          [
            [
              114.1949505,
              22.3856245
            ],
            [
              114.1949541,
              22.3855642
            ],
            [
              114.1950798,
              22.3855705
            ],
            [
              114.1950764,
              22.3856307
            ],
            [
              114.1949505,
              22.3856245
            ]
          ]
        ]
      },
      "id": "way/299581628"
    },
    {
      "type": "Feature",
      "properties": {
        "@id": "way/300687193",
        "addr:street": "深慈街 Sham Tsz Street",
        "addr:street:en": "Sham Tsz Street",
        "addr:street:zh": "深慈街",
        "name": "深井變電站 Sham Tseng Substation",
        "name:en": "Sham Tseng Substation",
        "name:zh": "深井變電站",
        "power": "substation",
        "substation": "distribution"
      },
      "geometry": {
        "type": "Polygon",
        "coordinates": [
          [
            [
              114.0642131,
              22.3649262
            ],
            [
              114.0643458,
              22.3647416
            ],
            [
              114.064779,
              22.364996
            ],
            [
              114.0647422,
              22.3650511
            ],
            [
              114.0646619,
              22.3650795
            ],
            [
              114.0646028,
              22.3651629
            ],
            [
              114.0642131,
              22.3649262
            ]
          ]
        ]
      },
      "id": "way/300687193"
    },
    {
      "type": "Feature",
      "properties": {
        "@id": "way/301326736",
        "building": "yes",
        "name": "海洋公園威威天地變電站 Ocean Park Whiskers Harbour Substation",
        "name:en": "Ocean Park Whiskers Harbour Substation",
        "name:zh": "海洋公園威威天地變電站",
        "operator": "香港電燈有限公司 The Hongkong Electric Company, Limited",
        "operator:en": "The Hongkong Electric Company, Limited",
        "operator:short": "港燈 HK Electric",
        "operator:short:en": "HK Electric",
        "operator:short:zh": "港燈",
        "operator:short:zh-Hans": "港灯",
        "operator:short:zh-Hant": "港燈",
        "operator:wikidata": "Q709104",
        "operator:zh": "香港電燈有限公司",
        "operator:zh-Hans": "香港电灯有限公司",
        "operator:zh-Hant": "香港電燈有限公司",
        "power": "substation",
        "substation": "substation"
      },
      "geometry": {
        "type": "Polygon",
        "coordinates": [
          [
            [
              114.1771906,
              22.2455277
            ],
            [
              114.1772423,
              22.2454419
            ],
            [
              114.1772909,
              22.245467
            ],
            [
              114.1772391,
              22.2455528
            ],
            [
              114.1771906,
              22.2455277
            ]
          ]
        ]
      },
      "id": "way/301326736"
    },
    {
      "type": "Feature",
      "properties": {
        "@id": "way/304385590",
        "addr:street": "龍和道 Lung Wo Road",
        "addr:street:en": "Lung Wo Road",
        "addr:street:wikidata": "Q7185311",
        "addr:street:zh": "龍和道",
        "building": "service",
        "building:levels": "1",
        "name": "龍匯道香港上海匯豐銀行大廈泵房變電站 Lung Wui Road HSBC Building Pumping Station Substation",
        "name:en": "Lung Wui Road HSBC Building Pumping Station Substation",
        "name:zh": "龍匯道香港上海匯豐銀行大廈泵房變電站",
        "name:zh-Hans": "龙汇道香港上海汇丰银行大厦泵房变电站",
        "name:zh-Hant": "龍匯道香港上海匯豐銀行大廈泵房變電站",
        "operator": "香港電燈有限公司 The Hongkong Electric Company, Limited",
        "operator:en": "The Hongkong Electric Company, Limited",
        "operator:short": "港燈 HK Electric",
        "operator:short:en": "HK Electric",
        "operator:short:zh": "港燈",
        "operator:short:zh-Hans": "港灯",
        "operator:short:zh-Hant": "港燈",
        "operator:type": "private",
        "operator:wikidata": "Q709104",
        "operator:zh": "香港電燈有限公司",
        "operator:zh-Hans": "香港电灯有限公司",
        "operator:zh-Hant": "香港電燈有限公司",
        "ownership": "private",
        "power": "substation",
        "service": "power",
        "substation": "minor_distribution"
      },
      "geometry": {
        "type": "Polygon",
        "coordinates": [
          [
            [
              114.1643354,
              22.2828937
            ],
            [
              114.1643183,
              22.282794
            ],
            [
              114.1645312,
              22.2827628
            ],
            [
              114.1645483,
              22.2828625
            ],
            [
              114.1643354,
              22.2828937
            ]
          ]
        ]
      },
      "id": "way/304385590"
    },
    {
      "type": "Feature",
      "properties": {
        "@id": "way/304385596",
        "addr:street": "龍和道 Lung Wo Road",
        "addr:street:en": "Lung Wo Road",
        "addr:street:wikidata": "Q7185311",
        "addr:street:zh": "龍和道",
        "building": "service",
        "building:levels": "1",
        "name": "龍匯道政府大廈泵房西變電站 Lung Wui Road Government Building Pumping Station West Substation",
        "name:en": "Lung Wui Road Government Building Pumping Station West Substation",
        "name:zh": "龍匯道政府大廈泵房西變電站",
        "name:zh-Hans": "龙汇道政府大厦泵房西变电站",
        "name:zh-Hant": "龍匯道政府大廈泵房西變電站",
        "operator": "香港電燈有限公司 The Hongkong Electric Company, Limited",
        "operator:en": "The Hongkong Electric Company, Limited",
        "operator:short": "港燈 HK Electric",
        "operator:short:en": "HK Electric",
        "operator:short:zh": "港燈",
        "operator:short:zh-Hans": "港灯",
        "operator:short:zh-Hant": "港燈",
        "operator:type": "private",
        "operator:wikidata": "Q709104",
        "operator:zh": "香港電燈有限公司",
        "operator:zh-Hans": "香港电灯有限公司",
        "operator:zh-Hant": "香港電燈有限公司",
        "ownership": "government",
        "power": "substation",
        "service": "power",
        "substation": "minor_distribution"
      },
      "geometry": {
        "type": "Polygon",
        "coordinates": [
          [
            [
              114.1645575,
              22.2828611
            ],
            [
              114.1645404,
              22.2827615
            ],
            [
              114.1646142,
              22.2827506
            ],
            [
              114.1646313,
              22.2828503
            ],
            [
              114.1645575,
              22.2828611
            ]
          ]
        ]
      },
      "id": "way/304385596"
    },
    {
      "type": "Feature",
      "properties": {
        "@id": "way/312155612",
        "name": "駿日街變電站 Chun Yat Street Substation",
        "name:en": "Chun Yat Street Substation",
        "name:zh": "駿日街變電站",
        "power": "substation"
      },
      "geometry": {
        "type": "Polygon",
        "coordinates": [
          [
            [
              114.2704861,
              22.2851984
            ],
            [
              114.2701577,
              22.2853301
            ],
            [
              114.2698403,
              22.2846272
            ],
            [
              114.2701639,
              22.2844999
            ],
            [
              114.2704861,
              22.2851984
            ]
          ]
        ]
      },
      "id": "way/312155612"
    },
    {
      "type": "Feature",
      "properties": {
        "@id": "way/316843162",
        "addr:housenumber": "31",
        "addr:street": "花園街 Fa Yuen Street",
        "landuse": "industrial",
        "location": "indoor",
        "name": "花園街變電站 Fa Yuen Street Substation",
        "name:en": "Fa Yuen Street Substation",
        "name:zh": "花園街變電站",
        "operator": "中華電力 CLP",
        "operator:en": "CLP",
        "operator:wikidata": "Q977959",
        "operator:zh": "中華電力",
        "operator:zh-Hans": "中华电力",
        "operator:zh-Hant": "中華電力",
        "power": "substation"
      },
      "geometry": {
        "type": "Polygon",
        "coordinates": [
          [
            [
              114.1714307,
              22.3174655
            ],
            [
              114.1714275,
              22.3174803
            ],
            [
              114.1712576,
              22.3174494
            ],
            [
              114.1712796,
              22.3173457
            ],
            [
              114.1714495,
              22.3173766
            ],
            [
              114.1714467,
              22.3173902
            ],
            [
              114.1714307,
              22.3174655
            ]
          ]
        ]
      },
      "id": "way/316843162"
    },
    {
      "type": "Feature",
      "properties": {
        "@id": "way/316843167",
        "addr:housenumber": "3",
        "addr:street": "快富街 Fife Street",
        "name": "快富街變電站 Fife Street Substation",
        "name:en": "Fife Street Substation",
        "name:zh": "快富街變電站",
        "power": "substation"
      },
      "geometry": {
        "type": "Polygon",
        "coordinates": [
          [
            [
              114.1683912,
              22.3198965
            ],
            [
              114.1683622,
              22.320039
            ],
            [
              114.1682579,
              22.3200209
            ],
            [
              114.1682869,
              22.3198784
            ],
            [
              114.1683912,
              22.3198965
            ]
          ]
        ]
      },
      "id": "way/316843167"
    },
    {
      "type": "Feature",
      "properties": {
        "@id": "way/316843277",
        "addr:housenumber": "2P",
        "addr:street": "奶路臣街 Nelson Street",
        "name": "奶路臣街變電站 Nelson Street Substation",
        "name:en": "Nelson Street Substation",
        "name:zh": "奶路臣街變電站",
        "power": "substation"
      },
      "geometry": {
        "type": "Polygon",
        "coordinates": [
          [
            [
              114.167677,
              22.3179508
            ],
            [
              114.1676503,
              22.3179461
            ],
            [
              114.1676728,
              22.3178362
            ],
            [
              114.1678189,
              22.3178618
            ],
            [
              114.1678175,
              22.3178686
            ],
            [
              114.1677964,
              22.3179717
            ],
            [
              114.167677,
              22.3179508
            ]
          ]
        ]
      },
      "id": "way/316843277"
    },
    {
      "type": "Feature",
      "properties": {
        "@id": "way/316843296",
        "addr:housenumber": "131-137",
        "addr:street": "砵蘭街 Portland Street",
        "name": "砵蘭街變電站 Portland Street Substation",
        "name:en": "Portland Street Substation",
        "name:zh": "砵蘭街變電站",
        "power": "substation"
      },
      "geometry": {
        "type": "Polygon",
        "coordinates": [
          [
            [
              114.1694145,
              22.3154095
            ],
            [
              114.1693819,
              22.3155724
            ],
            [
              114.1692037,
              22.3155419
            ],
            [
              114.1691789,
              22.3155377
            ],
            [
              114.1691864,
              22.3155001
            ],
            [
              114.1692033,
              22.3154156
            ],
            [
              114.1692115,
              22.3153748
            ],
            [
              114.1692373,
              22.3153792
            ],
            [
              114.1694145,
              22.3154095
            ]
          ]
        ]
      },
      "id": "way/316843296"
    },
    {
      "type": "Feature",
      "properties": {
        "@id": "way/316843303",
        "addr:housenumber": "285",
        "addr:street": "新填地街 Reclamation Street",
        "building": "yes",
        "building:levels": "1",
        "name": "新填地街285變電站 Reclamation Street 285 Substation",
        "name:en": "Reclamation Street 285 Substation",
        "name:zh": "新填地街285變電站",
        "power": "substation"
      },
      "geometry": {
        "type": "Polygon",
        "coordinates": [
          [
            [
              114.1682078,
              22.3152274
            ],
            [
              114.1683648,
              22.3152536
            ],
            [
              114.1683563,
              22.3152972
            ],
            [
              114.1681993,
              22.3152709
            ],
            [
              114.1682078,
              22.3152274
            ]
          ]
        ]
      },
      "id": "way/316843303"
    },
    {
      "type": "Feature",
      "properties": {
        "@id": "way/316843380",
        "addr:housenumber": "59",
        "addr:street": "通菜街 Tung Choi Street",
        "building": "industrial",
        "building:levels": "1",
        "location": "indoor",
        "name": "通菜街五十九號變電站 Tung Choi Street 59 Substaion",
        "name:en": "Tung Choi Street 59 Substaion",
        "name:zh": "通菜街五十九號變電站",
        "operator": "中華電力 CLP",
        "operator:en": "CLP",
        "operator:wikidata": "Q977959",
        "operator:zh": "中華電力",
        "operator:zh-Hans": "中华电力",
        "operator:zh-Hant": "中華電力",
        "power": "substation",
        "substation": "substation"
      },
      "geometry": {
        "type": "Polygon",
        "coordinates": [
          [
            [
              114.1707139,
              22.3182216
            ],
            [
              114.170549,
              22.3181916
            ],
            [
              114.1705588,
              22.3181453
            ],
            [
              114.1707238,
              22.3181753
            ],
            [
              114.1707139,
              22.3182216
            ]
          ]
        ]
      },
      "id": "way/316843380"
    },
    {
      "type": "Feature",
      "properties": {
        "@id": "way/316856624",
        "addr:housenumber": "12",
        "addr:street": "Shamchun Street",
        "name": "深圳街變電站 Sham Chun Street Substation",
        "name:en": "Sham Chun Street Substation",
        "name:zh": "深圳街變電站",
        "operator": "中華電力 CLP",
        "operator:en": "CLP",
        "operator:wikidata": "Q977959",
        "operator:zh": "中華電力",
        "operator:zh-Hans": "中华电力",
        "operator:zh-Hant": "中華電力",
        "power": "substation"
      },
      "geometry": {
        "type": "Polygon",
        "coordinates": [
          [
            [
              114.1665866,
              22.3191983
            ],
            [
              114.1665021,
              22.3191828
            ],
            [
              114.1665073,
              22.3191585
            ],
            [
              114.1665288,
              22.3190584
            ],
            [
              114.1665502,
              22.3189586
            ],
            [
              114.1666029,
              22.3189683
            ],
            [
              114.1667023,
              22.3189865
            ],
            [
              114.1666681,
              22.319146
            ],
            [
              114.1665866,
              22.3191983
            ]
          ]
        ]
      },
      "id": "way/316856624"
    },
    {
      "type": "Feature",
      "properties": {
        "@id": "way/319508254",
        "addr:housenumber": "700",
        "addr:street": "Victoria Road",
        "name": "域多利道分區電力站 Victoria Road Zone Substation",
        "name:en": "Victoria Road Zone Substation",
        "name:zh": "域多利道分區電力站",
        "name:zh-Hans": "域多利道分区电力站",
        "name:zh-Hant": "域多利道分區電力站",
        "operator": "香港電燈有限公司 The Hongkong Electric Company, Limited",
        "operator:en": "The Hongkong Electric Company, Limited",
        "operator:short": "港燈 HK Electric",
        "operator:short:en": "HK Electric",
        "operator:short:zh": "港燈",
        "operator:short:zh-Hans": "港灯",
        "operator:short:zh-Hant": "港燈",
        "operator:wikidata": "Q709104",
        "operator:zh": "香港電燈有限公司",
        "operator:zh-Hans": "香港电灯有限公司",
        "operator:zh-Hant": "香港電燈有限公司",
        "power": "substation",
        "substation": "yes"
      },
      "geometry": {
        "type": "Polygon",
        "coordinates": [
          [
            [
              114.1347388,
              22.2559923
            ],
            [
              114.1347308,
              22.2559476
            ],
            [
              114.1346923,
              22.2559108
            ],
            [
              114.1349434,
              22.2559041
            ],
            [
              114.134945,
              22.2557714
            ],
            [
              114.1351803,
              22.2557768
            ],
            [
              114.1351802,
              22.2560253
            ],
            [
              114.1350312,
              22.2560569
            ],
            [
              114.1347576,
              22.2560866
            ],
            [
              114.1347388,
              22.2559923
            ]
          ]
        ]
      },
      "id": "way/319508254"
    },
    {
      "type": "Feature",
      "properties": {
        "@id": "way/323745474",
        "addr:housenumber": "111",
        "addr:street": "盛泰道 Shing Tai Road",
        "addr:street:en": "Shing Tai Road",
        "addr:street:wikidata": "Q15936019",
        "addr:street:zh": "盛泰道",
        "name": "杏花邨電站 Heng Fa Chuen Station Building",
        "name:en": "Heng Fa Chuen Station Building",
        "name:zh": "杏花邨電站",
        "operator": "香港電燈有限公司 The Hongkong Electric Company, Limited",
        "operator:en": "The Hongkong Electric Company, Limited",
        "operator:short": "港燈 HK Electric",
        "operator:short:en": "HK Electric",
        "operator:short:zh": "港燈",
        "operator:short:zh-Hans": "港灯",
        "operator:short:zh-Hant": "港燈",
        "operator:wikidata": "Q709104",
        "operator:zh": "香港電燈有限公司",
        "operator:zh-Hans": "香港电灯有限公司",
        "operator:zh-Hant": "香港電燈有限公司",
        "power": "substation"
      },
      "geometry": {
        "type": "Polygon",
        "coordinates": [
          [
            [
              114.2421372,
              22.2727259
            ],
            [
              114.2415774,
              22.2731274
            ],
            [
              114.2415367,
              22.2729364
            ],
            [
              114.2415302,
              22.2729058
            ],
            [
              114.2414973,
              22.2726886
            ],
            [
              114.2419814,
              22.272525
            ],
            [
              114.2420304,
              22.2726039
            ],
            [
              114.2421372,
              22.2727259
            ]
          ]
        ]
      },
      "id": "way/323745474"
    },
    {
      "type": "Feature",
      "properties": {
        "@id": "way/342109865",
        "addr:housenumber": "15",
        "addr:street": "運盛街 Wan Shing Street",
        "building": "yes",
        "name": "馬師道電站 Marsh Road Station Building",
        "name:en": "Marsh Road Station Building",
        "name:zh": "馬師道電站",
        "name:zh-Hans": "马师道电站",
        "name:zh-Hant": "馬師道電站",
        "power": "substation"
      },
      "geometry": {
        "type": "Polygon",
        "coordinates": [
          [
            [
              114.1787355,
              22.2816496
            ],
            [
              114.178668,
              22.2816267
            ],
            [
              114.1787107,
              22.2815186
            ],
            [
              114.1787401,
              22.2815285
            ],
            [
              114.1788272,
              22.2813086
            ],
            [
              114.1789149,
              22.2813383
            ],
            [
              114.1789265,
              22.2813091
            ],
            [
              114.1791039,
              22.2813692
            ],
            [
              114.1790935,
              22.2813954
            ],
            [
              114.1791677,
              22.2814205
            ],
            [
              114.1790472,
              22.2817251
            ],
            [
              114.178746,
              22.281623
            ],
            [
              114.1787355,
              22.2816496
            ]
          ]
        ]
      },
      "id": "way/342109865"
    },
    {
      "type": "Feature",
      "properties": {
        "@id": "way/342109880",
        "name": "馬師道分區變電站 Marsh Road Station Building",
        "name:en": "Marsh Road Station Building",
        "name:zh": "馬師道分區變電站",
        "operator": "香港電燈有限公司 The Hongkong Electric Company, Limited",
        "operator:en": "The Hongkong Electric Company, Limited",
        "operator:short": "港燈 HK Electric",
        "operator:short:en": "HK Electric",
        "operator:short:zh": "港燈",
        "operator:short:zh-Hans": "港灯",
        "operator:short:zh-Hant": "港燈",
        "operator:wikidata": "Q709104",
        "operator:zh": "香港電燈有限公司",
        "operator:zh-Hans": "香港电灯有限公司",
        "operator:zh-Hant": "香港電燈有限公司",
        "power": "substation"
      },
      "geometry": {
        "type": "Polygon",
        "coordinates": [
          [
            [
              114.1788183,
              22.2822082
            ],
            [
              114.1787038,
              22.2824982
            ],
            [
              114.1784019,
              22.2823961
            ],
            [
              114.1785163,
              22.2821061
            ],
            [
              114.1788183,
              22.2822082
            ]
          ]
        ]
      },
      "id": "way/342109880"
    },
    {
      "type": "Feature",
      "properties": {
        "@id": "way/342227574",
        "building": "yes",
        "name": "斧山變電站 Hammer Hill Substation",
        "name:en": "Hammer Hill Substation",
        "name:zh": "斧山變電站",
        "operator": "中華電力有限公司 CLP Power Hong Kong Limited",
        "operator:en": "CLP Power Hong Kong Limited",
        "operator:short": "中華電力 CLP",
        "operator:short:en": "CLP",
        "operator:short:zh": "中華電力",
        "operator:short:zh-Hans": "中华电力",
        "operator:short:zh-Hant": "中華電力",
        "operator:wikidata": "Q977959",
        "operator:zh": "中華電力有限公司",
        "operator:zh-Hans": "中华电力有限公司",
        "operator:zh-Hant": "中華電力有限公司",
        "power": "substation",
        "substation": "distribution"
      },
      "geometry": {
        "type": "Polygon",
        "coordinates": [
          [
            [
              114.2061327,
              22.3461064
            ],
            [
              114.2063161,
              22.345928
            ],
            [
              114.206657,
              22.3462278
            ],
            [
              114.2064736,
              22.3464062
            ],
            [
              114.2061327,
              22.3461064
            ]
          ]
        ]
      },
      "id": "way/342227574"
    },
    {
      "type": "Feature",
      "properties": {
        "@id": "way/346859312",
        "addr:housenumber": "32",
        "addr:street": "黃竹坑道 Wong Chuk Hang Road",
        "name": "香葉道電站 Heung Yip Road Station Building",
        "name:en": "Heung Yip Road Station Building",
        "name:zh": "香葉道電站",
        "power": "substation"
      },
      "geometry": {
        "type": "Polygon",
        "coordinates": [
          [
            [
              114.1653867,
              22.2481522
            ],
            [
              114.1652601,
              22.248139
            ],
            [
              114.1652725,
              22.2477968
            ],
            [
              114.1653587,
              22.2478034
            ],
            [
              114.165434,
              22.2478082
            ],
            [
              114.1654333,
              22.2478131
            ],
            [
              114.1654018,
              22.2480423
            ],
            [
              114.1653867,
              22.2481522
            ]
          ]
        ]
      },
      "id": "way/346859312"
    },
    {
      "type": "Feature",
      "properties": {
        "@id": "way/367454272",
        "building": "yes",
        "building:levels": "4",
        "power": "substation",
        "substation": "substation"
      },
      "geometry": {
        "type": "Polygon",
        "coordinates": [
          [
            [
              114.1316534,
              22.3700143
            ],
            [
              114.1314799,
              22.3697626
            ],
            [
              114.1315279,
              22.3697356
            ],
            [
              114.1315637,
              22.3697155
            ],
            [
              114.1315342,
              22.3696711
            ],
            [
              114.1318686,
              22.3694719
            ],
            [
              114.1319683,
              22.3694126
            ],
            [
              114.1320055,
              22.3693905
            ],
            [
              114.1321521,
              22.3693031
            ],
            [
              114.1321541,
              22.369306
            ],
            [
              114.1323525,
              22.3695944
            ],
            [
              114.1323544,
              22.3695971
            ],
            [
              114.1321402,
              22.3697245
            ],
            [
              114.1321576,
              22.3697487
            ],
            [
              114.1320874,
              22.3697903
            ],
            [
              114.13207,
              22.3697662
            ],
            [
              114.1320584,
              22.3697732
            ],
            [
              114.1320127,
              22.3698004
            ],
            [
              114.1320008,
              22.3698076
            ],
            [
              114.1320179,
              22.3698311
            ],
            [
              114.1319481,
              22.3698731
            ],
            [
              114.1319308,
              22.3698493
            ],
            [
              114.1316534,
              22.3700143
            ]
          ]
        ]
      },
      "id": "way/367454272"
    },
    {
      "type": "Feature",
      "properties": {
        "@id": "way/367454275",
        "addr:housenumber": "1",
        "addr:street": "耀榮街 Yiu Wing Street",
        "name": "耀榮街變電站 Yiu Wing Street Substation",
        "name:en": "Yiu Wing Street Substation",
        "name:zh": "耀榮街變電站",
        "name:zh-Hans": "耀荣街变电站",
        "name:zh-Hant": "耀榮街變電站",
        "operator": "中華電力有限公司 CLP Power Hong Kong Limited",
        "operator:en": "CLP Power Hong Kong Limited",
        "operator:short": "中華電力 CLP",
        "operator:short:en": "CLP",
        "operator:short:zh": "中華電力",
        "operator:short:zh-Hans": "中华电力",
        "operator:short:zh-Hant": "中華電力",
        "operator:wikidata": "Q977959",
        "operator:zh": "中華電力有限公司",
        "operator:zh-Hans": "中华电力有限公司",
        "operator:zh-Hant": "中華電力有限公司",
        "power": "substation",
        "substation": "substation"
      },
      "geometry": {
        "type": "Polygon",
        "coordinates": [
          [
            [
              114.1321289,
              22.3691227
            ],
            [
              114.1318981,
              22.3688071
            ],
            [
              114.1324223,
              22.368519
            ],
            [
              114.1324891,
              22.3684825
            ],
            [
              114.1325246,
              22.3684792
            ],
            [
              114.1325566,
              22.3684911
            ],
            [
              114.1325825,
              22.3685187
            ],
            [
              114.1325996,
              22.3685492
            ],
            [
              114.1326871,
              22.3686757
            ],
            [
              114.1327113,
              22.3687119
            ],
            [
              114.1327158,
              22.3687229
            ],
            [
              114.1327195,
              22.3687388
            ],
            [
              114.1327151,
              22.3687589
            ],
            [
              114.1327076,
              22.3687727
            ],
            [
              114.1326928,
              22.3687857
            ],
            [
              114.1325779,
              22.3688541
            ],
            [
              114.1325753,
              22.3688492
            ],
            [
              114.1325653,
              22.3688348
            ],
            [
              114.1325339,
              22.3688533
            ],
            [
              114.1325029,
              22.3688716
            ],
            [
              114.1325057,
              22.3688758
            ],
            [
              114.1325085,
              22.3688799
            ],
            [
              114.1325164,
              22.3688751
            ],
            [
              114.1325238,
              22.3688867
            ],
            [
              114.1324309,
              22.3689422
            ],
            [
              114.1321397,
              22.3691162
            ],
            [
              114.1321289,
              22.3691227
            ]
          ]
        ]
      },
      "id": "way/367454275"
    },
    {
      "type": "Feature",
      "properties": {
        "@id": "way/369394407",
        "building": "yes",
        "name": "沙田馬會變電站 Shatin Racecourse Substation",
        "name:en": "Shatin Racecourse Substation",
        "name:zh": "沙田馬會變電站",
        "power": "substation"
      },
      "geometry": {
        "type": "Polygon",
        "coordinates": [
          [
            [
              114.200212,
              22.3953771
            ],
            [
              114.2004376,
              22.3952504
            ],
            [
              114.2006897,
              22.3955331
            ],
            [
              114.2006001,
              22.3956054
            ],
            [
              114.20051,
              22.3956595
            ],
            [
              114.2004321,
              22.3956976
            ],
            [
              114.200212,
              22.3953771
            ]
          ]
        ]
      },
      "id": "way/369394407"
    },
    {
      "type": "Feature",
      "properties": {
        "@id": "way/377101914",
        "building": "service",
        "name": "烏溪沙奧運前奏變電站 Wu Kai Sha YMCA HKSI Substation",
        "name:en": "Wu Kai Sha YMCA HKSI Substation",
        "name:zh": "烏溪沙奧運前奏變電站",
        "power": "substation",
        "service": "power",
        "substation": "minor_distribution"
      },
      "geometry": {
        "type": "Polygon",
        "coordinates": [
          [
            [
              114.2378397,
              22.4287628
            ],
            [
              114.2378741,
              22.4287205
            ],
            [
              114.2379786,
              22.4287932
            ],
            [
              114.2379441,
              22.4288355
            ],
            [
              114.2378397,
              22.4287628
            ]
          ]
        ]
      },
      "id": "way/377101914"
    },
    {
      "type": "Feature",
      "properties": {
        "@id": "way/377824174",
        "building": "yes",
        "name": "大澳變電站 Tai O Substation",
        "name:en": "Tai O Substation",
        "name:zh": "大澳變電站",
        "power": "substation"
      },
      "geometry": {
        "type": "Polygon",
        "coordinates": [
          [
            [
              113.8583974,
              22.255649
            ],
            [
              113.8583711,
              22.2555578
            ],
            [
              113.8585323,
              22.25552
            ],
            [
              113.8585593,
              22.2556106
            ],
            [
              113.8583974,
              22.255649
            ]
          ]
        ]
      },
      "id": "way/377824174"
    },
    {
      "type": "Feature",
      "properties": {
        "@id": "way/378279655",
        "name": "律敦治醫院西變電站 Ruttonjee Hospital West Substation",
        "name:en": "Ruttonjee Hospital West Substation",
        "name:zh": "律敦治醫院西變電站",
        "power": "substation"
      },
      "geometry": {
        "type": "Polygon",
        "coordinates": [
          [
            [
              114.1741857,
              22.2750532
            ],
            [
              114.174233,
              22.2750411
            ],
            [
              114.1742559,
              22.2751161
            ],
            [
              114.1742444,
              22.2751188
            ],
            [
              114.1742597,
              22.2751688
            ],
            [
              114.1742597,
              22.2752527
            ],
            [
              114.1742291,
              22.2752529
            ],
            [
              114.1742287,
              22.2751775
            ],
            [
              114.1742238,
              22.2751774
            ],
            [
              114.1741857,
              22.2750532
            ]
          ]
        ]
      },
      "id": "way/378279655"
    },
    {
      "type": "Feature",
      "properties": {
        "@id": "way/383276573",
        "barrier": "wall",
        "name": "馬灣變電站 Ma Wan Substation",
        "name:en": "Ma Wan Substation",
        "name:zh": "馬灣變電站",
        "operator": "中華電力有限公司 CLP Power Hong Kong Limited",
        "operator:en": "CLP Power Hong Kong Limited",
        "operator:short": "中華電力 CLP",
        "operator:short:en": "CLP",
        "operator:short:zh": "中華電力",
        "operator:short:zh-Hans": "中华电力",
        "operator:short:zh-Hant": "中華電力",
        "operator:wikidata": "Q977959",
        "operator:zh": "中華電力有限公司",
        "operator:zh-Hans": "中华电力有限公司",
        "operator:zh-Hant": "中華電力有限公司",
        "power": "substation",
        "substation": "distribution"
      },
      "geometry": {
        "type": "Polygon",
        "coordinates": [
          [
            [
              114.0609728,
              22.3465112
            ],
            [
              114.0609247,
              22.3464785
            ],
            [
              114.0609114,
              22.3464607
            ],
            [
              114.0610942,
              22.3462704
            ],
            [
              114.0612872,
              22.3460695
            ],
            [
              114.0614602,
              22.3462117
            ],
            [
              114.0610844,
              22.346603
            ],
            [
              114.0610234,
              22.3465528
            ],
            [
              114.0609728,
              22.3465112
            ]
          ]
        ]
      },
      "id": "way/383276573"
    },
    {
      "type": "Feature",
      "properties": {
        "@id": "way/386746720",
        "addr:housenumber": "12",
        "addr:street": "Kom Tsun Street",
        "name": "瓊林街變電站 Link Substation",
        "name:en": "Link Substation",
        "name:zh": "瓊林街變電站",
        "power": "substation",
        "substation": "distribution"
      },
      "geometry": {
        "type": "Polygon",
        "coordinates": [
          [
            [
              114.1447477,
              22.3383142
            ],
            [
              114.1449194,
              22.337884
            ],
            [
              114.1453012,
              22.3380143
            ],
            [
              114.1452158,
              22.3382284
            ],
            [
              114.1451295,
              22.3384445
            ],
            [
              114.1447477,
              22.3383142
            ]
          ]
        ]
      },
      "id": "way/386746720"
    },
    {
      "type": "Feature",
      "properties": {
        "@id": "way/387687813",
        "addr:housename": "昂船洲污水處理廠 Stonecutters Island Sewage Treatment Works",
        "addr:housename:en": "Stonecutters Island Sewage Treatment Works",
        "addr:housename:zh": "昂船洲污水處理廠",
        "building": "service",
        "name": "電力供應及控制樓 Switchgear and Control Building",
        "name:en": "Switchgear and Control Building",
        "name:zh": "電力供應及控制樓",
        "power": "substation",
        "service": "power",
        "substation": "minor_distribution"
      },
      "geometry": {
        "type": "Polygon",
        "coordinates": [
          [
            [
              114.1384072,
              22.3265247
            ],
            [
              114.1381296,
              22.3265237
            ],
            [
              114.1381314,
              22.3260858
            ],
            [
              114.1384091,
              22.3260868
            ],
            [
              114.1384072,
              22.3265247
            ]
          ]
        ]
      },
      "id": "way/387687813"
    },
    {
      "type": "Feature",
      "properties": {
        "@id": "way/389201701",
        "addr:housenumber": "99-101",
        "addr:street": "大連排道 Tai Lin Pai Road",
        "name": "大連排道變電站 Tai Lin Pai Road Substation",
        "name:en": "Tai Lin Pai Road Substation",
        "name:zh": "大連排道變電站",
        "name:zh-Hans": "大连排道变电站",
        "name:zh-Hant": "大連排道變電站",
        "power": "substation",
        "substation": "substation"
      },
      "geometry": {
        "type": "Polygon",
        "coordinates": [
          [
            [
              114.1331536,
              22.3614637
            ],
            [
              114.1331397,
              22.3614253
            ],
            [
              114.1330994,
              22.3613139
            ],
            [
              114.1330944,
              22.3613
            ],
            [
              114.1330827,
              22.3612676
            ],
            [
              114.1330635,
              22.3612146
            ],
            [
              114.1333797,
              22.3611571
            ],
            [
              114.1333983,
              22.3612084
            ],
            [
              114.1334018,
              22.3612182
            ],
            [
              114.1334237,
              22.3612785
            ],
            [
              114.1334422,
              22.3613295
            ],
            [
              114.1334558,
              22.361367
            ],
            [
              114.1331536,
              22.3614637
            ]
          ]
        ]
      },
      "id": "way/389201701"
    },
    {
      "type": "Feature",
      "properties": {
        "@id": "way/393124856",
        "name": "龍和道人民解放軍船塢變電站 Lung Wo Road PLA Berth Substation",
        "name:en": "Lung Wo Road PLA Berth Substation",
        "name:zh": "龍和道人民解放軍船塢變電站",
        "name:zh-Hans": "龙和道人民解放军船坞变电站",
        "name:zh-Hant": "龍和道人民解放軍船塢變電站",
        "power": "substation"
      },
      "geometry": {
        "type": "Polygon",
        "coordinates": [
          [
            [
              114.1651284,
              22.283528
            ],
            [
              114.165113,
              22.2835336
            ],
            [
              114.1651018,
              22.2835066
            ],
            [
              114.1649976,
              22.2835439
            ],
            [
              114.1649754,
              22.2834907
            ],
            [
              114.165095,
              22.2834479
            ],
            [
              114.1651284,
              22.283528
            ]
          ]
        ]
      },
      "id": "way/393124856"
    },
    {
      "type": "Feature",
      "properties": {
        "@id": "way/395104359",
        "addr:housename": "啟德郵輪碼頭變電站 Kai Tak Cruise Terminal Substation",
        "addr:housename:en": "Kai Tak Cruise Terminal Substation",
        "addr:housename:zh": "啟德郵輪碼頭變電站",
        "landuse": "industrial",
        "name": "啟德郵輪碼頭變電站 Kai Tak Cruise Terminal Substation",
        "name:en": "Kai Tak Cruise Terminal Substation",
        "name:zh": "啟德郵輪碼頭變電站",
        "power": "substation",
        "substation": "distribution",
        "utility": "power"
      },
      "geometry": {
        "type": "Polygon",
        "coordinates": [
          [
            [
              114.2148302,
              22.3072901
            ],
            [
              114.2148156,
              22.3073607
            ],
            [
              114.2147943,
              22.3074298
            ],
            [
              114.2147666,
              22.307497
            ],
            [
              114.2147325,
              22.3075616
            ],
            [
              114.2142176,
              22.3070811
            ],
            [
              114.2144149,
              22.3069029
            ],
            [
              114.2148302,
              22.3072901
            ]
          ]
        ]
      },
      "id": "way/395104359"
    },
    {
      "type": "Feature",
      "properties": {
        "@id": "way/399176053",
        "addr:housenumber": "10",
        "addr:street": "銅鑼灣徑 Tung Lo Wan Drive",
        "building": "service",
        "name": "摩頓台分區電力站 Moreton Terrace Zone Substation",
        "name:en": "Moreton Terrace Zone Substation",
        "name:zh": "摩頓台分區電力站",
        "name:zh-Hans": "摩顿台分区电力站",
        "name:zh-Hant": "摩頓台分區電力站",
        "operator": "香港電燈有限公司 The Hongkong Electric Company, Limited",
        "operator:en": "The Hongkong Electric Company, Limited",
        "operator:short": "港燈 HK Electric",
        "operator:short:en": "HK Electric",
        "operator:short:zh": "港燈",
        "operator:short:zh-Hans": "港灯",
        "operator:short:zh-Hant": "港燈",
        "operator:wikidata": "Q709104",
        "operator:zh": "香港電燈有限公司",
        "operator:zh-Hans": "香港电灯有限公司",
        "operator:zh-Hant": "香港電燈有限公司",
        "power": "substation"
      },
      "geometry": {
        "type": "Polygon",
        "coordinates": [
          [
            [
              114.1907465,
              22.2791962
            ],
            [
              114.1905561,
              22.2790674
            ],
            [
              114.1906661,
              22.2789281
            ],
            [
              114.1908565,
              22.2790568
            ],
            [
              114.1907465,
              22.2791962
            ]
          ]
        ]
      },
      "id": "way/399176053"
    },
    {
      "type": "Feature",
      "properties": {
        "@id": "way/401782303",
        "building": "service",
        "building:levels": "1",
        "gas_insulated": "yes",
        "name": "長洲地段一八四七變電站 Cheung Chau Lot 1847 Substation",
        "name:en": "Cheung Chau Lot 1847 Substation",
        "name:zh": "長洲地段一八四七變電站",
        "operator": "中華電力有限公司 CLP Power Hong Kong Limited",
        "operator:en": "CLP Power Hong Kong Limited",
        "operator:short": "中華電力 CLP",
        "operator:short:en": "CLP",
        "operator:short:zh": "中華電力",
        "operator:short:zh-Hans": "中华电力",
        "operator:short:zh-Hant": "中華電力",
        "operator:wikidata": "Q977959",
        "operator:zh": "中華電力有限公司",
        "operator:zh-Hans": "中华电力有限公司",
        "operator:zh-Hant": "中華電力有限公司",
        "power": "substation",
        "ref": "31478-8"
      },
      "geometry": {
        "type": "Polygon",
        "coordinates": [
          [
            [
              114.0213,
              22.200525
            ],
            [
              114.0213,
              22.200452
            ],
            [
              114.02136,
              22.200452
            ],
            [
              114.02136,
              22.200525
            ],
            [
              114.0213,
              22.200525
            ]
          ]
        ]
      },
      "id": "way/401782303"
    },
    {
      "type": "Feature",
      "properties": {
        "@id": "way/405651075",
        "building": "service",
        "name": "啟德跑道公園臨時電變電站 T/S Kai Tak Runway Park Substation",
        "name:en": "T/S Kai Tak Runway Park Substation",
        "name:zh": "啟德跑道公園臨時電變電站",
        "power": "substation",
        "service": "power",
        "services": "site",
        "substation": "minor_distribution",
        "temporary": "yes"
      },
      "geometry": {
        "type": "Polygon",
        "coordinates": [
          [
            [
              114.2153978,
              22.3052527
            ],
            [
              114.2154361,
              22.3052183
            ],
            [
              114.2155176,
              22.3052962
            ],
            [
              114.2154793,
              22.3053305
            ],
            [
              114.2153978,
              22.3052527
            ]
          ]
        ]
      },
      "id": "way/405651075"
    },
    {
      "type": "Feature",
      "properties": {
        "@id": "way/406008253",
        "addr:housenumber": "13",
        "addr:street": "灣景街 Wan King Path",
        "building": "yes",
        "name": "西貢支站 Sai Kung Town Substation",
        "name:en": "Sai Kung Town Substation",
        "name:zh": "西貢支站",
        "power": "substation"
      },
      "geometry": {
        "type": "Polygon",
        "coordinates": [
          [
            [
              114.2725411,
              22.3809026
            ],
            [
              114.2724056,
              22.3810052
            ],
            [
              114.2722369,
              22.3808147
            ],
            [
              114.2723724,
              22.3807121
            ],
            [
              114.2725411,
              22.3809026
            ]
          ]
        ]
      },
      "id": "way/406008253"
    },
    {
      "type": "Feature",
      "properties": {
        "@id": "way/412761191",
        "name": "黃竹坑分區電力站 Wong Chuk Hang Zone Substation",
        "name:en": "Wong Chuk Hang Zone Substation",
        "name:zh": "黃竹坑分區電力站",
        "power": "substation"
      },
      "geometry": {
        "type": "Polygon",
        "coordinates": [
          [
            [
              114.1641079,
              22.2488899
            ],
            [
              114.164198,
              22.2493163
            ],
            [
              114.1637739,
              22.249393
            ],
            [
              114.1636839,
              22.2489666
            ],
            [
              114.1637571,
              22.2489534
            ],
            [
              114.1640294,
              22.2489041
            ],
            [
              114.1641079,
              22.2488899
            ]
          ]
        ]
      },
      "id": "way/412761191"
    },
    {
      "type": "Feature",
      "properties": {
        "@id": "way/415939079",
        "building": "yes",
        "name": "東涌牽引配電站 Tung Chung Traction Substation",
        "name:en": "Tung Chung Traction Substation",
        "name:zh": "東涌牽引配電站",
        "name:zh-Hans": "东涌牵引配电站",
        "name:zh-Hant": "東涌牽引配電站",
        "power": "substation",
        "substation": "traction"
      },
      "geometry": {
        "type": "Polygon",
        "coordinates": [
          [
            [
              113.9526806,
              22.2936842
            ],
            [
              113.9520549,
              22.293406
            ],
            [
              113.9521551,
              22.2932131
            ],
            [
              113.9527808,
              22.2934912
            ],
            [
              113.9526806,
              22.2936842
            ]
          ]
        ]
      },
      "id": "way/415939079"
    },
    {
      "type": "Feature",
      "properties": {
        "@id": "way/424324661",
        "building": "yes",
        "name": "明園電站 Ming Yuen Station Building",
        "name:en": "Ming Yuen Station Building",
        "name:zh": "明園電站",
        "name:zh-Hans": "明园电站",
        "name:zh-Hant": "明園電站",
        "power": "substation"
      },
      "geometry": {
        "type": "Polygon",
        "coordinates": [
          [
            [
              114.1999996,
              22.2905806
            ],
            [
              114.2000299,
              22.2904558
            ],
            [
              114.2002111,
              22.2904935
            ],
            [
              114.2001751,
              22.2906419
            ],
            [
              114.200102,
              22.2906267
            ],
            [
              114.2001077,
              22.2906031
            ],
            [
              114.1999996,
              22.2905806
            ]
          ]
        ]
      },
      "id": "way/424324661"
    },
    {
      "type": "Feature",
      "properties": {
        "@id": "way/428478105",
        "addr:street": "龍和道 Lung Wo Road",
        "addr:street:en": "Lung Wo Road",
        "addr:street:wikidata": "Q7185311",
        "addr:street:zh": "龍和道",
        "building": "service",
        "building:levels": "1",
        "name": "龍匯道政府大廈泵房東變電站 Lung Wui Road Government Building Pumping Station East Substation",
        "name:en": "Lung Wui Road Government Building Pumping Station East Substation",
        "name:zh": "龍匯道政府大廈泵房東變電站",
        "name:zh-Hans": "龙汇道政府大厦泵房东变电站",
        "name:zh-Hant": "龍匯道政府大廈泵房東變電站",
        "operator": "香港電燈有限公司 The Hongkong Electric Company, Limited",
        "operator:en": "The Hongkong Electric Company, Limited",
        "operator:short": "港燈 HK Electric",
        "operator:short:en": "HK Electric",
        "operator:short:zh": "港燈",
        "operator:short:zh-Hans": "港灯",
        "operator:short:zh-Hant": "港燈",
        "operator:type": "private",
        "operator:wikidata": "Q709104",
        "operator:zh": "香港電燈有限公司",
        "operator:zh-Hans": "香港电灯有限公司",
        "operator:zh-Hant": "香港電燈有限公司",
        "ownership": "government",
        "power": "substation",
        "service": "power",
        "substation": "minor_distribution"
      },
      "geometry": {
        "type": "Polygon",
        "coordinates": [
          [
            [
              114.1647131,
              22.2828383
            ],
            [
              114.1646313,
              22.2828503
            ],
            [
              114.1646142,
              22.2827506
            ],
            [
              114.164696,
              22.2827387
            ],
            [
              114.1647131,
              22.2828383
            ]
          ]
        ]
      },
      "id": "way/428478105"
    },
    {
      "type": "Feature",
      "properties": {
        "@id": "way/437112682",
        "addr:housenumber": "42",
        "addr:street": "愛群道 Oi Kwan Road",
        "name": "摩利臣山電站 Morrison Hill Station Building",
        "name:en": "Morrison Hill Station Building",
        "name:zh": "摩利臣山電站",
        "power": "substation",
        "substation": "distribution"
      },
      "geometry": {
        "type": "Polygon",
        "coordinates": [
          [
            [
              114.1787418,
              22.2775374
            ],
            [
              114.1786721,
              22.2775374
            ],
            [
              114.1786722,
              22.2773177
            ],
            [
              114.1787388,
              22.2773172
            ],
            [
              114.1787418,
              22.2775374
            ]
          ]
        ]
      },
      "id": "way/437112682"
    },
    {
      "type": "Feature",
      "properties": {
        "@id": "way/437112814",
        "name": "摩利臣山分區電力站 Morrison Hill Zone Substation",
        "name:en": "Morrison Hill Zone Substation",
        "name:zh": "摩利臣山分區電力站",
        "operator": "香港電燈有限公司 The Hongkong Electric Company, Limited",
        "operator:en": "The Hongkong Electric Company, Limited",
        "operator:short": "港燈 HK Electric",
        "operator:short:en": "HK Electric",
        "operator:short:zh": "港燈",
        "operator:short:zh-Hans": "港灯",
        "operator:short:zh-Hant": "港燈",
        "operator:wikidata": "Q709104",
        "operator:zh": "香港電燈有限公司",
        "operator:zh-Hans": "香港电灯有限公司",
        "operator:zh-Hant": "香港電燈有限公司",
        "power": "substation",
        "substation": "distribution"
      },
      "geometry": {
        "type": "Polygon",
        "coordinates": [
          [
            [
              114.1786721,
              22.2775374
            ],
            [
              114.1785452,
              22.2775326
            ],
            [
              114.1784051,
              22.2775126
            ],
            [
              114.1784291,
              22.2773638
            ],
            [
              114.1784707,
              22.2773178
            ],
            [
              114.1786722,
              22.2773177
            ],
            [
              114.1786721,
              22.2775374
            ]
          ]
        ]
      },
      "id": "way/437112814"
    },
    {
      "type": "Feature",
      "properties": {
        "@id": "way/439362260",
        "addr:housenumber": "11",
        "addr:street": "高山道 Ko Shan Road",
        "building": "service",
        "name": "高山道變電站 Ko Shan Road Substation",
        "name:en": "Ko Shan Road Substation",
        "name:zh": "高山道變電站",
        "power": "substation",
        "substation": "yes"
      },
      "geometry": {
        "type": "Polygon",
        "coordinates": [
          [
            [
              114.1856672,
              22.3125338
            ],
            [
              114.1858282,
              22.3127838
            ],
            [
              114.1857725,
              22.3128145
            ],
            [
              114.1856115,
              22.3125645
            ],
            [
              114.1856672,
              22.3125338
            ]
          ]
        ]
      },
      "id": "way/439362260"
    },
    {
      "type": "Feature",
      "properties": {
        "@id": "way/442990892",
        "name": "大欖氯氣廠變電站 Tai Lam Chung Prechlorination House Substation",
        "name:en": "Tai Lam Chung Prechlorination House Substation",
        "name:zh": "大欖氯氣廠變電站",
        "power": "substation",
        "substation": "substation"
      },
      "geometry": {
        "type": "Polygon",
        "coordinates": [
          [
            [
              114.0196599,
              22.3732482
            ],
            [
              114.0196385,
              22.3731589
            ],
            [
              114.0197109,
              22.3731465
            ],
            [
              114.0197256,
              22.3732098
            ],
            [
              114.0198155,
              22.3732581
            ],
            [
              114.019782,
              22.373309
            ],
            [
              114.0196599,
              22.3732482
            ]
          ]
        ]
      },
      "id": "way/442990892"
    },
    {
      "type": "Feature",
      "properties": {
        "@id": "way/443392351",
        "name": "屏山變壓站 Ping Shan Sub-station",
        "name:en": "Ping Shan Sub-station",
        "name:zh": "屏山變壓站",
        "operator": "中華電力 CLP",
        "operator:en": "CLP",
        "operator:wikidata": "Q977959",
        "operator:zh": "中華電力",
        "operator:zh-Hans": "中华电力",
        "operator:zh-Hant": "中華電力",
        "power": "substation"
      },
      "geometry": {
        "type": "Polygon",
        "coordinates": [
          [
            [
              114.0136647,
              22.443119
            ],
            [
              114.0137023,
              22.4429423
            ],
            [
              114.0140185,
              22.4429962
            ],
            [
              114.0140121,
              22.443026
            ],
            [
              114.0139977,
              22.4430945
            ],
            [
              114.0139755,
              22.4432001
            ],
            [
              114.0136647,
              22.443119
            ]
          ]
        ]
      },
      "id": "way/443392351"
    },
    {
      "type": "Feature",
      "properties": {
        "@id": "way/443915718",
        "name": "筆架山食水抽水站變電站 Beacon Hill Fresh Water Pumping Station Substation",
        "name:en": "Beacon Hill Fresh Water Pumping Station Substation",
        "name:zh": "筆架山食水抽水站變電站",
        "power": "substation"
      },
      "geometry": {
        "type": "Polygon",
        "coordinates": [
          [
            [
              114.1728472,
              22.3409995
            ],
            [
              114.1728608,
              22.3409563
            ],
            [
              114.1728991,
              22.3409666
            ],
            [
              114.1728855,
              22.3410098
            ],
            [
              114.1728472,
              22.3409995
            ]
          ]
        ]
      },
      "id": "way/443915718"
    },
    {
      "type": "Feature",
      "properties": {
        "@id": "way/443993248",
        "name": "界限街變電站 Boundary Street Substation",
        "name:en": "Boundary Street Substation",
        "name:zh": "界限街變電站",
        "operator": "中華電力有限公司 CLP Power Hong Kong Limited",
        "operator:en": "CLP Power Hong Kong Limited",
        "operator:short": "中華電力 CLP",
        "operator:short:en": "CLP",
        "operator:short:zh": "中華電力",
        "operator:short:zh-Hans": "中华电力",
        "operator:short:zh-Hant": "中華電力",
        "operator:wikidata": "Q977959",
        "operator:zh": "中華電力有限公司",
        "operator:zh-Hans": "中华电力有限公司",
        "operator:zh-Hant": "中華電力有限公司",
        "power": "substation"
      },
      "geometry": {
        "type": "Polygon",
        "coordinates": [
          [
            [
              114.1699839,
              22.3288154
            ],
            [
              114.1699842,
              22.3288075
            ],
            [
              114.1699994,
              22.3284808
            ],
            [
              114.1700007,
              22.3284528
            ],
            [
              114.1701365,
              22.3283626
            ],
            [
              114.170154,
              22.3283634
            ],
            [
              114.1703422,
              22.328372
            ],
            [
              114.1703178,
              22.3288287
            ],
            [
              114.1699839,
              22.3288154
            ]
          ]
        ]
      },
      "id": "way/443993248"
    },
    {
      "type": "Feature",
      "properties": {
        "@id": "way/444163851",
        "name:en": "Junk Bay Road Substation",
        "name:zh": "將軍澳道變電站",
        "power": "substation",
        "source": "Kaart Ground Survey 2017"
      },
      "geometry": {
        "type": "Polygon",
        "coordinates": [
          [
            [
              114.2369863,
              22.3132117
            ],
            [
              114.2372964,
              22.3133574
            ],
            [
              114.2372364,
              22.3134667
            ],
            [
              114.2369263,
              22.313321
            ],
            [
              114.2369863,
              22.3132117
            ]
          ]
        ]
      },
      "id": "way/444163851"
    },
    {
      "type": "Feature",
      "properties": {
        "@id": "way/444190817",
        "building": "service",
        "name": "大坑東變電站",
        "power": "substation"
      },
      "geometry": {
        "type": "Polygon",
        "coordinates": [
          [
            [
              114.1722673,
              22.3342717
            ],
            [
              114.1722358,
              22.3342146
            ],
            [
              114.172341,
              22.3341649
            ],
            [
              114.1723725,
              22.3342219
            ],
            [
              114.1722673,
              22.3342717
            ]
          ]
        ]
      },
      "id": "way/444190817"
    },
    {
      "type": "Feature",
      "properties": {
        "@id": "way/444230096",
        "name": "富安街變電站 Fu On Street Substation",
        "name:en": "Fu On Street Substation",
        "name:zh": "富安街變電站",
        "operator": "中華電力 CLP",
        "operator:en": "CLP",
        "operator:wikidata": "Q977959",
        "operator:zh": "中華電力",
        "operator:zh-Hans": "中华电力",
        "operator:zh-Hant": "中華電力",
        "power": "substation"
      },
      "geometry": {
        "type": "Polygon",
        "coordinates": [
          [
            [
              114.184589,
              22.3376109
            ],
            [
              114.1846648,
              22.3373296
            ],
            [
              114.1849537,
              22.3373962
            ],
            [
              114.1848779,
              22.3376775
            ],
            [
              114.184589,
              22.3376109
            ]
          ]
        ]
      },
      "id": "way/444230096"
    },
    {
      "type": "Feature",
      "properties": {
        "@id": "way/444351860",
        "building": "service",
        "name": "飛鵝山2號變電站",
        "name:zh": "飛鵝山2號變電站",
        "power": "substation",
        "service": "power",
        "substation": "minor_distribution"
      },
      "geometry": {
        "type": "Polygon",
        "coordinates": [
          [
            [
              114.2139512,
              22.3557138
            ],
            [
              114.213921,
              22.3556785
            ],
            [
              114.2139425,
              22.3556628
            ],
            [
              114.2139727,
              22.3556981
            ],
            [
              114.2139512,
              22.3557138
            ]
          ]
        ]
      },
      "id": "way/444351860"
    },
    {
      "type": "Feature",
      "properties": {
        "@id": "way/444354448",
        "building": "service",
        "description:zh": "安達臣道平整地盤變電站",
        "industry": "construction",
        "power": "substation",
        "service": "power",
        "substation": "minor_distribution",
        "temporary": "yes",
        "utility": "power"
      },
      "geometry": {
        "type": "Polygon",
        "coordinates": [
          [
            [
              114.2384661,
              22.3197588
            ],
            [
              114.2384148,
              22.3197218
            ],
            [
              114.2384684,
              22.3196583
            ],
            [
              114.2385196,
              22.3196953
            ],
            [
              114.2384661,
              22.3197588
            ]
          ]
        ]
      },
      "id": "way/444354448"
    },
    {
      "type": "Feature",
      "properties": {
        "@id": "way/446357191",
        "power": "substation",
        "substation": "minor_distribution",
        "utility": "waste"
      },
      "geometry": {
        "type": "Polygon",
        "coordinates": [
          [
            [
              114.1931535,
              22.451817
            ],
            [
              114.1931532,
              22.4515683
            ],
            [
              114.1932424,
              22.4515754
            ],
            [
              114.1935425,
              22.4518123
            ],
            [
              114.1931535,
              22.451817
            ]
          ]
        ]
      },
      "id": "way/446357191"
    },
    {
      "type": "Feature",
      "properties": {
        "@id": "way/446811343",
        "name": "大角咀牽引變電站 Tai Kok Tsui Traction Substation",
        "name:en": "Tai Kok Tsui Traction Substation",
        "name:zh": "大角咀牽引變電站",
        "power": "substation"
      },
      "geometry": {
        "type": "Polygon",
        "coordinates": [
          [
            [
              114.1568887,
              22.321326
            ],
            [
              114.1570955,
              22.3214293
            ],
            [
              114.1571097,
              22.3215194
            ],
            [
              114.1569099,
              22.3218616
            ],
            [
              114.1566514,
              22.3217325
            ],
            [
              114.1568887,
              22.321326
            ]
          ]
        ]
      },
      "id": "way/446811343"
    },
    {
      "type": "Feature",
      "properties": {
        "@id": "way/447026416",
        "building": "service",
        "name": "汀九變電站 Ting Kau Substation",
        "name:en": "Ting Kau Substation",
        "name:zh": "汀九變電站",
        "operator:type": "private",
        "ownership": "private",
        "power": "substation",
        "service": "power",
        "substation": "distribution"
      },
      "geometry": {
        "type": "Polygon",
        "coordinates": [
          [
            [
              114.0783286,
              22.3674649
            ],
            [
              114.0783132,
              22.3673778
            ],
            [
              114.0786887,
              22.367321
            ],
            [
              114.0787041,
              22.3674079
            ],
            [
              114.0783286,
              22.3674649
            ]
          ]
        ]
      },
      "id": "way/447026416"
    },
    {
      "type": "Feature",
      "properties": {
        "@id": "way/447055334",
        "building": "service",
        "building:levels": "1",
        "name": "青嶼幹線記念小亭變電站",
        "name:zh": "青嶼幹線記念小亭變電站",
        "power": "substation",
        "service": "power",
        "substation": "minor_distribution"
      },
      "geometry": {
        "type": "Polygon",
        "coordinates": [
          [
            [
              114.0820278,
              22.3583603
            ],
            [
              114.082025,
              22.3583049
            ],
            [
              114.0821458,
              22.3582997
            ],
            [
              114.0821486,
              22.358355
            ],
            [
              114.0820278,
              22.3583603
            ]
          ]
        ]
      },
      "id": "way/447055334"
    },
    {
      "type": "Feature",
      "properties": {
        "@id": "way/447275092",
        "building": "industrial",
        "building:levels": "1",
        "name": "飛鵝山道變電站",
        "operator": "中華電力有限公司 CLP Power Hong Kong Limited",
        "operator:en": "CLP Power Hong Kong Limited",
        "operator:short": "中華電力 CLP",
        "operator:short:en": "CLP",
        "operator:short:zh": "中華電力",
        "operator:short:zh-Hans": "中华电力",
        "operator:short:zh-Hant": "中華電力",
        "operator:wikidata": "Q977959",
        "operator:zh": "中華電力有限公司",
        "operator:zh-Hans": "中华电力有限公司",
        "operator:zh-Hant": "中華電力有限公司",
        "power": "substation"
      },
      "geometry": {
        "type": "Polygon",
        "coordinates": [
          [
            [
              114.2287889,
              22.3366096
            ],
            [
              114.2288424,
              22.3365449
            ],
            [
              114.2289073,
              22.3365908
            ],
            [
              114.2288538,
              22.3366555
            ],
            [
              114.2287889,
              22.3366096
            ]
          ]
        ]
      },
      "id": "way/447275092"
    },
    {
      "type": "Feature",
      "properties": {
        "@id": "way/447395231",
        "addr:housenumber": "187",
        "addr:street": "太子道西 Prince Edward Road West",
        "landuse": "industrial",
        "name": "洗衣街變電站 Sai Yee Street Substation",
        "name:en": "Sai Yee Street Substation",
        "name:zh": "洗衣街變電站",
        "power": "substation"
      },
      "geometry": {
        "type": "Polygon",
        "coordinates": [
          [
            [
              114.1708779,
              22.3242916
            ],
            [
              114.1708414,
              22.3242418
            ],
            [
              114.1708478,
              22.3242107
            ],
            [
              114.1708599,
              22.3241524
            ],
            [
              114.1708726,
              22.3240912
            ],
            [
              114.1710089,
              22.3241154
            ],
            [
              114.1709963,
              22.3241766
            ],
            [
              114.1710635,
              22.3241885
            ],
            [
              114.1710865,
              22.3241925
            ],
            [
              114.1710706,
              22.3242696
            ],
            [
              114.1710594,
              22.3243238
            ],
            [
              114.1710095,
              22.3243149
            ],
            [
              114.1708779,
              22.3242916
            ]
          ]
        ]
      },
      "id": "way/447395231"
    },
    {
      "type": "Feature",
      "properties": {
        "@id": "way/448028861",
        "name": "GB21通訊電纜站舂磡角電訊港變壓站 GB21 Cable STN CHK Teleport Substation",
        "name:en": "GB21 Cable STN CHK Teleport Substation",
        "name:zh": "GB21通訊電纜站舂磡角電訊港變壓站",
        "power": "substation"
      },
      "geometry": {
        "type": "Polygon",
        "coordinates": [
          [
            [
              114.2058713,
              22.2144194
            ],
            [
              114.2058778,
              22.2143534
            ],
            [
              114.2058604,
              22.214352
            ],
            [
              114.2058768,
              22.2141856
            ],
            [
              114.2059385,
              22.2141908
            ],
            [
              114.2059547,
              22.2140264
            ],
            [
              114.2060337,
              22.2140331
            ],
            [
              114.2060243,
              22.2141288
            ],
            [
              114.2060963,
              22.2141349
            ],
            [
              114.2061807,
              22.214245
            ],
            [
              114.2061654,
              22.2143635
            ],
            [
              114.2060567,
              22.2144351
            ],
            [
              114.2058713,
              22.2144194
            ]
          ]
        ]
      },
      "id": "way/448028861"
    },
    {
      "type": "Feature",
      "properties": {
        "@id": "way/448028883",
        "building": "yes",
        "name": "舂磡角分區電力站 Chung Hom Kok Zone Substation",
        "name:en": "Chung Hom Kok Zone Substation",
        "name:zh": "舂磡角分區電力站",
        "operator": "香港電燈有限公司 The Hongkong Electric Company, Limited",
        "operator:en": "The Hongkong Electric Company, Limited",
        "operator:short": "港燈 HK Electric",
        "operator:short:en": "HK Electric",
        "operator:short:zh": "港燈",
        "operator:short:zh-Hans": "港灯",
        "operator:short:zh-Hant": "港燈",
        "operator:wikidata": "Q709104",
        "operator:zh": "香港電燈有限公司",
        "operator:zh-Hans": "香港电灯有限公司",
        "operator:zh-Hant": "香港電燈有限公司",
        "power": "substation"
      },
      "geometry": {
        "type": "Polygon",
        "coordinates": [
          [
            [
              114.2031509,
              22.2223414
            ],
            [
              114.2033336,
              22.2223796
            ],
            [
              114.2032351,
              22.2227836
            ],
            [
              114.2030523,
              22.2227454
            ],
            [
              114.2031509,
              22.2223414
            ]
          ]
        ]
      },
      "id": "way/448028883"
    },
    {
      "type": "Feature",
      "properties": {
        "@id": "way/448036408",
        "access": "private",
        "alt_name": "南風道275千伏開關站",
        "building": "service",
        "name": "南風道電站 Nam Fung Road Station Building",
        "operator": "香港電燈有限公司 The Hongkong Electric Company, Limited",
        "operator:en": "The Hongkong Electric Company, Limited",
        "operator:short": "港燈 HK Electric",
        "operator:short:en": "HK Electric",
        "operator:short:zh": "港燈",
        "operator:short:zh-Hans": "港灯",
        "operator:short:zh-Hant": "港燈",
        "operator:wikidata": "Q709104",
        "operator:zh": "香港電燈有限公司",
        "operator:zh-Hans": "香港电灯有限公司",
        "operator:zh-Hant": "香港電燈有限公司",
        "power": "substation",
        "substation": "distribution",
        "voltage": "275000"
      },
      "geometry": {
        "type": "Polygon",
        "coordinates": [
          [
            [
              114.1851895,
              22.2533784
            ],
            [
              114.1855577,
              22.2534664
            ],
            [
              114.1855011,
              22.2536695
            ],
            [
              114.1851328,
              22.2535815
            ],
            [
              114.1851895,
              22.2533784
            ]
          ]
        ]
      },
      "id": "way/448036408"
    },
    {
      "type": "Feature",
      "properties": {
        "@id": "way/448036413",
        "access": "private",
        "building": "service",
        "name": "南風-柏架電纜隧道南風入口 Nam Fung Portal",
        "name:en": "Nam Fung Portal",
        "name:zh": "南風入口",
        "power": "substation",
        "substation": "transmission"
      },
      "geometry": {
        "type": "Polygon",
        "coordinates": [
          [
            [
              114.1813377,
              22.2545641
            ],
            [
              114.1813153,
              22.2544337
            ],
            [
              114.1815666,
              22.2543967
            ],
            [
              114.181589,
              22.2545272
            ],
            [
              114.1813377,
              22.2545641
            ]
          ]
        ]
      },
      "id": "way/448036413"
    },
    {
      "type": "Feature",
      "properties": {
        "@id": "way/448041634",
        "building": "industrial",
        "name": "金馬麟山道變壓站 Mount Cameron Road Substation",
        "name:en": "Mount Cameron Road Substation",
        "name:zh": "金馬麟山道變壓站",
        "operator": "香港電燈有限公司 The Hongkong Electric Company, Limited",
        "operator:en": "The Hongkong Electric Company, Limited",
        "operator:short": "港燈 HK Electric",
        "operator:short:en": "HK Electric",
        "operator:short:zh": "港燈",
        "operator:short:zh-Hans": "港灯",
        "operator:short:zh-Hant": "港燈",
        "operator:wikidata": "Q709104",
        "operator:zh": "香港電燈有限公司",
        "operator:zh-Hans": "香港电灯有限公司",
        "operator:zh-Hant": "香港電燈有限公司",
        "power": "substation",
        "substation": "yes"
      },
      "geometry": {
        "type": "Polygon",
        "coordinates": [
          [
            [
              114.1695034,
              22.2666495
            ],
            [
              114.1695508,
              22.2665208
            ],
            [
              114.1696895,
              22.2665645
            ],
            [
              114.1696251,
              22.2667396
            ],
            [
              114.169541,
              22.2667131
            ],
            [
              114.1695034,
              22.2666495
            ]
          ]
        ]
      },
      "id": "way/448041634"
    },
    {
      "type": "Feature",
      "properties": {
        "@id": "way/448053954",
        "barrier": "fence",
        "name": "光昌街變電站 Kwong Cheung Street Substation",
        "name:en": "Kwong Cheung Street Substation",
        "name:zh": "光昌街變電站",
        "name:zh-Hans": "光昌街变电站",
        "name:zh-Hant": "光昌街變電站",
        "operator": "CLP",
        "operator:wikidata": "Q977959",
        "operator:wikipedia": "zh:中華電力",
        "power": "substation",
        "substation": "substation"
      },
      "geometry": {
        "type": "Polygon",
        "coordinates": [
          [
            [
              114.1515771,
              22.3394349
            ],
            [
              114.1516148,
              22.339342
            ],
            [
              114.151632,
              22.3392996
            ],
            [
              114.1516549,
              22.3392432
            ],
            [
              114.1520701,
              22.3393835
            ],
            [
              114.1518769,
              22.339537
            ],
            [
              114.1515771,
              22.3394349
            ]
          ]
        ]
      },
      "id": "way/448053954"
    },
    {
      "type": "Feature",
      "properties": {
        "@id": "way/448171108",
        "name": "望后石堆填區變電站 Pillar Point Landfill Electricity Substation",
        "name:en": "Pillar Point Landfill Electricity Substation",
        "name:zh": "望后石堆填區變電站",
        "power": "substation"
      },
      "geometry": {
        "type": "Polygon",
        "coordinates": [
          [
            [
              113.9459286,
              22.3696806
            ],
            [
              113.9459278,
              22.369639
            ],
            [
              113.946013,
              22.3696377
            ],
            [
              113.9460101,
              22.3694862
            ],
            [
              113.9460692,
              22.3694852
            ],
            [
              113.9460728,
              22.3696783
            ],
            [
              113.9459286,
              22.3696806
            ]
          ]
        ]
      },
      "id": "way/448171108"
    },
    {
      "type": "Feature",
      "properties": {
        "@id": "way/448245863",
        "name": "導航變電站 Navigational Aid Substation",
        "name:en": "Navigational Aid Substation",
        "name:zh": "導航變電站",
        "power": "substation",
        "substation": "yes"
      },
      "geometry": {
        "type": "Polygon",
        "coordinates": [
          [
            [
              114.0300157,
              22.2199319
            ],
            [
              114.0302369,
              22.2199297
            ],
            [
              114.0302375,
              22.2199839
            ],
            [
              114.0300163,
              22.2199861
            ],
            [
              114.0300157,
              22.2199319
            ]
          ]
        ]
      },
      "id": "way/448245863"
    },
    {
      "type": "Feature",
      "properties": {
        "@id": "way/448892362",
        "landuse": "industrial",
        "name": "長沙變電站 Cheung Sha Substation",
        "name:en": "Cheung Sha Substation",
        "name:zh": "長沙變電站",
        "name:zh-Hans": "长沙变电站",
        "name:zh-Hant": "長沙變電站",
        "power": "substation"
      },
      "geometry": {
        "type": "Polygon",
        "coordinates": [
          [
            [
              113.9485296,
              22.2357608
            ],
            [
              113.9485323,
              22.2355939
            ],
            [
              113.9488456,
              22.2355982
            ],
            [
              113.9488429,
              22.2357651
            ],
            [
              113.9485296,
              22.2357608
            ]
          ]
        ]
      },
      "id": "way/448892362"
    },
    {
      "type": "Feature",
      "properties": {
        "@id": "way/449054277",
        "building": "yes",
        "name": "陰澳污水泵房變電站 Yam O Sewage P/P Stn. Substation",
        "name:en": "Yam O Sewage P/P Stn. Substation",
        "name:zh": "陰澳污水泵房變電站",
        "power": "substation",
        "substation": "minor_distribution"
      },
      "geometry": {
        "type": "Polygon",
        "coordinates": [
          [
            [
              114.0306942,
              22.3315896
            ],
            [
              114.0306182,
              22.3315351
            ],
            [
              114.0306884,
              22.3314514
            ],
            [
              114.0307644,
              22.331506
            ],
            [
              114.0306942,
              22.3315896
            ]
          ]
        ]
      },
      "id": "way/449054277"
    },
    {
      "type": "Feature",
      "properties": {
        "@id": "way/449056709",
        "building": "service",
        "fixme": "name, type",
        "name": "黃泥涌峽電站(高座) Wong Nai Chung Gap Substation",
        "name:en": "Wong Nai Chung Gap Substation",
        "name:zh": "黃泥涌峽電站(高座)",
        "power": "substation",
        "substation": "distribution"
      },
      "geometry": {
        "type": "Polygon",
        "coordinates": [
          [
            [
              114.1934911,
              22.2569192
            ],
            [
              114.193689,
              22.2569375
            ],
            [
              114.1936773,
              22.2570452
            ],
            [
              114.1934795,
              22.2570268
            ],
            [
              114.1934911,
              22.2569192
            ]
          ]
        ]
      },
      "id": "way/449056709"
    },
    {
      "type": "Feature",
      "properties": {
        "@id": "way/449056710",
        "building": "service",
        "fixme": "name, type",
        "name": "黃泥涌峽電站(低座) Wong Nai Chung Gap Substation",
        "name:en": "Wong Nai Chung Gap Substation",
        "name:zh": "黃泥涌峽電站(低座)",
        "power": "substation",
        "substation": "distribution"
      },
      "geometry": {
        "type": "Polygon",
        "coordinates": [
          [
            [
              114.1933426,
              22.2570035
            ],
            [
              114.1933594,
              22.256873
            ],
            [
              114.1934895,
              22.2568874
            ],
            [
              114.1934727,
              22.2570179
            ],
            [
              114.1933426,
              22.2570035
            ]
          ]
        ]
      },
      "id": "way/449056710"
    },
    {
      "type": "Feature",
      "properties": {
        "@id": "way/449386501",
        "name": "小欖懲教署已婚職員宿舍變電站 Siu Lam CSD M/Qtrs Substation",
        "name:en": "Siu Lam CSD M/Qtrs Substation",
        "name:zh": "小欖懲教署已婚職員宿舍變電站",
        "power": "substation"
      },
      "geometry": {
        "type": "Polygon",
        "coordinates": [
          [
            [
              114.0131345,
              22.3642609
            ],
            [
              114.0131033,
              22.3642059
            ],
            [
              114.0131805,
              22.3641685
            ],
            [
              114.0132117,
              22.3642236
            ],
            [
              114.0131345,
              22.3642609
            ]
          ]
        ]
      },
      "id": "way/449386501"
    },
    {
      "type": "Feature",
      "properties": {
        "@id": "way/450190051",
        "addr:housenumber": "411",
        "addr:street": "荔枝角道 Lai Chi Kok Road",
        "landuse": "industrial",
        "name": "九江街變電站 Kiu Kiang Street Substation",
        "name:en": "Kiu Kiang Street Substation",
        "name:zh": "九江街變電站",
        "power": "substation",
        "substation": "substation"
      },
      "geometry": {
        "type": "Polygon",
        "coordinates": [
          [
            [
              114.1579184,
              22.3301469
            ],
            [
              114.1581272,
              22.3299861
            ],
            [
              114.1581369,
              22.3299969
            ],
            [
              114.1581681,
              22.3300319
            ],
            [
              114.1582621,
              22.3301373
            ],
            [
              114.1580527,
              22.330299
            ],
            [
              114.1579586,
              22.3301924
            ],
            [
              114.1579184,
              22.3301469
            ]
          ]
        ]
      },
      "id": "way/450190051"
    },
    {
      "type": "Feature",
      "properties": {
        "@id": "way/450815359",
        "name": "機場隧道大廈變電站 West Port Vent Building Substation",
        "name:en": "West Port Vent Building Substation",
        "name:zh": "機場隧道大廈變電站",
        "power": "substation"
      },
      "geometry": {
        "type": "Polygon",
        "coordinates": [
          [
            [
              114.1913018,
              22.3236712
            ],
            [
              114.191204,
              22.3237134
            ],
            [
              114.1911025,
              22.3237572
            ],
            [
              114.1910437,
              22.3236409
            ],
            [
              114.1912432,
              22.3235549
            ],
            [
              114.1913018,
              22.3236712
            ]
          ]
        ]
      },
      "id": "way/450815359"
    },
    {
      "type": "Feature",
      "properties": {
        "@id": "way/451563024",
        "building": "service",
        "name": "順利邨變電站 Shun Lee Tsuen Substation",
        "name:en": "Shun Lee Tsuen Substation",
        "name:zh": "順利邨變電站",
        "operator": "中華電力有限公司 CLP Power Hong Kong Limited",
        "operator:en": "CLP Power Hong Kong Limited",
        "operator:short": "中華電力 CLP",
        "operator:short:en": "CLP",
        "operator:short:zh": "中華電力",
        "operator:short:zh-Hans": "中华电力",
        "operator:short:zh-Hant": "中華電力",
        "operator:wikidata": "Q977959",
        "operator:zh": "中華電力有限公司",
        "operator:zh-Hans": "中华电力有限公司",
        "operator:zh-Hant": "中華電力有限公司",
        "power": "substation"
      },
      "geometry": {
        "type": "Polygon",
        "coordinates": [
          [
            [
              114.2244381,
              22.3314996
            ],
            [
              114.2247284,
              22.3312631
            ],
            [
              114.2248491,
              22.3313917
            ],
            [
              114.2247438,
              22.3314797
            ],
            [
              114.2247057,
              22.3314391
            ],
            [
              114.2246466,
              22.3314865
            ],
            [
              114.2246067,
              22.3314439
            ],
            [
              114.2244807,
              22.331545
            ],
            [
              114.2244381,
              22.3314996
            ]
          ]
        ]
      },
      "id": "way/451563024"
    },
    {
      "type": "Feature",
      "properties": {
        "@id": "way/453526220",
        "building": "yes",
        "power": "substation"
      },
      "geometry": {
        "type": "Polygon",
        "coordinates": [
          [
            [
              114.0245208,
              22.4437148
            ],
            [
              114.0245184,
              22.44361
            ],
            [
              114.0245589,
              22.4435715
            ],
            [
              114.0248876,
              22.4435653
            ],
            [
              114.0248909,
              22.4437079
            ],
            [
              114.0245208,
              22.4437148
            ]
          ]
        ]
      },
      "id": "way/453526220"
    },
    {
      "type": "Feature",
      "properties": {
        "@id": "way/457625764",
        "building": "yes",
        "name": "瑞寧街變電站 Shui Ning Street Substation",
        "name:en": "Shui Ning Street Substation",
        "name:zh": "瑞寧街變電站",
        "power": "substation",
        "substation": "yes"
      },
      "geometry": {
        "type": "Polygon",
        "coordinates": [
          [
            [
              114.2251278,
              22.3158836
            ],
            [
              114.225159,
              22.3157606
            ],
            [
              114.2252494,
              22.3158113
            ],
            [
              114.2253217,
              22.3158717
            ],
            [
              114.2251374,
              22.3159062
            ],
            [
              114.2251278,
              22.3158836
            ]
          ]
        ]
      },
      "id": "way/457625764"
    },
    {
      "type": "Feature",
      "properties": {
        "@id": "way/460263089",
        "building": "yes",
        "name": "平原河抽水站變電站 River Ganges Pumping Station Substation",
        "name:en": "River Ganges Pumping Station Substation",
        "power": "substation"
      },
      "geometry": {
        "type": "Polygon",
        "coordinates": [
          [
            [
              114.1416471,
              22.5413708
            ],
            [
              114.1416703,
              22.5413439
            ],
            [
              114.1417048,
              22.5413693
            ],
            [
              114.1416816,
              22.5413962
            ],
            [
              114.1416471,
              22.5413708
            ]
          ]
        ]
      },
      "id": "way/460263089"
    },
    {
      "type": "Feature",
      "properties": {
        "@id": "way/467554759",
        "name": "洞梓電櫃變電站 Tung Tsz Package Substation",
        "name:en": "Tung Tsz Package Substation",
        "name:yue": "洞梓電櫃變電站",
        "name:zh": "洞梓電櫃變電站",
        "operator": "CLP",
        "power": "substation"
      },
      "geometry": {
        "type": "Polygon",
        "coordinates": [
          [
            [
              114.2011794,
              22.4699161
            ],
            [
              114.2012012,
              22.4698933
            ],
            [
              114.2012213,
              22.4699096
            ],
            [
              114.2011995,
              22.4699324
            ],
            [
              114.2011794,
              22.4699161
            ]
          ]
        ]
      },
      "id": "way/467554759"
    },
    {
      "type": "Feature",
      "properties": {
        "@id": "way/474422001",
        "name": "大埔頭變電站 Tai Po Tau Substation",
        "name:en": "Tai Po Tau Substation",
        "name:zh": "大埔頭變電站",
        "power": "substation"
      },
      "geometry": {
        "type": "Polygon",
        "coordinates": [
          [
            [
              114.1481285,
              22.4610745
            ],
            [
              114.1478559,
              22.4609651
            ],
            [
              114.1480795,
              22.460481
            ],
            [
              114.148341,
              22.4605882
            ],
            [
              114.1481285,
              22.4610745
            ]
          ]
        ]
      },
      "id": "way/474422001"
    },
    {
      "type": "Feature",
      "properties": {
        "@id": "way/493034440",
        "name": "廣東道變電站 Canton Road Substation",
        "name:en": "Canton Road Substation",
        "name:zh": "廣東道變電站",
        "operator": "中華電力有限公司 CLP Power Hong Kong Limited",
        "operator:en": "CLP Power Hong Kong Limited",
        "operator:short": "中華電力 CLP",
        "operator:short:en": "CLP",
        "operator:short:zh": "中華電力",
        "operator:short:zh-Hans": "中华电力",
        "operator:short:zh-Hant": "中華電力",
        "operator:wikidata": "Q977959",
        "operator:zh": "中華電力有限公司",
        "operator:zh-Hans": "中华电力有限公司",
        "operator:zh-Hant": "中華電力有限公司",
        "power": "substation",
        "source": "Kaart Ground Survey 2017",
        "substation": "substation"
      },
      "geometry": {
        "type": "Polygon",
        "coordinates": [
          [
            [
              114.1683224,
              22.3010221
            ],
            [
              114.1683515,
              22.3008338
            ],
            [
              114.1685047,
              22.300854
            ],
            [
              114.1684757,
              22.3010423
            ],
            [
              114.1683224,
              22.3010221
            ]
          ]
        ]
      },
      "id": "way/493034440"
    },
    {
      "type": "Feature",
      "properties": {
        "@id": "way/493078846",
        "name": "海防道變電站 Haiphong Road Substation",
        "name:en": "Haiphong Road Substation",
        "name:zh": "海防道變電站",
        "operator": "中華電力 CLP",
        "operator:en": "CLP",
        "operator:wikidata": "Q977959",
        "operator:zh": "中華電力",
        "operator:zh-Hans": "中华电力",
        "operator:zh-Hant": "中華電力",
        "power": "substation",
        "source": "Kaart Ground Survey 2017",
        "substation": "substation"
      },
      "geometry": {
        "type": "Polygon",
        "coordinates": [
          [
            [
              114.1708753,
              22.2982556
            ],
            [
              114.1708794,
              22.2981781
            ],
            [
              114.1709894,
              22.2981832
            ],
            [
              114.1709853,
              22.2982605
            ],
            [
              114.1708753,
              22.2982556
            ]
          ]
        ]
      },
      "id": "way/493078846"
    },
    {
      "type": "Feature",
      "properties": {
        "@id": "way/494468278",
        "name": "柯士甸道變電站 Austin Road Substation",
        "name:en": "Austin Road Substation",
        "name:zh": "柯士甸道變電站",
        "name:zh-Hans": "柯士甸道变电站",
        "name:zh-Hant": "柯士甸道變電站",
        "operator": "中華電力有限公司 CLP Power Hong Kong Limited",
        "operator:en": "CLP Power Hong Kong Limited",
        "operator:short": "中華電力 CLP",
        "operator:short:en": "CLP",
        "operator:short:zh": "中華電力",
        "operator:short:zh-Hans": "中华电力",
        "operator:short:zh-Hant": "中華電力",
        "operator:wikidata": "Q977959",
        "operator:wikipedia": "zh:中華電力",
        "operator:zh": "中華電力有限公司",
        "operator:zh-Hans": "中华电力有限公司",
        "operator:zh-Hant": "中華電力有限公司",
        "power": "substation",
        "source": "Kaart Ground Survey 2017",
        "substation": "distribution"
      },
      "geometry": {
        "type": "Polygon",
        "coordinates": [
          [
            [
              114.1750575,
              22.3034827
            ],
            [
              114.1754442,
              22.303493
            ],
            [
              114.1754389,
              22.3036649
            ],
            [
              114.1750522,
              22.3036547
            ],
            [
              114.1750575,
              22.3034827
            ]
          ]
        ]
      },
      "id": "way/494468278"
    },
    {
      "type": "Feature",
      "properties": {
        "@id": "way/494512465",
        "building": "yes",
        "name": "Waterloo Road Substation",
        "power": "substation",
        "source": "Kaart Ground Survey 2017"
      },
      "geometry": {
        "type": "Polygon",
        "coordinates": [
          [
            [
              114.1740934,
              22.3164385
            ],
            [
              114.1741913,
              22.3163766
            ],
            [
              114.1742255,
              22.3164228
            ],
            [
              114.1741277,
              22.3164847
            ],
            [
              114.1740934,
              22.3164385
            ]
          ]
        ]
      },
      "id": "way/494512465"
    },
    {
      "type": "Feature",
      "properties": {
        "@id": "way/494702550",
        "addr:street": "楓樹街 Maple Street",
        "addr:street:en": "Maple Street",
        "addr:street:zh": "楓樹街",
        "building": "service",
        "building:levels": "1",
        "name": "楓樹街變電站 Maple Street Substation",
        "name:en": "Maple Street Substation",
        "name:zh": "楓樹街變電站",
        "operator:type": "private",
        "ownership": "private",
        "power": "substation",
        "service": "power",
        "substation": "distribution"
      },
      "geometry": {
        "type": "Polygon",
        "coordinates": [
          [
            [
              114.1623091,
              22.3240656
            ],
            [
              114.1622643,
              22.3240157
            ],
            [
              114.1623618,
              22.3239407
            ],
            [
              114.1624066,
              22.3239906
            ],
            [
              114.1623091,
              22.3240656
            ]
          ]
        ]
      },
      "id": "way/494702550"
    },
    {
      "type": "Feature",
      "properties": {
        "@id": "way/494737400",
        "building": "yes",
        "name": "彩虹邨變電站 Choi Hung Estate Substation",
        "name:en": "Choi Hung Estate Substation",
        "name:zh": "彩虹邨變電站",
        "operator": "中華電力有限公司 CLP Power Hong Kong Limited",
        "operator:en": "CLP Power Hong Kong Limited",
        "operator:short": "中華電力 CLP",
        "operator:short:en": "CLP",
        "operator:short:zh": "中華電力",
        "operator:short:zh-Hans": "中华电力",
        "operator:short:zh-Hant": "中華電力",
        "operator:wikidata": "Q977959",
        "operator:zh": "中華電力有限公司",
        "operator:zh-Hans": "中华电力有限公司",
        "operator:zh-Hant": "中華電力有限公司",
        "power": "substation",
        "source": "Kaart Ground Survey 2017"
      },
      "geometry": {
        "type": "Polygon",
        "coordinates": [
          [
            [
              114.2070522,
              22.3361168
            ],
            [
              114.2070879,
              22.3360671
            ],
            [
              114.2071862,
              22.3361275
            ],
            [
              114.2071505,
              22.3361772
            ],
            [
              114.2070522,
              22.3361168
            ]
          ]
        ]
      },
      "id": "way/494737400"
    },
    {
      "type": "Feature",
      "properties": {
        "@id": "way/495224635",
        "building": "service",
        "power": "substation",
        "substation": "substation"
      },
      "geometry": {
        "type": "Polygon",
        "coordinates": [
          [
            [
              114.1360683,
              22.3726796
            ],
            [
              114.1361278,
              22.3726795
            ],
            [
              114.1361301,
              22.3729012
            ],
            [
              114.1361462,
              22.3729014
            ],
            [
              114.1361459,
              22.3729479
            ],
            [
              114.1360684,
              22.3729486
            ],
            [
              114.1360683,
              22.3726796
            ]
          ]
        ]
      },
      "id": "way/495224635"
    },
    {
      "type": "Feature",
      "properties": {
        "@id": "way/495508878",
        "addr:housenumber": "19",
        "addr:street": "圓洲角路 Yuen Chau Kok Road",
        "building": "yes",
        "name": "小炭變電站 Siu Tan Sub-station",
        "name:en": "Siu Tan Sub-station",
        "name:zh": "小炭變電站",
        "operator": "CLP Power",
        "power": "substation",
        "substation": "yes"
      },
      "geometry": {
        "type": "Polygon",
        "coordinates": [
          [
            [
              114.2003297,
              22.3807971
            ],
            [
              114.2001286,
              22.3805383
            ],
            [
              114.2002117,
              22.3804804
            ],
            [
              114.2004463,
              22.3807634
            ],
            [
              114.2003297,
              22.3807971
            ]
          ]
        ]
      },
      "id": "way/495508878"
    },
    {
      "type": "Feature",
      "properties": {
        "@id": "way/496319728",
        "addr:city": "元朗 Yuen Long",
        "addr:housenumber": "85",
        "addr:street": "大棠路 Tai Tong Road",
        "landuse": "industrial",
        "name": "大棠路變壓電站 Tai Tong Road Substation",
        "name:en": "Tai Tong Road Substation",
        "name:zh": "大棠路變壓電站",
        "operator": "中華電力有限公司 CLP Power Hong Kong Limited",
        "operator:en": "CLP Power Hong Kong Limited",
        "operator:short": "中華電力 CLP",
        "operator:short:en": "CLP",
        "operator:short:zh": "中華電力",
        "operator:short:zh-Hans": "中华电力",
        "operator:short:zh-Hant": "中華電力",
        "operator:wikidata": "Q977959",
        "operator:zh": "中華電力有限公司",
        "operator:zh-Hans": "中华电力有限公司",
        "operator:zh-Hant": "中華電力有限公司",
        "power": "substation",
        "substation": "substation"
      },
      "geometry": {
        "type": "Polygon",
        "coordinates": [
          [
            [
              114.0296389,
              22.4407417
            ],
            [
              114.0298107,
              22.4407401
            ],
            [
              114.0298128,
              22.4409357
            ],
            [
              114.029815,
              22.4411493
            ],
            [
              114.0295225,
              22.4411519
            ],
            [
              114.0296389,
              22.4407417
            ]
          ]
        ]
      },
      "id": "way/496319728"
    },
    {
      "type": "Feature",
      "properties": {
        "@id": "way/496597996",
        "building": "service",
        "name": "插桅杆村變電站 Chap Wai Kon Village Substation",
        "name:en": "Chap Wai Kon Village Substation",
        "name:zh": "插桅杆村變電站",
        "operator": "中華電力有限公司 CLP Power Hong Kong Limited",
        "operator:en": "CLP Power Hong Kong Limited",
        "operator:ownership": "private",
        "operator:wikidata": "Q977959",
        "operator:zh": "中華電力有限公司",
        "power": "substation",
        "service": "power",
        "substation": "minor_distribution",
        "utility": "power"
      },
      "geometry": {
        "type": "Polygon",
        "coordinates": [
          [
            [
              114.2043683,
              22.3780722
            ],
            [
              114.2043646,
              22.3780142
            ],
            [
              114.2044437,
              22.3780098
            ],
            [
              114.2044475,
              22.3780678
            ],
            [
              114.2043683,
              22.3780722
            ]
          ]
        ]
      },
      "id": "way/496597996"
    },
    {
      "type": "Feature",
      "properties": {
        "@id": "way/497044942",
        "building": "yes",
        "name": "牛皮沙村變電站 Ngau Pei Sha Village Substation",
        "name:en": "Ngau Pei Sha Village Substation",
        "name:zh": "牛皮沙村變電站",
        "operator": "CLP",
        "power": "substation",
        "substation": "substation"
      },
      "geometry": {
        "type": "Polygon",
        "coordinates": [
          [
            [
              114.207477,
              22.3799849
            ],
            [
              114.207541,
              22.3800275
            ],
            [
              114.2075047,
              22.3800741
            ],
            [
              114.2074408,
              22.3800315
            ],
            [
              114.207477,
              22.3799849
            ]
          ]
        ]
      },
      "id": "way/497044942"
    },
    {
      "type": "Feature",
      "properties": {
        "@id": "way/497711503",
        "addr": "main",
        "addr:housename": "新海盛路變電站 New Hoi Shing Road Substation",
        "addr:housename:en": "New Hoi Shing Road Substation",
        "addr:housename:zh": "新海盛路變電站",
        "addr:housenumber": "20",
        "addr:street": "海盛路 Hoi Shing Road",
        "addr:street:en": "Hoi Shing Road",
        "addr:street:zh": "海盛路",
        "addr:town": "荃灣 Tsuen Wan",
        "addr:town:en": "Tsuen Wan",
        "addr:town:zh": "荃灣",
        "branch": "新海盛路 New Hoi Shing Road",
        "branch:en": "New Hoi Shing Road",
        "branch:zh": "新海盛路",
        "brand": "中電 CLP Power",
        "brand:en": "CLP",
        "brand:wikidata": "Q977959",
        "brand:zh": "中電",
        "landuse": "industrial",
        "name": "新海盛路變電站 New Hoi Shing Road Substation",
        "name:en": "New Hoi Shing Road Substation",
        "name:zh": "新海盛路變電站",
        "operator": "中華電力有限公司 CLP Power Hong Kong Limited",
        "operator:en": "CLP Power Hong Kong Limited",
        "operator:official_name": "中華電力有限公司 CLP Power Hong Kong Limited",
        "operator:official_name:en": "CLP Power Hong Kong Limited",
        "operator:official_name:zh": "中華電力有限公司",
        "operator:ref": "CLP",
        "operator:short": "中華電力 CLP",
        "operator:short:en": "CLP",
        "operator:short:zh": "中華電力",
        "operator:short:zh-Hans": "中华电力",
        "operator:short:zh-Hant": "中華電力",
        "operator:short_name": "中電 CLP Power",
        "operator:short_name:en": "CLP Power",
        "operator:short_name:zh": "中電",
        "operator:wikidata": "Q977959",
        "operator:zh": "中華電力有限公司",
        "operator:zh-Hans": "中华电力有限公司",
        "operator:zh-Hant": "中華電力有限公司",
        "owner": "中華電力 CLP Power Hong Kong",
        "owner:en": "CLP Power Hong Kong",
        "owner:official_name": "中華電力有限公司 CLP Power Hong Kong Limited",
        "owner:official_name:en": "CLP Power Hong Kong Limited",
        "owner:official_name:zh": "中華電力有限公司",
        "owner:ref": "CLP",
        "owner:short_name": "中電 CLP Power",
        "owner:short_name:en": "CLP Power",
        "owner:short_name:zh": "中電",
        "owner:wikidata": "Q977959",
        "owner:zh": "中華電力",
        "ownership": "private",
        "power": "substation",
        "substation": "distribution",
        "utility": "power"
      },
      "geometry": {
        "type": "Polygon",
        "coordinates": [
          [
            [
              114.1084904,
              22.3713575
            ],
            [
              114.1085344,
              22.371316
            ],
            [
              114.1086296,
              22.3712259
            ],
            [
              114.1088653,
              22.3710026
            ],
            [
              114.1088737,
              22.3709946
            ],
            [
              114.108878,
              22.3709907
            ],
            [
              114.1089473,
              22.371021
            ],
            [
              114.1090088,
              22.3710479
            ],
            [
              114.1090173,
              22.3710516
            ],
            [
              114.1090744,
              22.3710766
            ],
            [
              114.1091116,
              22.3710958
            ],
            [
              114.1091374,
              22.3711213
            ],
            [
              114.1091507,
              22.3711457
            ],
            [
              114.1091575,
              22.3711735
            ],
            [
              114.1091574,
              22.3711998
            ],
            [
              114.1091482,
              22.3712263
            ],
            [
              114.1091286,
              22.3712529
            ],
            [
              114.1091091,
              22.3712696
            ],
            [
              114.1090731,
              22.3712895
            ],
            [
              114.1089581,
              22.3713533
            ],
            [
              114.1088792,
              22.3713948
            ],
            [
              114.1087942,
              22.3714417
            ],
            [
              114.1087505,
              22.3714661
            ],
            [
              114.108707,
              22.3714906
            ],
            [
              114.1086634,
              22.371515
            ],
            [
              114.1084904,
              22.3713575
            ]
          ]
        ]
      },
      "id": "way/497711503"
    },
    {
      "type": "Feature",
      "properties": {
        "@id": "way/497984473",
        "addr:city": "大埔 Tai Po",
        "addr:housenumber": "10",
        "addr:street": "大富街 Dai Fu Street",
        "name": "大富街變電站 Dai Fu Street Substation",
        "name:en": "Dai Fu Street Substation",
        "name:zh": "大富街變電站",
        "power": "substation"
      },
      "geometry": {
        "type": "Polygon",
        "coordinates": [
          [
            [
              114.184402,
              22.4609765
            ],
            [
              114.1842965,
              22.4608307
            ],
            [
              114.1847901,
              22.4608297
            ],
            [
              114.1847877,
              22.4610316
            ],
            [
              114.1844488,
              22.4610341
            ],
            [
              114.184402,
              22.4609765
            ]
          ]
        ]
      },
      "id": "way/497984473"
    },
    {
      "type": "Feature",
      "properties": {
        "@id": "way/498973823",
        "building": "yes",
        "name": "香港神託會培基書院變電站 Stewards Pooi Kei College Substation",
        "name:en": "Stewards Pooi Kei College Substation",
        "name:zh": "香港神託會培基書院變電站",
        "operator": "中華電力有限公司 CLP Power Hong Kong Limited",
        "operator:en": "CLP Power Hong Kong Limited",
        "operator:short": "中華電力 CLP",
        "operator:short:en": "CLP",
        "operator:short:zh": "中華電力",
        "operator:short:zh-Hans": "中华电力",
        "operator:short:zh-Hant": "中華電力",
        "operator:wikidata": "Q977959",
        "operator:zh": "中華電力有限公司",
        "operator:zh-Hans": "中华电力有限公司",
        "operator:zh-Hant": "中華電力有限公司",
        "power": "substation"
      },
      "geometry": {
        "type": "Polygon",
        "coordinates": [
          [
            [
              114.2138586,
              22.38313
            ],
            [
              114.2138786,
              22.3829179
            ],
            [
              114.2139344,
              22.3829183
            ],
            [
              114.213961,
              22.3830338
            ],
            [
              114.2139651,
              22.383071
            ],
            [
              114.213947,
              22.3831045
            ],
            [
              114.2139148,
              22.3831194
            ],
            [
              114.2138586,
              22.38313
            ]
          ]
        ]
      },
      "id": "way/498973823"
    },
    {
      "type": "Feature",
      "properties": {
        "@id": "way/502426985",
        "addr:housenumber": "1R",
        "addr:street": "廣福道 Kwong Fuk Road",
        "name": "汀角路變電站 Ting Kok Road Substation",
        "name:en": "Ting Kok Road Substation",
        "name:yue": "汀角路變電站",
        "name:zh": "汀角路變電站",
        "power": "substation"
      },
      "geometry": {
        "type": "Polygon",
        "coordinates": [
          [
            [
              114.1632177,
              22.4519673
            ],
            [
              114.1632103,
              22.4519513
            ],
            [
              114.1631881,
              22.4519046
            ],
            [
              114.1631777,
              22.4518827
            ],
            [
              114.1630425,
              22.4515587
            ],
            [
              114.1630632,
              22.4515465
            ],
            [
              114.1630814,
              22.4515358
            ],
            [
              114.1632911,
              22.4514168
            ],
            [
              114.1633003,
              22.4514112
            ],
            [
              114.1633146,
              22.4514025
            ],
            [
              114.1633307,
              22.4513929
            ],
            [
              114.1633386,
              22.4513874
            ],
            [
              114.1635554,
              22.4518733
            ],
            [
              114.1635249,
              22.451886
            ],
            [
              114.1634909,
              22.4518967
            ],
            [
              114.1634593,
              22.4519024
            ],
            [
              114.163414,
              22.4519048
            ],
            [
              114.1633804,
              22.4519085
            ],
            [
              114.1633366,
              22.4519216
            ],
            [
              114.1632177,
              22.4519673
            ]
          ]
        ]
      },
      "id": "way/502426985"
    },
    {
      "type": "Feature",
      "properties": {
        "@id": "way/503422831",
        "name": "小瀝源村套裝變電站 Siu Lek Yuen Vill PKG Substation",
        "name:en": "Siu Lek Yuen Vill PKG Substation",
        "name:zh": "小瀝源村套裝變電站",
        "operator": "中華電力有限公司 CLP Power Hong Kong Limited",
        "operator:en": "CLP Power Hong Kong Limited",
        "operator:short": "中華電力 CLP",
        "operator:short:en": "CLP",
        "operator:short:zh": "中華電力",
        "operator:short:zh-Hans": "中华电力",
        "operator:short:zh-Hant": "中華電力",
        "operator:wikidata": "Q977959",
        "operator:zh": "中華電力有限公司",
        "operator:zh-Hans": "中华电力有限公司",
        "operator:zh-Hant": "中華電力有限公司",
        "power": "substation",
        "substation": "substation"
      },
      "geometry": {
        "type": "Polygon",
        "coordinates": [
          [
            [
              114.2115081,
              22.3812115
            ],
            [
              114.2115072,
              22.3811852
            ],
            [
              114.2115745,
              22.3811834
            ],
            [
              114.2115754,
              22.3812096
            ],
            [
              114.2115081,
              22.3812115
            ]
          ]
        ]
      },
      "id": "way/503422831"
    },
    {
      "type": "Feature",
      "properties": {
        "@id": "way/504560581",
        "name": "下葵涌變電站 Ha Kwai Chung Sub-station",
        "name:en": "Ha Kwai Chung Sub-station",
        "name:zh": "下葵涌變電站",
        "power": "substation"
      },
      "geometry": {
        "type": "Polygon",
        "coordinates": [
          [
            [
              114.123624,
              22.3525302
            ],
            [
              114.1238277,
              22.3524428
            ],
            [
              114.1239294,
              22.3524759
            ],
            [
              114.123996,
              22.352636
            ],
            [
              114.1236346,
              22.3527644
            ],
            [
              114.1235745,
              22.3526196
            ],
            [
              114.123624,
              22.3525302
            ]
          ]
        ]
      },
      "id": "way/504560581"
    },
    {
      "type": "Feature",
      "properties": {
        "@id": "way/515621161",
        "addr:housename": "啓東道變電站 Eastern Road Substation",
        "addr:housename:en": "Eastern Road Substation",
        "addr:housename:zh": "啓東道變電站",
        "building": "service",
        "building:levels": "2",
        "frequency": "50",
        "name": "啓東道變電站 Eastern Road Substation",
        "name:en": "Eastern Road Substation",
        "name:zh": "啓東道變電站",
        "operator": "中華電力有限公司 CLP Power Hong Kong Limited",
        "operator:en": "CLP Power Hong Kong Limited",
        "operator:short": "中華電力 CLP",
        "operator:short:en": "CLP",
        "operator:short:zh": "中華電力",
        "operator:short:zh-Hans": "中华电力",
        "operator:short:zh-Hant": "中華電力",
        "operator:wikidata": "Q977959",
        "operator:zh": "中華電力有限公司",
        "operator:zh-Hans": "中华电力有限公司",
        "operator:zh-Hant": "中華電力有限公司",
        "power": "substation",
        "power:separate": "substation",
        "roof:levels": "1",
        "roof:shape": "flat",
        "service": "power",
        "substation": "distribution",
        "voltage": "132000",
        "voltage:primary": "132000"
      },
      "geometry": {
        "type": "Polygon",
        "coordinates": [
          [
            [
              114.2036816,
              22.3340691
            ],
            [
              114.2042766,
              22.3340412
            ],
            [
              114.2042835,
              22.3341668
            ],
            [
              114.2042004,
              22.3341707
            ],
            [
              114.2042091,
              22.3343299
            ],
            [
              114.2041764,
              22.3343314
            ],
            [
              114.2041809,
              22.3344138
            ],
            [
              114.2039247,
              22.3344258
            ],
            [
              114.2039147,
              22.3342435
            ],
            [
              114.2036917,
              22.3342539
            ],
            [
              114.2036816,
              22.3340691
            ]
          ]
        ]
      },
      "id": "way/515621161"
    },
    {
      "type": "Feature",
      "properties": {
        "@id": "way/517351847",
        "building": "service",
        "building:levels": "1",
        "name": "三角地變電站 Tai Po Kiosk Substation",
        "name:en": "Tai Po Kiosk Substation",
        "name:zh": "三角地變電站",
        "power": "substation",
        "roof:levels": "1",
        "roof:shape": "pyramidal",
        "service": "power",
        "substation": "minor_distribution"
      },
      "geometry": {
        "type": "Polygon",
        "coordinates": [
          [
            [
              114.1652869,
              22.4486859
            ],
            [
              114.1653238,
              22.4486685
            ],
            [
              114.1653438,
              22.4487049
            ],
            [
              114.1653069,
              22.4487223
            ],
            [
              114.1652869,
              22.4486859
            ]
          ]
        ]
      },
      "id": "way/517351847"
    },
    {
      "type": "Feature",
      "properties": {
        "@id": "way/518970875",
        "building": "yes",
        "operator": "中華電力有限公司 CLP Power Hong Kong Limited",
        "operator:en": "CLP Power Hong Kong Limited",
        "operator:short": "中華電力 CLP",
        "operator:short:en": "CLP",
        "operator:short:zh": "中華電力",
        "operator:short:zh-Hans": "中华电力",
        "operator:short:zh-Hant": "中華電力",
        "operator:wikidata": "Q977959",
        "operator:zh": "中華電力有限公司",
        "operator:zh-Hans": "中华电力有限公司",
        "operator:zh-Hant": "中華電力有限公司",
        "power": "substation"
      },
      "geometry": {
        "type": "Polygon",
        "coordinates": [
          [
            [
              114.1180567,
              22.3723191
            ],
            [
              114.1180248,
              22.3722631
            ],
            [
              114.118106,
              22.3722179
            ],
            [
              114.1181283,
              22.372263
            ],
            [
              114.1180567,
              22.3723191
            ]
          ]
        ]
      },
      "id": "way/518970875"
    },
    {
      "type": "Feature",
      "properties": {
        "@id": "way/524443560",
        "addr:housename": "荔枝角牽引配電站 Lai Chi Kok Traction Substation",
        "addr:housename:en": "Lai Chi Kok Traction Substation",
        "addr:housename:zh": "荔枝角牽引配電站",
        "addr:street": "荔寶路 Lai Po Road",
        "addr:street:en": "Lai Po Road",
        "addr:street:zh": "荔寶路",
        "brand": "港鐵 MTR",
        "brand:en": "MTR",
        "brand:ref": "MTR",
        "brand:zh": "港鐵",
        "landuse": "industrial",
        "name": "荔枝角牽引配電站 Lai Chi Kok Traction Substation",
        "name:en": "Lai Chi Kok Traction Substation",
        "name:zh": "荔枝角牽引配電站",
        "network": "港鐵 MTR",
        "network:en": "MTR",
        "network:ref": "MTR",
        "network:wikidata": "Q14751",
        "network:zh": "港鐵",
        "owner": "香港鐵路有限公司 MTR Corporation Limited",
        "owner:en": "MTR Corporation Limited",
        "owner:wikidata": "Q1479375",
        "owner:zh": "香港鐵路有限公司",
        "power": "substation",
        "ref": "LCT",
        "substation": "traction",
        "subway": "yes"
      },
      "geometry": {
        "type": "Polygon",
        "coordinates": [
          [
            [
              114.1407871,
              22.3316903
            ],
            [
              114.140924,
              22.3314216
            ],
            [
              114.1414422,
              22.3311799
            ],
            [
              114.1415379,
              22.3311385
            ],
            [
              114.1416075,
              22.3312644
            ],
            [
              114.1416797,
              22.3312849
            ],
            [
              114.1417293,
              22.3313649
            ],
            [
              114.140936,
              22.3317191
            ],
            [
              114.1407871,
              22.3316903
            ]
          ]
        ]
      },
      "id": "way/524443560"
    },
    {
      "type": "Feature",
      "properties": {
        "@id": "way/524443565",
        "addr:housename": "荔灣交匯變電站 Lai Wan Interchange Substation",
        "addr:housename:en": "Lai Wan Interchange Substation",
        "addr:housename:zh": "荔灣交匯變電站",
        "addr:street": "荔寶路 Lai Po Road",
        "addr:street:en": "Lai Po Road",
        "addr:street:zh": "荔寶路",
        "brand": "中電 CLP",
        "brand:en": "CLP",
        "brand:wikidata": "Q977959",
        "brand:zh": "中電",
        "landuse": "industrial",
        "name": "荔灣交匯變電站 Lai Wan Interchange Substation",
        "name:en": "Lai Wan Interchange Substation",
        "name:zh": "荔灣交匯變電站",
        "operation": "private",
        "operator": "中華電力有限公司 CLP Power Hong Kong Limited",
        "operator:en": "CLP Power Hong Kong Limited",
        "operator:wikidata": "Q977959",
        "operator:zh": "中華電力有限公司",
        "power": "substation"
      },
      "geometry": {
        "type": "Polygon",
        "coordinates": [
          [
            [
              114.1416836,
              22.3309453
            ],
            [
              114.1416698,
              22.3308585
            ],
            [
              114.1416112,
              22.3304906
            ],
            [
              114.1419206,
              22.3304485
            ],
            [
              114.1419929,
              22.3309032
            ],
            [
              114.1416836,
              22.3309453
            ]
          ]
        ]
      },
      "id": "way/524443565"
    },
    {
      "type": "Feature",
      "properties": {
        "@id": "way/524443576",
        "addr:housename": "貨櫃碼頭路變電站 Container Road Substation",
        "addr:housename:en": "Container Road Substation",
        "addr:housename:zh": "貨櫃碼頭路變電站",
        "addr:street": "貨櫃碼頭南路 Container Port Road South",
        "addr:street:en": "Container Port Road South",
        "addr:street:zh": "貨櫃碼頭南路",
        "brand": "中電 CLP",
        "brand:en": "CLP",
        "brand:wikidata": "Q977959",
        "brand:zh": "中電",
        "landuse": "industrial",
        "name": "貨櫃碼頭路變電站 Container Road Substation",
        "name:en": "Container Road Substation",
        "name:zh": "貨櫃碼頭路變電站",
        "operator": "中華電力有限公司 CLP Power Hong Kong Limited",
        "operator:en": "CLP Power Hong Kong Limited",
        "operator:wikidata": "Q977959",
        "operator:zh": "中華電力有限公司",
        "power": "substation",
        "substation": "distribution"
      },
      "geometry": {
        "type": "Polygon",
        "coordinates": [
          [
            [
              114.1328318,
              22.3338348
            ],
            [
              114.1329643,
              22.3334607
            ],
            [
              114.1329987,
              22.3334256
            ],
            [
              114.1330417,
              22.3334081
            ],
            [
              114.1330899,
              22.3333954
            ],
            [
              114.1331364,
              22.3333938
            ],
            [
              114.1332448,
              22.3334241
            ],
            [
              114.1330744,
              22.3339065
            ],
            [
              114.1328318,
              22.3338348
            ]
          ]
        ]
      },
      "id": "way/524443576"
    },
    {
      "type": "Feature",
      "properties": {
        "@id": "way/533300616",
        "power": "substation",
        "substation": "yes"
      },
      "geometry": {
        "type": "Polygon",
        "coordinates": [
          [
            [
              114.1206877,
              22.3763274
            ],
            [
              114.120688,
              22.3762771
            ],
            [
              114.1207642,
              22.3762774
            ],
            [
              114.120764,
              22.3763277
            ],
            [
              114.1206877,
              22.3763274
            ]
          ]
        ]
      },
      "id": "way/533300616"
    },
    {
      "type": "Feature",
      "properties": {
        "@id": "way/540014897",
        "addr:housenumber": "71",
        "addr:street": "Gilman Street",
        "building": "service",
        "name": "干諾道分區電力站 Connaught Road Zone Substation",
        "name:en": "Connaught Road Zone Substation",
        "name:zh": "干諾道分區電力站",
        "name:zh-Hans": "干诺道分区电力站",
        "name:zh-Hant": "干諾道分區電力站",
        "operator": "香港電燈有限公司 The Hongkong Electric Company, Limited",
        "operator:en": "The Hongkong Electric Company, Limited",
        "operator:short": "港燈 HK Electric",
        "operator:short:en": "HK Electric",
        "operator:short:zh": "港燈",
        "operator:short:zh-Hans": "港灯",
        "operator:short:zh-Hant": "港燈",
        "operator:wikidata": "Q709104",
        "operator:zh": "香港電燈有限公司",
        "operator:zh-Hans": "香港电灯有限公司",
        "operator:zh-Hant": "香港電燈有限公司",
        "power": "substation",
        "substation": "distribution"
      },
      "geometry": {
        "type": "Polygon",
        "coordinates": [
          [
            [
              114.1557395,
              22.2859842
            ],
            [
              114.1557604,
              22.2859763
            ],
            [
              114.1558943,
              22.285962
            ],
            [
              114.1559162,
              22.2859626
            ],
            [
              114.1559367,
              22.2859698
            ],
            [
              114.1559534,
              22.2859827
            ],
            [
              114.1559647,
              22.2860001
            ],
            [
              114.1559692,
              22.2860199
            ],
            [
              114.1559663,
              22.2860399
            ],
            [
              114.1559296,
              22.2861195
            ],
            [
              114.1558856,
              22.2861959
            ],
            [
              114.1558348,
              22.2862686
            ],
            [
              114.1557775,
              22.286337
            ],
            [
              114.1557141,
              22.2864006
            ],
            [
              114.1556905,
              22.2864144
            ],
            [
              114.1556636,
              22.2864212
            ],
            [
              114.1556357,
              22.2864205
            ],
            [
              114.1556093,
              22.2864122
            ],
            [
              114.1555867,
              22.2863971
            ],
            [
              114.1555698,
              22.2863765
            ],
            [
              114.1555602,
              22.2863523
            ],
            [
              114.155557,
              22.2863265
            ],
            [
              114.1555575,
              22.286306
            ],
            [
              114.1555453,
              22.2863147
            ],
            [
              114.1554642,
              22.2861961
            ],
            [
              114.1554354,
              22.286153
            ],
            [
              114.1557395,
              22.2859842
            ]
          ]
        ]
      },
      "id": "way/540014897"
    },
    {
      "type": "Feature",
      "properties": {
        "@id": "way/540174149",
        "name": "粉嶺饋電站 Fanling Feeder Station",
        "name:en": "Fanling Feeder Station",
        "name:zh": "粉嶺饋電站",
        "power": "substation",
        "substation": "yes"
      },
      "geometry": {
        "type": "Polygon",
        "coordinates": [
          [
            [
              114.139939,
              22.491097
            ],
            [
              114.1402942,
              22.4908073
            ],
            [
              114.140533,
              22.4906234
            ],
            [
              114.1406784,
              22.490552
            ],
            [
              114.1406598,
              22.4907545
            ],
            [
              114.140454,
              22.4910148
            ],
            [
              114.1404101,
              22.4909721
            ],
            [
              114.140246,
              22.4911161
            ],
            [
              114.1400949,
              22.4912488
            ],
            [
              114.1400835,
              22.4912402
            ],
            [
              114.139939,
              22.491097
            ]
          ]
        ]
      },
      "id": "way/540174149"
    },
    {
      "type": "Feature",
      "properties": {
        "@id": "way/549694137",
        "building": "service",
        "building:levels": "2",
        "loc_ref": "B",
        "name": "啟德污水泵房PS2B房變電站 Kai Tak Sew P/P Stn PS2 B Substation",
        "name:en": "Kai Tak Sew P/P Stn PS2 B Substation",
        "name:zh": "啟德污水泵房PS2B房變電站",
        "power": "substation",
        "reg_ref": "PS2B",
        "roof:levels": "1",
        "roof:material": "grass",
        "roof:shape": "flat",
        "roof:solar_panel": "yes",
        "service": "power",
        "substation": "industrial",
        "utility": "sewerage"
      },
      "geometry": {
        "type": "Polygon",
        "coordinates": [
          [
            [
              114.1993784,
              22.3253547
            ],
            [
              114.1993544,
              22.3253725
            ],
            [
              114.1993398,
              22.3253789
            ],
            [
              114.1993252,
              22.3253829
            ],
            [
              114.1993088,
              22.3253839
            ],
            [
              114.1992913,
              22.3253824
            ],
            [
              114.1992749,
              22.3253777
            ],
            [
              114.1992599,
              22.3253701
            ],
            [
              114.1992465,
              22.3253594
            ],
            [
              114.1992366,
              22.3253486
            ],
            [
              114.1992289,
              22.3253361
            ],
            [
              114.1992239,
              22.325321
            ],
            [
              114.1992221,
              22.3253031
            ],
            [
              114.1992242,
              22.325284
            ],
            [
              114.1992386,
              22.3252523
            ],
            [
              114.1992715,
              22.3251917
            ],
            [
              114.1993133,
              22.3251278
            ],
            [
              114.1993564,
              22.3250698
            ],
            [
              114.1993926,
              22.3250293
            ],
            [
              114.1994144,
              22.3250128
            ],
            [
              114.1994397,
              22.3250027
            ],
            [
              114.1994588,
              22.3249986
            ],
            [
              114.1994777,
              22.324998
            ],
            [
              114.1994997,
              22.3250005
            ],
            [
              114.1995229,
              22.3250069
            ],
            [
              114.1995394,
              22.3250157
            ],
            [
              114.1995564,
              22.3250281
            ],
            [
              114.1995748,
              22.3250496
            ],
            [
              114.1995866,
              22.3250736
            ],
            [
              114.1995904,
              22.3250891
            ],
            [
              114.1995924,
              22.3251067
            ],
            [
              114.1995904,
              22.3251242
            ],
            [
              114.1995866,
              22.3251394
            ],
            [
              114.1995743,
              22.3251644
            ],
            [
              114.1995292,
              22.3252164
            ],
            [
              114.1994799,
              22.3252661
            ],
            [
              114.1993784,
              22.3253547
            ]
          ]
        ]
      },
      "id": "way/549694137"
    },
    {
      "type": "Feature",
      "properties": {
        "@id": "way/549702813",
        "brand": "中電 CLP",
        "brand:en": "CLP",
        "brand:wikidata": "Q977959",
        "brand:zh": "中電",
        "name": "西九龍文化區變電站 West Kowloon Cultural District Substation",
        "name:en": "West Kowloon Cultural District Substation",
        "name:zh": "西九龍文化區變電站",
        "name:zh-Hans": "西九龙文化区变电站",
        "name:zh-Hant": "西九龍文化區變電站",
        "operation": "private",
        "operator": "中華電力有限公司 CLP Power Hong Kong Limited",
        "operator:en": "CLP Power Hong Kong Limited",
        "operator:official_name": "中華電力有限公司 CLP Power Hong Kong Limited",
        "operator:official_name:en": "CLP Power Hong Kong Limited",
        "operator:official_name:zh": "中華電力有限公司",
        "operator:ref": "CLP",
        "operator:short": "中華電力 CLP",
        "operator:short:en": "CLP",
        "operator:short:zh": "中華電力",
        "operator:short:zh-Hans": "中华电力",
        "operator:short:zh-Hant": "中華電力",
        "operator:short_name": "中電 CLP Power",
        "operator:short_name:en": "CLP Power",
        "operator:short_name:zh": "中電",
        "operator:type": "private",
        "operator:wikidata": "Q977959",
        "operator:zh": "中華電力有限公司",
        "operator:zh-Hans": "中华电力有限公司",
        "operator:zh-Hant": "中華電力有限公司",
        "owner": "中華電力 CLP Power Hong Kong",
        "owner:en": "CLP Power Hong Kong",
        "owner:official_name": "中華電力有限公司 CLP Power Hong Kong Limited",
        "owner:official_name:en": "CLP Power Hong Kong Limited",
        "owner:official_name:zh": "中華電力有限公司",
        "owner:ref": "CLP",
        "owner:short_name": "中電 CLP Power",
        "owner:short_name:en": "CLP Power",
        "owner:short_name:zh": "中電",
        "owner:wikidata": "Q977959",
        "owner:zh": "中華電力",
        "ownership": "private",
        "power": "substation",
        "substation": "distribution",
        "utility": "power"
      },
      "geometry": {
        "type": "Polygon",
        "coordinates": [
          [
            [
              114.1591832,
              22.3021048
            ],
            [
              114.15952,
              22.3021295
            ],
            [
              114.1596456,
              22.3021387
            ],
            [
              114.1596548,
              22.3021394
            ],
            [
              114.1596627,
              22.30214
            ],
            [
              114.1596379,
              22.3024953
            ],
            [
              114.1594924,
              22.3025836
            ],
            [
              114.1593471,
              22.3025387
            ],
            [
              114.1593252,
              22.302522
            ],
            [
              114.1593311,
              22.3024651
            ],
            [
              114.1593309,
              22.3024119
            ],
            [
              114.1593257,
              22.3023554
            ],
            [
              114.1593045,
              22.3022833
            ],
            [
              114.159284,
              22.3022348
            ],
            [
              114.1592231,
              22.3021434
            ],
            [
              114.1591832,
              22.3021048
            ]
          ]
        ]
      },
      "id": "way/549702813"
    },
    {
      "type": "Feature",
      "properties": {
        "@id": "way/551854026",
        "building": "yes",
        "name": "沙角購物中心變電站 Sha Kok Shopping Ctr Substation",
        "name:en": "Sha Kok Shopping Ctr Substation",
        "name:zh": "沙角購物中心變電站",
        "operator": "CLP",
        "power": "substation",
        "substation": "substation"
      },
      "geometry": {
        "type": "Polygon",
        "coordinates": [
          [
            [
              114.1950338,
              22.3778667
            ],
            [
              114.1949532,
              22.3777851
            ],
            [
              114.195003,
              22.377743
            ],
            [
              114.1950836,
              22.3778247
            ],
            [
              114.1950338,
              22.3778667
            ]
          ]
        ]
      },
      "id": "way/551854026"
    },
    {
      "type": "Feature",
      "properties": {
        "@id": "way/555109963",
        "building": "yes",
        "layer": "1",
        "name": "中電港珠澳大橋變電站 CLP HongKong-Zhuhai-Macao Bridge Substation",
        "name:en": "CLP HongKong-Zhuhai-Macao Bridge Substation",
        "name:zh": "中電港珠澳大橋變電站",
        "name:zh-Hans": "中电港珠澳大桥变电站",
        "name:zh-Hant": "中電港珠澳大橋變電站",
        "power": "substation",
        "voltage": "132000"
      },
      "geometry": {
        "type": "Polygon",
        "coordinates": [
          [
            [
              113.948392,
              22.3159594
            ],
            [
              113.94823,
              22.315453
            ],
            [
              113.948487,
              22.3153826
            ],
            [
              113.948649,
              22.315889
            ],
            [
              113.948392,
              22.3159594
            ]
          ]
        ]
      },
      "id": "way/555109963"
    },
    {
      "type": "Feature",
      "properties": {
        "@id": "way/555780237",
        "building": "yes",
        "name": "大圍鐵路開關掣室變電站 Tai Wai Switching Compound Substation",
        "name:en": "Tai Wai Switching Compound Substation",
        "name:zh": "大圍鐵路開關掣室變電站",
        "power": "substation",
        "substation": "substation"
      },
      "geometry": {
        "type": "Polygon",
        "coordinates": [
          [
            [
              114.1754066,
              22.3711485
            ],
            [
              114.1755561,
              22.3710999
            ],
            [
              114.1756286,
              22.3712906
            ],
            [
              114.1754791,
              22.3713392
            ],
            [
              114.1754066,
              22.3711485
            ]
          ]
        ]
      },
      "id": "way/555780237"
    },
    {
      "type": "Feature",
      "properties": {
        "@id": "way/555780238",
        "name": "大圍鐵路變電站 Tai Wai Substation",
        "name:en": "Tai Wai Substation",
        "name:zh": "大圍鐵路變電站",
        "operator": "中華電力 CLP",
        "operator:en": "CLP",
        "operator:wikidata": "Q977959",
        "operator:zh": "中華電力",
        "operator:zh-Hans": "中华电力",
        "operator:zh-Hant": "中華電力",
        "power": "substation",
        "substation": "substation"
      },
      "geometry": {
        "type": "Polygon",
        "coordinates": [
          [
            [
              114.17442,
              22.3705202
            ],
            [
              114.1745368,
              22.3703634
            ],
            [
              114.1755692,
              22.3710995
            ],
            [
              114.1756428,
              22.3712945
            ],
            [
              114.1754559,
              22.3713551
            ],
            [
              114.1753914,
              22.371376
            ],
            [
              114.175282,
              22.3710951
            ],
            [
              114.1748144,
              22.3707506
            ],
            [
              114.1747803,
              22.37077
            ],
            [
              114.17442,
              22.3705202
            ]
          ]
        ]
      },
      "id": "way/555780238"
    },
    {
      "type": "Feature",
      "properties": {
        "@id": "way/563053835",
        "building": "yes",
        "name": "培基小學變電站 Stewards Pooi Kei Primary School Substation",
        "name:en": "Stewards Pooi Kei Primary School Substation",
        "name:zh": "培基小學變電站",
        "power": "substation",
        "substation": "substation"
      },
      "geometry": {
        "type": "Polygon",
        "coordinates": [
          [
            [
              114.1977982,
              22.4000057
            ],
            [
              114.1977974,
              22.3999208
            ],
            [
              114.1978815,
              22.3999202
            ],
            [
              114.197882,
              22.3999769
            ],
            [
              114.1978365,
              22.3999772
            ],
            [
              114.1978368,
              22.4000054
            ],
            [
              114.1977982,
              22.4000057
            ]
          ]
        ]
      },
      "id": "way/563053835"
    },
    {
      "type": "Feature",
      "properties": {
        "@id": "way/563566546",
        "building": "yes",
        "name": "英童小學擴建變電站 Shatin College Ext Substation",
        "name:en": "Shatin College Ext Substation",
        "name:zh": "英童小學擴建變電站",
        "power": "substation",
        "substation": "substation"
      },
      "geometry": {
        "type": "Polygon",
        "coordinates": [
          [
            [
              114.18826,
              22.3933494
            ],
            [
              114.188251,
              22.3932496
            ],
            [
              114.1883053,
              22.3932455
            ],
            [
              114.1883142,
              22.3933453
            ],
            [
              114.18826,
              22.3933494
            ]
          ]
        ]
      },
      "id": "way/563566546"
    },
    {
      "type": "Feature",
      "properties": {
        "@id": "way/569830285",
        "name": "寶松苑變電站 The Summit Substation",
        "power": "substation",
        "substation": "substation"
      },
      "geometry": {
        "type": "Polygon",
        "coordinates": [
          [
            [
              114.2060636,
              22.408841
            ],
            [
              114.2061107,
              22.4088389
            ],
            [
              114.2062216,
              22.4088303
            ],
            [
              114.20622,
              22.4089813
            ],
            [
              114.2060654,
              22.4089816
            ],
            [
              114.2060636,
              22.408841
            ]
          ]
        ]
      },
      "id": "way/569830285"
    },
    {
      "type": "Feature",
      "properties": {
        "@id": "way/570476117",
        "access:conditional": "designated @ (emergency)",
        "addr:housename": "葵芳輔助設施大樓 Kwai Fong Ancillary Building",
        "addr:housename:en": "Kwai Fong Ancillary Building",
        "addr:housename:zh": "葵芳輔助設施大樓",
        "building": "service",
        "emergency": "yes",
        "frequency": "50",
        "man_made": "shaft",
        "name": "葵芳輔助設施大樓 Kwai Fong Ancillary Building",
        "name:en": "Kwai Fong Ancillary Building",
        "name:zh": "葵芳輔助設施大樓",
        "pipeline": "yes",
        "power": "substation",
        "service": "ventilation",
        "substance": "air",
        "substation": "traction",
        "train": "yes",
        "usage": "gathering",
        "ventilation": "longitudinal",
        "voltage": "25000"
      },
      "geometry": {
        "type": "Polygon",
        "coordinates": [
          [
            [
              114.126881,
              22.3538584
            ],
            [
              114.127052,
              22.3537204
            ],
            [
              114.1275914,
              22.354292
            ],
            [
              114.1274816,
              22.3543806
            ],
            [
              114.127573,
              22.3544775
            ],
            [
              114.1275324,
              22.3545103
            ],
            [
              114.1275596,
              22.3545392
            ],
            [
              114.1275844,
              22.3545192
            ],
            [
              114.127656,
              22.3545952
            ],
            [
              114.1275747,
              22.3546608
            ],
            [
              114.1273862,
              22.3544612
            ],
            [
              114.1272721,
              22.3545533
            ],
            [
              114.1269171,
              22.3541771
            ],
            [
              114.1270673,
              22.3540558
            ],
            [
              114.126881,
              22.3538584
            ]
          ]
        ]
      },
      "id": "way/570476117"
    },
    {
      "type": "Feature",
      "properties": {
        "@id": "way/572020277",
        "building": "yes",
        "name": "東涌四十區ＳＳ２學校變電站 TC Area 40 School SS2 Substation",
        "power": "substation"
      },
      "geometry": {
        "type": "Polygon",
        "coordinates": [
          [
            [
              113.9320353,
              22.2760751
            ],
            [
              113.9320287,
              22.2760614
            ],
            [
              113.9320441,
              22.2760571
            ],
            [
              113.9320076,
              22.2759577
            ],
            [
              113.9320639,
              22.2759367
            ],
            [
              113.9320778,
              22.2759634
            ],
            [
              113.9321449,
              22.2759425
            ],
            [
              113.9321564,
              22.2759768
            ],
            [
              113.9321336,
              22.2760186
            ],
            [
              113.9321056,
              22.2760454
            ],
            [
              113.9320353,
              22.2760751
            ]
          ]
        ]
      },
      "id": "way/572020277"
    },
    {
      "type": "Feature",
      "properties": {
        "@id": "way/572020278",
        "building": "yes",
        "name": "東涌四十區ＳＳ３學校變電站 TC Area 40 School SS3 Substation",
        "power": "substation"
      },
      "geometry": {
        "type": "Polygon",
        "coordinates": [
          [
            [
              113.9323364,
              22.2759485
            ],
            [
              113.9322992,
              22.2759319
            ],
            [
              113.9322547,
              22.2759249
            ],
            [
              113.9322438,
              22.2758941
            ],
            [
              113.9322283,
              22.2759001
            ],
            [
              113.9322174,
              22.2758757
            ],
            [
              113.9322711,
              22.2758605
            ],
            [
              113.932262,
              22.2758277
            ],
            [
              113.9323159,
              22.2758082
            ],
            [
              113.9323512,
              22.2758939
            ],
            [
              113.9323613,
              22.2758889
            ],
            [
              113.9323667,
              22.2759013
            ],
            [
              113.9323364,
              22.2759485
            ]
          ]
        ]
      },
      "id": "way/572020278"
    },
    {
      "type": "Feature",
      "properties": {
        "@id": "way/585742609",
        "building": "service",
        "name": "馬料水套裝變電站 Ma Liu Shui PKG",
        "name:en": "Ma Liu Shui PKG",
        "name:zh": "馬料水套裝變電站",
        "operator": "CLP",
        "power": "substation",
        "substation": "substation"
      },
      "geometry": {
        "type": "Polygon",
        "coordinates": [
          [
            [
              114.2131462,
              22.4098503
            ],
            [
              114.2131825,
              22.4098182
            ],
            [
              114.213196,
              22.4098312
            ],
            [
              114.2131597,
              22.4098633
            ],
            [
              114.2131462,
              22.4098503
            ]
          ]
        ]
      },
      "id": "way/585742609"
    },
    {
      "type": "Feature",
      "properties": {
        "@id": "way/590550683",
        "name": "中環填海西端變壓站 Central Reclamation West End Substation",
        "name:en": "Central Reclamation West End Substation",
        "name:zh": "中環填海西端變壓站",
        "name:zh-Hans": "中环填海西端变压站",
        "name:zh-Hant": "中環填海西端變壓站",
        "operator": "香港電燈有限公司 The Hongkong Electric Company, Limited",
        "operator:en": "The Hongkong Electric Company, Limited",
        "operator:short": "港燈 HK Electric",
        "operator:short:en": "HK Electric",
        "operator:short:zh": "港燈",
        "operator:short:zh-Hans": "港灯",
        "operator:short:zh-Hant": "港燈",
        "operator:wikidata": "Q709104",
        "operator:zh": "香港電燈有限公司",
        "operator:zh-Hans": "香港电灯有限公司",
        "operator:zh-Hant": "香港電燈有限公司",
        "power": "substation",
        "substation": "substation"
      },
      "geometry": {
        "type": "Polygon",
        "coordinates": [
          [
            [
              114.1587493,
              22.2867413
            ],
            [
              114.1587246,
              22.2866625
            ],
            [
              114.1588506,
              22.2865708
            ],
            [
              114.1590363,
              22.2864159
            ],
            [
              114.1592986,
              22.2861897
            ],
            [
              114.1593128,
              22.2861774
            ],
            [
              114.1593716,
              22.2863483
            ],
            [
              114.1594377,
              22.2865407
            ],
            [
              114.1587493,
              22.2867413
            ]
          ]
        ]
      },
      "id": "way/590550683"
    },
    {
      "type": "Feature",
      "properties": {
        "@id": "way/595808768",
        "addr:housename": "大坑西邨 Tai Hang Sai Estate",
        "addr:housename:en": "Tai Hang Sai Estate",
        "addr:housename:zh": "大坑西邨",
        "building": "service",
        "name": "大坑西變電站A",
        "name:zh": "大坑西變電站A",
        "operator": "中華電力 CLP",
        "operator:en": "CLP",
        "operator:wikidata": "Q977959",
        "operator:zh": "中華電力",
        "operator:zh-Hans": "中华电力",
        "operator:zh-Hant": "中華電力",
        "power": "substation",
        "service": "power",
        "substation": "minor_distribution"
      },
      "geometry": {
        "type": "Polygon",
        "coordinates": [
          [
            [
              114.1693527,
              22.3330011
            ],
            [
              114.1693501,
              22.3329386
            ],
            [
              114.169444,
              22.3329351
            ],
            [
              114.1694467,
              22.3329977
            ],
            [
              114.1693527,
              22.3330011
            ]
          ]
        ]
      },
      "id": "way/595808768"
    },
    {
      "type": "Feature",
      "properties": {
        "@id": "way/597536946",
        "building": "service",
        "power": "substation",
        "substation": "yes"
      },
      "geometry": {
        "type": "Polygon",
        "coordinates": [
          [
            [
              114.1272212,
              22.3785648
            ],
            [
              114.127206,
              22.3785938
            ],
            [
              114.1271465,
              22.3785672
            ],
            [
              114.1271617,
              22.3785382
            ],
            [
              114.1272212,
              22.3785648
            ]
          ]
        ]
      },
      "id": "way/597536946"
    },
    {
      "type": "Feature",
      "properties": {
        "@id": "way/599154497",
        "building": "service",
        "name": "歌連臣角火葬場西變電站 Cape Collinson Crematorium W Substation",
        "name:en": "Cape Collinson Crematorium W Substation",
        "name:zh": "歌連臣角火葬場西變電站",
        "operation": "government",
        "operator": "香港電燈有限公司 Hongkong Electric Company, Limited",
        "operator:en": "Hongkong Electric Company, Limited",
        "operator:ownership": "government",
        "operator:wikidata": "Q709104",
        "operator:zh": "香港電燈有限公司",
        "ownership": "government",
        "power": "substation",
        "service": "power",
        "substation": "minor_distribution"
      },
      "geometry": {
        "type": "Polygon",
        "coordinates": [
          [
            [
              114.2297206,
              22.2580663
            ],
            [
              114.2297984,
              22.2579646
            ],
            [
              114.2298842,
              22.2580738
            ],
            [
              114.2297716,
              22.2581309
            ],
            [
              114.2297206,
              22.2580663
            ]
          ]
        ]
      },
      "id": "way/599154497"
    },
    {
      "type": "Feature",
      "properties": {
        "@id": "way/599677106",
        "name": "九肚山峰變電站 Kau To Highland Substation",
        "name:en": "Kau To Highland Substation",
        "name:zh": "九肚山峰變電站",
        "power": "substation",
        "substation": "substation"
      },
      "geometry": {
        "type": "Polygon",
        "coordinates": [
          [
            [
              114.2005994,
              22.4147291
            ],
            [
              114.2006687,
              22.4148105
            ],
            [
              114.2006097,
              22.4148546
            ],
            [
              114.2005482,
              22.4147836
            ],
            [
              114.2005994,
              22.4147291
            ]
          ]
        ]
      },
      "id": "way/599677106"
    },
    {
      "type": "Feature",
      "properties": {
        "@id": "way/602443438",
        "building": "yes",
        "name": "柏架電力站 Parker Substation",
        "name:en": "Parker Substation",
        "name:zh": "柏架電力站",
        "operator": "香港電燈有限公司 The Hongkong Electric Company, Limited",
        "operator:en": "The Hongkong Electric Company, Limited",
        "operator:short": "港燈 HK Electric",
        "operator:short:en": "HK Electric",
        "operator:short:zh": "港燈",
        "operator:short:zh-Hans": "港灯",
        "operator:short:zh-Hant": "港燈",
        "operator:wikidata": "Q709104",
        "operator:zh": "香港電燈有限公司",
        "operator:zh-Hans": "香港电灯有限公司",
        "operator:zh-Hant": "香港電燈有限公司",
        "power": "substation",
        "substation": "yes"
      },
      "geometry": {
        "type": "Polygon",
        "coordinates": [
          [
            [
              114.2309446,
              22.2740638
            ],
            [
              114.2308529,
              22.2739806
            ],
            [
              114.2313398,
              22.2735217
            ],
            [
              114.2314314,
              22.2736049
            ],
            [
              114.2309446,
              22.2740638
            ]
          ]
        ]
      },
      "id": "way/602443438"
    },
    {
      "type": "Feature",
      "properties": {
        "@id": "way/603019450",
        "building": "industrial",
        "name": "寶雲隧道入口變壓站",
        "operator": "香港電燈有限公司 The Hongkong Electric Company, Limited",
        "operator:en": "The Hongkong Electric Company, Limited",
        "operator:short": "港燈 HK Electric",
        "operator:short:en": "HK Electric",
        "operator:short:zh": "港燈",
        "operator:short:zh-Hans": "港灯",
        "operator:short:zh-Hant": "港燈",
        "operator:wikidata": "Q709104",
        "operator:zh": "香港電燈有限公司",
        "operator:zh-Hans": "香港电灯有限公司",
        "operator:zh-Hant": "香港電燈有限公司",
        "power": "substation"
      },
      "geometry": {
        "type": "Polygon",
        "coordinates": [
          [
            [
              114.1656979,
              22.2724328
            ],
            [
              114.165804,
              22.2722669
            ],
            [
              114.1658475,
              22.2722907
            ],
            [
              114.1657414,
              22.2724566
            ],
            [
              114.1656979,
              22.2724328
            ]
          ]
        ]
      },
      "id": "way/603019450"
    },
    {
      "type": "Feature",
      "properties": {
        "@id": "way/604590120",
        "name": "歌和老街變電站  Cornwall Street Substation",
        "name:en": "Cornwall Street Substation",
        "name:zh": "歌和老街變電站",
        "operator": "CLP",
        "operator:wikidata": "Q977959",
        "operator:wikipedia": "zh:中華電力",
        "power": "substation",
        "substation": "substation"
      },
      "geometry": {
        "type": "Polygon",
        "coordinates": [
          [
            [
              114.1775898,
              22.3403085
            ],
            [
              114.1775838,
              22.3401995
            ],
            [
              114.1776006,
              22.3401984
            ],
            [
              114.1776572,
              22.3401946
            ],
            [
              114.1776647,
              22.3401942
            ],
            [
              114.1776722,
              22.3401937
            ],
            [
              114.1776779,
              22.3403042
            ],
            [
              114.1775898,
              22.3403085
            ]
          ]
        ]
      },
      "id": "way/604590120"
    },
    {
      "type": "Feature",
      "properties": {
        "@id": "way/607621213",
        "building": "service",
        "power": "substation",
        "substation": "minor_distribution"
      },
      "geometry": {
        "type": "Polygon",
        "coordinates": [
          [
            [
              114.2652719,
              22.299802
            ],
            [
              114.2652806,
              22.2997138
            ],
            [
              114.2653904,
              22.2997231
            ],
            [
              114.2653817,
              22.2998113
            ],
            [
              114.2652719,
              22.299802
            ]
          ]
        ]
      },
      "id": "way/607621213"
    },
    {
      "type": "Feature",
      "properties": {
        "@id": "way/609892657",
        "addr:housenumber": "402",
        "addr:street": "青山公路－青山灣段 Castle Peak Road – Castle Peak Bay",
        "name": "屯門變電站 Tuen Mun Substation",
        "name:en": "Tuen Mun Substation",
        "name:zh": "屯門變電站",
        "operator": "中華電力有限公司 CLP Power Hong Kong Limited",
        "operator:en": "CLP Power Hong Kong Limited",
        "operator:short": "中華電力 CLP",
        "operator:short:en": "CLP",
        "operator:short:zh": "中華電力",
        "operator:short:zh-Hans": "中华电力",
        "operator:short:zh-Hant": "中華電力",
        "operator:wikidata": "Q977959",
        "operator:zh": "中華電力有限公司",
        "operator:zh-Hans": "中华电力有限公司",
        "operator:zh-Hant": "中華電力有限公司",
        "power": "substation",
        "substation": "yes"
      },
      "geometry": {
        "type": "Polygon",
        "coordinates": [
          [
            [
              113.9800885,
              22.3905583
            ],
            [
              113.980248,
              22.3899379
            ],
            [
              113.9805639,
              22.3900073
            ],
            [
              113.9804044,
              22.3906277
            ],
            [
              113.9800885,
              22.3905583
            ]
          ]
        ]
      },
      "id": "way/609892657"
    },
    {
      "type": "Feature",
      "properties": {
        "@id": "way/612050078",
        "building": "yes",
        "power": "substation"
      },
      "geometry": {
        "type": "Polygon",
        "coordinates": [
          [
            [
              114.1634927,
              22.4518443
            ],
            [
              114.1632103,
              22.4519513
            ],
            [
              114.1631881,
              22.4519046
            ],
            [
              114.1631777,
              22.4518827
            ],
            [
              114.1632333,
              22.4518593
            ],
            [
              114.1632136,
              22.4518159
            ],
            [
              114.1630814,
              22.4515358
            ],
            [
              114.1632911,
              22.4514168
            ],
            [
              114.1634927,
              22.4518443
            ]
          ]
        ]
      },
      "id": "way/612050078"
    },
    {
      "type": "Feature",
      "properties": {
        "@id": "way/613002601",
        "addr:housenumber": "42",
        "addr:street": "汀麗路 Ting Lai Road",
        "building": "yes",
        "operator": "CLP",
        "power": "substation"
      },
      "geometry": {
        "type": "Polygon",
        "coordinates": [
          [
            [
              114.1693872,
              22.4580953
            ],
            [
              114.1693866,
              22.4580873
            ],
            [
              114.1693491,
              22.4580854
            ],
            [
              114.1693491,
              22.4580779
            ],
            [
              114.1693495,
              22.4580261
            ],
            [
              114.16935,
              22.4579612
            ],
            [
              114.1693699,
              22.4579612
            ],
            [
              114.1693699,
              22.4579489
            ],
            [
              114.1694669,
              22.4579488
            ],
            [
              114.1695892,
              22.4579491
            ],
            [
              114.1696582,
              22.4579486
            ],
            [
              114.1696591,
              22.4579563
            ],
            [
              114.1696725,
              22.4579566
            ],
            [
              114.1696716,
              22.4579612
            ],
            [
              114.1696904,
              22.4579623
            ],
            [
              114.1696898,
              22.4580265
            ],
            [
              114.1696893,
              22.4580783
            ],
            [
              114.1696892,
              22.4580867
            ],
            [
              114.1696453,
              22.4580867
            ],
            [
              114.1694074,
              22.4580867
            ],
            [
              114.1694056,
              22.4580964
            ],
            [
              114.1693872,
              22.4580953
            ]
          ]
        ]
      },
      "id": "way/613002601"
    },
    {
      "type": "Feature",
      "properties": {
        "@id": "way/622824871",
        "building": "service",
        "building:levels": "1",
        "name": "塘福東變電站 Tong Fuk East Substation",
        "name:en": "Tong Fuk East Substation",
        "name:zh": "塘福東變電站",
        "power": "substation"
      },
      "geometry": {
        "type": "Polygon",
        "coordinates": [
          [
            [
              113.9334876,
              22.2282521
            ],
            [
              113.9335293,
              22.2281907
            ],
            [
              113.9335787,
              22.2282194
            ],
            [
              113.9335371,
              22.2282808
            ],
            [
              113.9334876,
              22.2282521
            ]
          ]
        ]
      },
      "id": "way/622824871"
    },
    {
      "type": "Feature",
      "properties": {
        "@id": "way/639579514",
        "industrial": "power",
        "landuse": "industrial",
        "name": "火炭變電站 Fo Tan Substation",
        "name:en": "Fo Tan Substation",
        "name:zh": "火炭變電站",
        "operator": "CLP",
        "power": "substation",
        "substation": "substation"
      },
      "geometry": {
        "type": "Polygon",
        "coordinates": [
          [
            [
              114.1978393,
              22.3968594
            ],
            [
              114.1979015,
              22.3968748
            ],
            [
              114.1979745,
              22.3969943
            ],
            [
              114.1976913,
              22.3971495
            ],
            [
              114.1975952,
              22.3969945
            ],
            [
              114.1978393,
              22.3968594
            ]
          ]
        ]
      },
      "id": "way/639579514"
    },
    {
      "type": "Feature",
      "properties": {
        "@id": "way/657933148",
        "building": "yes",
        "name": "海洋公園亞洲動物天地變電站 Ocean Park Amazing Asian Animal Substation",
        "name:en": "Ocean Park Amazing Asian Animal Substation",
        "name:zh": "海洋公園亞洲動物天地變電站",
        "operator": "香港電燈有限公司 The Hongkong Electric Company, Limited",
        "operator:en": "The Hongkong Electric Company, Limited",
        "operator:short": "港燈 HK Electric",
        "operator:short:en": "HK Electric",
        "operator:short:zh": "港燈",
        "operator:short:zh-Hans": "港灯",
        "operator:short:zh-Hant": "港燈",
        "operator:wikidata": "Q709104",
        "operator:zh": "香港電燈有限公司",
        "operator:zh-Hans": "香港电灯有限公司",
        "operator:zh-Hant": "香港電燈有限公司",
        "power": "substation",
        "substation": "substation"
      },
      "geometry": {
        "type": "Polygon",
        "coordinates": [
          [
            [
              114.1770163,
              22.2458664
            ],
            [
              114.1769084,
              22.2459752
            ],
            [
              114.1768679,
              22.2459324
            ],
            [
              114.1770548,
              22.2456203
            ],
            [
              114.177077,
              22.2456033
            ],
            [
              114.177103,
              22.2455908
            ],
            [
              114.1771261,
              22.2455908
            ],
            [
              114.1772215,
              22.2456729
            ],
            [
              114.1770394,
              22.2458468
            ],
            [
              114.1770037,
              22.2458138
            ],
            [
              114.1769835,
              22.2458334
            ],
            [
              114.1770163,
              22.2458664
            ]
          ]
        ]
      },
      "id": "way/657933148"
    },
    {
      "type": "Feature",
      "properties": {
        "@id": "way/657933153",
        "building": "service",
        "name": "海洋公園低段南變電站 Oceanarium Lowland Site South Substation",
        "name:en": "Oceanarium Lowland Site South Substation",
        "name:zh": "海洋公園低段南變電站",
        "power": "substation",
        "service": "power",
        "substation": "distribution"
      },
      "geometry": {
        "type": "Polygon",
        "coordinates": [
          [
            [
              114.1774198,
              22.245183
            ],
            [
              114.177442,
              22.2452039
            ],
            [
              114.177417,
              22.2452267
            ],
            [
              114.1774401,
              22.2452484
            ],
            [
              114.1773875,
              22.2452962
            ],
            [
              114.1773421,
              22.2452535
            ],
            [
              114.1774198,
              22.245183
            ]
          ]
        ]
      },
      "id": "way/657933153"
    },
    {
      "type": "Feature",
      "properties": {
        "@id": "way/657941234",
        "building": "yes",
        "name": "海洋公園海洋奇觀變電站 Ocean Park Grand Aquarium Substation",
        "name:en": "Ocean Park Grand Aquarium Substation",
        "name:zh": "海洋公園海洋奇觀變電站",
        "operator": "香港電燈有限公司 The Hongkong Electric Company, Limited",
        "operator:en": "The Hongkong Electric Company, Limited",
        "operator:short": "港燈 HK Electric",
        "operator:short:en": "HK Electric",
        "operator:short:zh": "港燈",
        "operator:short:zh-Hans": "港灯",
        "operator:short:zh-Hant": "港燈",
        "operator:wikidata": "Q709104",
        "operator:zh": "香港電燈有限公司",
        "operator:zh-Hans": "香港电灯有限公司",
        "operator:zh-Hant": "香港電燈有限公司",
        "power": "substation",
        "substation": "substation"
      },
      "geometry": {
        "type": "Polygon",
        "coordinates": [
          [
            [
              114.1746934,
              22.2454061
            ],
            [
              114.174658,
              22.24533
            ],
            [
              114.1748554,
              22.2452513
            ],
            [
              114.1748908,
              22.2453273
            ],
            [
              114.1746934,
              22.2454061
            ]
          ]
        ]
      },
      "id": "way/657941234"
    },
    {
      "type": "Feature",
      "properties": {
        "@id": "way/666640000",
        "building": "yes",
        "operator": "香港電燈 HK Electric",
        "power": "substation"
      },
      "geometry": {
        "type": "Polygon",
        "coordinates": [
          [
            [
              114.1541943,
              22.2799751
            ],
            [
              114.1542127,
              22.2799425
            ],
            [
              114.154231,
              22.2799513
            ],
            [
              114.1542525,
              22.2799617
            ],
            [
              114.1542341,
              22.2799944
            ],
            [
              114.1541943,
              22.2799751
            ]
          ]
        ]
      },
      "id": "way/666640000"
    },
    {
      "type": "Feature",
      "properties": {
        "@id": "way/667154362",
        "addr:street": "青發街 Tsing Fat Street",
        "addr:street:en": "Tsing Fat Street",
        "addr:street:zh": "青發街",
        "building": "service",
        "name": "樂安排變電站 Lok On Pai Substation",
        "name:en": "Lok On Pai Substation",
        "name:zh": "樂安排變電站",
        "operator": "中華電力有限公司 CLP Power Hong Kong Limited",
        "operator:en": "CLP Power Hong Kong Limited",
        "operator:short": "中華電力 CLP",
        "operator:short:en": "CLP",
        "operator:short:zh": "中華電力",
        "operator:short:zh-Hans": "中华电力",
        "operator:short:zh-Hant": "中華電力",
        "operator:wikidata": "Q977959",
        "operator:zh": "中華電力有限公司",
        "operator:zh-Hans": "中华电力有限公司",
        "operator:zh-Hant": "中華電力有限公司",
        "power": "substation",
        "service": "power",
        "substation": "distribution"
      },
      "geometry": {
        "type": "Polygon",
        "coordinates": [
          [
            [
              114.0007688,
              22.3648206
            ],
            [
              114.0008344,
              22.3646839
            ],
            [
              114.001033,
              22.3647655
            ],
            [
              114.0009674,
              22.3649021
            ],
            [
              114.0007688,
              22.3648206
            ]
          ]
        ]
      },
      "id": "way/667154362"
    },
    {
      "type": "Feature",
      "properties": {
        "@id": "way/672473891",
        "building": "power",
        "name": "文昌街變電站 Man Cheong Street Substation",
        "name:en": "Man Cheong Street Substation",
        "name:zh": "文昌街變電站",
        "operator": "中華電力有限公司 CLP Power Hong Kong Limited",
        "operator:en": "CLP Power Hong Kong Limited",
        "operator:type": "private",
        "operator:wikidata": "Q977959",
        "operator:zh": "中華電力有限公司",
        "owner": "中華電力有限公司 CLP Power Hong Kong Limited",
        "owner:en": "CLP Power Hong Kong Limited",
        "owner:wikidata": "Q977959",
        "owner:zh": "中華電力有限公司",
        "ownership": "private",
        "power": "substation",
        "service": "power",
        "substation": "distribution"
      },
      "geometry": {
        "type": "Polygon",
        "coordinates": [
          [
            [
              114.1653369,
              22.3076962
            ],
            [
              114.1652987,
              22.3075637
            ],
            [
              114.1653562,
              22.3075495
            ],
            [
              114.1653943,
              22.307682
            ],
            [
              114.1653369,
              22.3076962
            ]
          ]
        ]
      },
      "id": "way/672473891"
    },
    {
      "type": "Feature",
      "properties": {
        "@id": "way/677890437",
        "building": "yes",
        "name": "城市理工職員宿舍Ａ變電站",
        "name:zh": "城市理工職員宿舍Ａ變電站",
        "operator": "中華電力 CLP",
        "operator:en": "CLP",
        "operator:wikidata": "Q977959",
        "operator:zh": "中華電力",
        "operator:zh-Hans": "中华电力",
        "operator:zh-Hant": "中華電力",
        "power": "substation",
        "substation": "substation"
      },
      "geometry": {
        "type": "Polygon",
        "coordinates": [
          [
            [
              114.1734427,
              22.3379908
            ],
            [
              114.1734792,
              22.3379558
            ],
            [
              114.1735381,
              22.3380085
            ],
            [
              114.1735016,
              22.3380434
            ],
            [
              114.1734427,
              22.3379908
            ]
          ]
        ]
      },
      "id": "way/677890437"
    },
    {
      "type": "Feature",
      "properties": {
        "@id": "way/680589636",
        "brand": "港鐵 MTR",
        "brand:en": "MTR",
        "brand:zh": "港鐵",
        "building": "service",
        "building:levels": "3",
        "elevator": "separate",
        "network": "港鐵 MTR",
        "network:en": "MTR",
        "network:wikidata": "Q14751",
        "network:zh": "港鐵",
        "operator": "香港鐵路有限公司 MTR Corporation Limited",
        "operator:en": "MTR Corporation Limited",
        "operator:wikidata": "Q1479375",
        "operator:zh": "香港鐵路有限公司",
        "owner": "香港鐵路有限公司 MTR Corporation Limited",
        "owner:en": "MTR Corporation Limited",
        "owner:wikidata": "Q1479375",
        "owner:zh": "香港鐵路有限公司",
        "pipeline": "substation",
        "power": "substation",
        "railway": "yes",
        "roof:levels": "1",
        "substance": "air",
        "substation": "minor_distribution",
        "subway_entrance": "separate",
        "usage": "gathering;vent",
        "ventilation": "mechanical"
      },
      "geometry": {
        "type": "Polygon",
        "coordinates": [
          [
            [
              114.1432271,
              22.2846355
            ],
            [
              114.1432213,
              22.2845437
            ],
            [
              114.1432431,
              22.2845425
            ],
            [
              114.1432624,
              22.2845414
            ],
            [
              114.1432818,
              22.2845404
            ],
            [
              114.1433534,
              22.2845364
            ],
            [
              114.1434251,
              22.2845325
            ],
            [
              114.1434444,
              22.2845315
            ],
            [
              114.1434638,
              22.2845304
            ],
            [
              114.1434856,
              22.2845292
            ],
            [
              114.1434915,
              22.284621
            ],
            [
              114.1435254,
              22.2846192
            ],
            [
              114.1435355,
              22.2847775
            ],
            [
              114.1431918,
              22.2847963
            ],
            [
              114.1431817,
              22.284638
            ],
            [
              114.1432271,
              22.2846355
            ]
          ]
        ]
      },
      "id": "way/680589636"
    },
    {
      "type": "Feature",
      "properties": {
        "@id": "way/682841691",
        "building": "yes",
        "power": "substation"
      },
      "geometry": {
        "type": "Polygon",
        "coordinates": [
          [
            [
              114.2325092,
              22.3061638
            ],
            [
              114.232544,
              22.3061283
            ],
            [
              114.2325986,
              22.3061741
            ],
            [
              114.2325639,
              22.3062096
            ],
            [
              114.2325092,
              22.3061638
            ]
          ]
        ]
      },
      "id": "way/682841691"
    },
    {
      "type": "Feature",
      "properties": {
        "@id": "way/685078085",
        "building": "service",
        "name": "青衣游泳池變電站 Tsing Yi Swimming Pool Substation",
        "name:en": "Tsing Yi Swimming Pool Substation",
        "name:zh": "青衣游泳池變電站",
        "power": "substation",
        "service": "power",
        "substation": "minor_distribution",
        "utility": "power"
      },
      "geometry": {
        "type": "Polygon",
        "coordinates": [
          [
            [
              114.1072039,
              22.3570097
            ],
            [
              114.1072178,
              22.3567867
            ],
            [
              114.1073915,
              22.3567959
            ],
            [
              114.1073947,
              22.3567456
            ],
            [
              114.1075172,
              22.3567521
            ],
            [
              114.1075001,
              22.3570256
            ],
            [
              114.1072039,
              22.3570097
            ]
          ]
        ]
      },
      "id": "way/685078085"
    },
    {
      "type": "Feature",
      "properties": {
        "@id": "way/687970412",
        "power": "substation"
      },
      "geometry": {
        "type": "Polygon",
        "coordinates": [
          [
            [
              114.1807216,
              22.3322042
            ],
            [
              114.1807787,
              22.3322015
            ],
            [
              114.1807833,
              22.3322874
            ],
            [
              114.1807263,
              22.3322901
            ],
            [
              114.1807216,
              22.3322042
            ]
          ]
        ]
      },
      "id": "way/687970412"
    },
    {
      "type": "Feature",
      "properties": {
        "@id": "way/688157500",
        "building": "yes",
        "name": "大澳四號泵房變電站 Tai O No.4 Pumping Station Substation",
        "name:en": "Tai O No.4 Pumping Station Substation",
        "name:yue": "大澳四號泵房變電站",
        "name:zh": "大澳四號泵房變電站",
        "power": "substation",
        "substation": "substation"
      },
      "geometry": {
        "type": "Polygon",
        "coordinates": [
          [
            [
              113.8655584,
              22.2549194
            ],
            [
              113.8654684,
              22.2548109
            ],
            [
              113.8655177,
              22.2547759
            ],
            [
              113.8655268,
              22.2547869
            ],
            [
              113.8655164,
              22.2547942
            ],
            [
              113.8655606,
              22.2548476
            ],
            [
              113.8655741,
              22.2548381
            ],
            [
              113.8656107,
              22.2548823
            ],
            [
              113.8655584,
              22.2549194
            ]
          ]
        ]
      },
      "id": "way/688157500"
    },
    {
      "type": "Feature",
      "properties": {
        "@id": "way/688187372",
        "addr:street": "聯合道 Junction Road",
        "addr:street:en": "Junction Road",
        "addr:street:zh": "聯合道",
        "building": "service",
        "building:levels": "4",
        "name": "聯合道變電站 Junction Road Substation",
        "name:en": "Junction Road Substation",
        "name:zh": "聯合道變電站",
        "power": "substation",
        "service": "power",
        "substation": "distribution"
      },
      "geometry": {
        "type": "Polygon",
        "coordinates": [
          [
            [
              114.1868136,
              22.3311252
            ],
            [
              114.186811,
              22.3310558
            ],
            [
              114.1867829,
              22.3310568
            ],
            [
              114.1867779,
              22.3309241
            ],
            [
              114.1868091,
              22.3309231
            ],
            [
              114.1868072,
              22.3308739
            ],
            [
              114.1869872,
              22.3308682
            ],
            [
              114.1869965,
              22.3311194
            ],
            [
              114.1868136,
              22.3311252
            ]
          ]
        ]
      },
      "id": "way/688187372"
    },
    {
      "type": "Feature",
      "properties": {
        "@id": "way/688187373",
        "addr:street": "嘉林邊道 Grampian Road",
        "addr:street:en": "Grampian Road",
        "addr:street:zh": "嘉林邊道",
        "building": "service",
        "name": "嘉林邊道變電站 Grampian Road Substation",
        "name:en": "Grampian Road Substation",
        "name:zh": "嘉林邊道變電站",
        "power": "substation",
        "service": "power",
        "substation": "distribution"
      },
      "geometry": {
        "type": "Polygon",
        "coordinates": [
          [
            [
              114.1867641,
              22.3311187
            ],
            [
              114.1866451,
              22.3311219
            ],
            [
              114.1866405,
              22.3309855
            ],
            [
              114.1866503,
              22.3309853
            ],
            [
              114.186649,
              22.330946
            ],
            [
              114.1866603,
              22.3309456
            ],
            [
              114.1866588,
              22.3308949
            ],
            [
              114.1867566,
              22.3308921
            ],
            [
              114.1867641,
              22.3311187
            ]
          ]
        ]
      },
      "id": "way/688187373"
    },
    {
      "type": "Feature",
      "properties": {
        "@id": "way/688344647",
        "name": "律倫街變電站 Rutland Quadrant Substation",
        "name:en": "Rutland Quadrant Substation",
        "name:zh": "律倫街變電站",
        "operator": "中華電力 CLP",
        "operator:en": "CLP",
        "operator:wikidata": "Q977959",
        "operator:zh": "中華電力",
        "operator:zh-Hans": "中华电力",
        "operator:zh-Hant": "中華電力",
        "power": "substation"
      },
      "geometry": {
        "type": "Polygon",
        "coordinates": [
          [
            [
              114.1769657,
              22.3336748
            ],
            [
              114.176966,
              22.333542
            ],
            [
              114.1770773,
              22.3335422
            ],
            [
              114.1770434,
              22.333675
            ],
            [
              114.1769657,
              22.3336748
            ]
          ]
        ]
      },
      "id": "way/688344647"
    },
    {
      "type": "Feature",
      "properties": {
        "@id": "way/689383168",
        "name": "玉蘭路2號變電站 Magnolia Road 2 Substation",
        "name:en": "Magnolia Road 2 Substation",
        "name:zh": "玉蘭路2號變電站",
        "power": "substation"
      },
      "geometry": {
        "type": "Polygon",
        "coordinates": [
          [
            [
              114.1727643,
              22.3284725
            ],
            [
              114.1726757,
              22.3284718
            ],
            [
              114.1726765,
              22.328377
            ],
            [
              114.1727643,
              22.3284725
            ]
          ]
        ]
      },
      "id": "way/689383168"
    },
    {
      "type": "Feature",
      "properties": {
        "@id": "way/690981553",
        "name": "廣播道變電站  Broadcast Drive Substation",
        "name:en": "Broadcast Drive Substation",
        "name:zh": "廣播道變電站",
        "operator": "中華電力 CLP",
        "operator:en": "CLP",
        "operator:wikidata": "Q977959",
        "operator:zh": "中華電力",
        "operator:zh-Hans": "中华电力",
        "operator:zh-Hant": "中華電力",
        "power": "substation",
        "substation": "yes"
      },
      "geometry": {
        "type": "Polygon",
        "coordinates": [
          [
            [
              114.1831776,
              22.3414292
            ],
            [
              114.1830777,
              22.3414775
            ],
            [
              114.1830256,
              22.3413841
            ],
            [
              114.1831257,
              22.3413352
            ],
            [
              114.1831776,
              22.3414292
            ]
          ]
        ]
      },
      "id": "way/690981553"
    },
    {
      "type": "Feature",
      "properties": {
        "@id": "way/691142429",
        "name": "打鼓嶺道變電站 Tak Ku Ling Road Substation",
        "name:en": "Tak Ku Ling Road Substation",
        "name:zh": "打鼓嶺道變電站",
        "operator": "中華電力有限公司 CLP Power Hong Kong Limited",
        "operator:en": "CLP Power Hong Kong Limited",
        "operator:short": "中華電力 CLP",
        "operator:short:en": "CLP",
        "operator:short:zh": "中華電力",
        "operator:short:zh-Hans": "中华电力",
        "operator:short:zh-Hant": "中華電力",
        "operator:wikidata": "Q977959",
        "operator:zh": "中華電力有限公司",
        "operator:zh-Hans": "中华电力有限公司",
        "operator:zh-Hant": "中華電力有限公司",
        "power": "substation",
        "substation": "yes"
      },
      "geometry": {
        "type": "Polygon",
        "coordinates": [
          [
            [
              114.1913571,
              22.3299842
            ],
            [
              114.1915094,
              22.3299813
            ],
            [
              114.1915121,
              22.3300218
            ],
            [
              114.1913571,
              22.3300241
            ],
            [
              114.1913571,
              22.3299842
            ]
          ]
        ]
      },
      "id": "way/691142429"
    },
    {
      "type": "Feature",
      "properties": {
        "@id": "way/691449755",
        "name": "福老村道變電站 Fuk Lo Tsuen Road Substation",
        "name:en": "Fuk Lo Tsuen Road Substation",
        "name:zh": "福老村道變電站",
        "power": "substation"
      },
      "geometry": {
        "type": "Polygon",
        "coordinates": [
          [
            [
              114.1877601,
              22.3303317
            ],
            [
              114.1879321,
              22.3303302
            ],
            [
              114.1879358,
              22.3303798
            ],
            [
              114.1877635,
              22.3303825
            ],
            [
              114.1877601,
              22.3303317
            ]
          ]
        ]
      },
      "id": "way/691449755"
    },
    {
      "type": "Feature",
      "properties": {
        "@id": "way/692719647",
        "addr:housenumber": "7A",
        "addr:street": "官涌街 Kwun Chung Street",
        "building": "industrial",
        "location": "indoor",
        "name": "官涌街變電站 Kwun Chung Street Substation",
        "name:en": "Kwun Chung Street Substation",
        "name:zh": "官涌街變電站",
        "power": "substation"
      },
      "geometry": {
        "type": "Polygon",
        "coordinates": [
          [
            [
              114.1686444,
              22.3037114
            ],
            [
              114.1684738,
              22.3037032
            ],
            [
              114.1684789,
              22.303612
            ],
            [
              114.1686495,
              22.3036202
            ],
            [
              114.1686444,
              22.3037114
            ]
          ]
        ]
      },
      "id": "way/692719647"
    },
    {
      "type": "Feature",
      "properties": {
        "@id": "way/692937807",
        "name": "金巴利道變電站 Kimberley Road Substation",
        "name:en": "Kimberley Road Substation",
        "name:zh": "金巴利道變電站",
        "name:zh-Hans": "金巴利道变电站",
        "name:zh-Hant": "金巴利道變電站",
        "power": "substation"
      },
      "geometry": {
        "type": "Polygon",
        "coordinates": [
          [
            [
              114.1754849,
              22.3022098
            ],
            [
              114.175488,
              22.3022115
            ],
            [
              114.1754907,
              22.3022154
            ],
            [
              114.1755234,
              22.3022856
            ],
            [
              114.1755242,
              22.3022892
            ],
            [
              114.1755232,
              22.3022927
            ],
            [
              114.1755216,
              22.3022952
            ],
            [
              114.1755182,
              22.3022978
            ],
            [
              114.1754593,
              22.3023246
            ],
            [
              114.1754528,
              22.3023267
            ],
            [
              114.1754474,
              22.3023271
            ],
            [
              114.1754426,
              22.3023263
            ],
            [
              114.1754381,
              22.3023236
            ],
            [
              114.1754349,
              22.3023196
            ],
            [
              114.1754338,
              22.302315
            ],
            [
              114.1754348,
              22.3023098
            ],
            [
              114.1754582,
              22.3022528
            ],
            [
              114.1754738,
              22.3022148
            ],
            [
              114.1754756,
              22.3022126
            ],
            [
              114.1754782,
              22.3022108
            ],
            [
              114.1754812,
              22.3022097
            ],
            [
              114.1754849,
              22.3022098
            ]
          ]
        ]
      },
      "id": "way/692937807"
    },
    {
      "type": "Feature",
      "properties": {
        "@id": "way/694029090",
        "addr:housenumber": "129",
        "addr:street": "上海街 Shanghai Street",
        "name": "上海街129變電站 Shanghai Street 129 Substation",
        "name:en": "Shanghai Street 129 Substation",
        "name:zh": "上海街129變電站",
        "power": "substation"
      },
      "geometry": {
        "type": "Polygon",
        "coordinates": [
          [
            [
              114.1694496,
              22.3064128
            ],
            [
              114.1694609,
              22.3064523
            ],
            [
              114.1693691,
              22.3064747
            ],
            [
              114.1693576,
              22.3064775
            ],
            [
              114.1693463,
              22.3064381
            ],
            [
              114.1694496,
              22.3064128
            ]
          ]
        ]
      },
      "id": "way/694029090"
    },
    {
      "type": "Feature",
      "properties": {
        "@id": "way/694520718",
        "addr:housenumber": "265-267",
        "addr:street": "上海街 Shanghai Street",
        "name": "上海街265變電站 Shanghai Street 265 Substation",
        "name:en": "Shanghai Street 265 Substation",
        "name:zh": "上海街265變電站",
        "power": "substation"
      },
      "geometry": {
        "type": "Polygon",
        "coordinates": [
          [
            [
              114.1698254,
              22.3101836
            ],
            [
              114.1698099,
              22.3102639
            ],
            [
              114.1697405,
              22.3102539
            ],
            [
              114.1697086,
              22.3102484
            ],
            [
              114.1697242,
              22.3101664
            ],
            [
              114.1698254,
              22.3101836
            ]
          ]
        ]
      },
      "id": "way/694520718"
    },
    {
      "type": "Feature",
      "properties": {
        "@id": "way/694667610",
        "addr:housenumber": "524B",
        "addr:street": "彌敦道 Nathan Road",
        "name": "油麻地變電站 Yaumati Substation",
        "name:en": "Yaumati Substation",
        "name:zh": "油麻地變電站",
        "operator": "中華電力 CLP",
        "operator:en": "CLP",
        "operator:wikidata": "Q977959",
        "operator:wikipedia": "zh:中華電力",
        "operator:zh": "中華電力",
        "operator:zh-Hans": "中华电力",
        "operator:zh-Hant": "中華電力",
        "power": "substation",
        "substation": "yes"
      },
      "geometry": {
        "type": "Polygon",
        "coordinates": [
          [
            [
              114.1715199,
              22.3126538
            ],
            [
              114.1714252,
              22.3126367
            ],
            [
              114.1714533,
              22.3125031
            ],
            [
              114.1715481,
              22.3125202
            ],
            [
              114.1715199,
              22.3126538
            ]
          ]
        ]
      },
      "id": "way/694667610"
    },
    {
      "type": "Feature",
      "properties": {
        "@id": "way/694722943",
        "addr:housenumber": "234-236",
        "addr:street": "新填地街 Reclamation Street",
        "addr:street:en": "Reclamation Street",
        "addr:street:zh": "新填地街",
        "name": "新填地街234-236變電站 Reclamation Street 234-236 Substation",
        "name:en": "Reclamation Street 234-236 Substation",
        "name:zh": "新填地街234-236變電站",
        "operator": "中華電力有限公司 CLP Power Hong Kong Limited",
        "operator:en": "CLP Power Hong Kong Limited",
        "operator:short": "中華電力 CLP",
        "operator:short:en": "CLP",
        "operator:short:zh": "中華電力",
        "operator:short:zh-Hans": "中华电力",
        "operator:short:zh-Hant": "中華電力",
        "operator:wikidata": "Q977959",
        "operator:zh": "中華電力有限公司",
        "operator:zh-Hans": "中华电力有限公司",
        "operator:zh-Hant": "中華電力有限公司",
        "power": "substation",
        "substation": "substation"
      },
      "geometry": {
        "type": "Polygon",
        "coordinates": [
          [
            [
              114.1689562,
              22.3131646
            ],
            [
              114.1689709,
              22.3130892
            ],
            [
              114.1691045,
              22.3131145
            ],
            [
              114.16909,
              22.3131891
            ],
            [
              114.1689562,
              22.3131646
            ]
          ]
        ]
      },
      "id": "way/694722943"
    },
    {
      "type": "Feature",
      "properties": {
        "@id": "way/695654040",
        "building": "service",
        "name": "土瓜灣北變電站 To Kwa Wan North Substation",
        "name:en": "To Kwa Wan North Substation",
        "name:zh": "土瓜灣北變電站",
        "power": "substation",
        "source": "Kaart Ground Survey 2017",
        "substation": "distribution"
      },
      "geometry": {
        "type": "Polygon",
        "coordinates": [
          [
            [
              114.1938994,
              22.3207958
            ],
            [
              114.1938599,
              22.3207161
            ],
            [
              114.1939352,
              22.320684
            ],
            [
              114.1939745,
              22.3207644
            ],
            [
              114.1938994,
              22.3207958
            ]
          ]
        ]
      },
      "id": "way/695654040"
    },
    {
      "type": "Feature",
      "properties": {
        "@id": "way/695841982",
        "building": "industrial",
        "name": "咸美頓街變電站 Hamilton Street Substation",
        "name:en": "Hamilton Street Substation",
        "name:zh": "咸美頓街變電站",
        "power": "substation"
      },
      "geometry": {
        "type": "Polygon",
        "coordinates": [
          [
            [
              114.1711797,
              22.3149135
            ],
            [
              114.1709239,
              22.3148695
            ],
            [
              114.1709298,
              22.3148381
            ],
            [
              114.1708764,
              22.314829
            ],
            [
              114.1708855,
              22.3147795
            ],
            [
              114.1708733,
              22.3147773
            ],
            [
              114.1708891,
              22.3147046
            ],
            [
              114.1712245,
              22.3147667
            ],
            [
              114.1712083,
              22.3148415
            ],
            [
              114.171195,
              22.3148391
            ],
            [
              114.1711797,
              22.3149135
            ]
          ]
        ]
      },
      "id": "way/695841982"
    },
    {
      "type": "Feature",
      "properties": {
        "@id": "way/695844251",
        "building": "yes",
        "operator": "中華電力有限公司 CLP Power Hong Kong Limited",
        "operator:en": "CLP Power Hong Kong Limited",
        "operator:short": "中華電力 CLP",
        "operator:short:en": "CLP",
        "operator:short:zh": "中華電力",
        "operator:short:zh-Hans": "中华电力",
        "operator:short:zh-Hant": "中華電力",
        "operator:wikidata": "Q977959",
        "operator:zh": "中華電力有限公司",
        "operator:zh-Hans": "中华电力有限公司",
        "operator:zh-Hant": "中華電力有限公司",
        "power": "substation"
      },
      "geometry": {
        "type": "Polygon",
        "coordinates": [
          [
            [
              114.2262275,
              22.3335266
            ],
            [
              114.2262296,
              22.3334978
            ],
            [
              114.2263435,
              22.3335046
            ],
            [
              114.2263415,
              22.3335335
            ],
            [
              114.2262275,
              22.3335266
            ]
          ]
        ]
      },
      "id": "way/695844251"
    },
    {
      "type": "Feature",
      "properties": {
        "@id": "way/695920439",
        "name": "秀明小學變電站 Sau Ming Primary School Substation",
        "name:en": "Sau Ming Primary School Substation",
        "name:zh": "秀明小學變電站",
        "operator": "中華電力有限公司 CLP Power Hong Kong Limited",
        "operator:en": "CLP Power Hong Kong Limited",
        "operator:short": "中華電力 CLP",
        "operator:short:en": "CLP",
        "operator:short:zh": "中華電力",
        "operator:short:zh-Hans": "中华电力",
        "operator:short:zh-Hant": "中華電力",
        "operator:wikidata": "Q977959",
        "operator:zh": "中華電力有限公司",
        "operator:zh-Hans": "中华电力有限公司",
        "operator:zh-Hant": "中華電力有限公司",
        "power": "substation"
      },
      "geometry": {
        "type": "Polygon",
        "coordinates": [
          [
            [
              114.2327354,
              22.3192965
            ],
            [
              114.2327813,
              22.3190886
            ],
            [
              114.2328454,
              22.3191007
            ],
            [
              114.2327996,
              22.3193087
            ],
            [
              114.2327354,
              22.3192965
            ]
          ]
        ]
      },
      "id": "way/695920439"
    },
    {
      "type": "Feature",
      "properties": {
        "@id": "way/696034398",
        "building": "service",
        "operator": "中華電力有限公司 CLP Power Hong Kong Limited",
        "operator:en": "CLP Power Hong Kong Limited",
        "operator:short": "中華電力 CLP",
        "operator:short:en": "CLP",
        "operator:short:zh": "中華電力",
        "operator:short:zh-Hans": "中华电力",
        "operator:short:zh-Hant": "中華電力",
        "operator:wikidata": "Q977959",
        "operator:zh": "中華電力有限公司",
        "operator:zh-Hans": "中华电力有限公司",
        "operator:zh-Hant": "中華電力有限公司",
        "power": "substation",
        "substation": "distribution"
      },
      "geometry": {
        "type": "Polygon",
        "coordinates": [
          [
            [
              114.0610855,
              22.3465847
            ],
            [
              114.0610342,
              22.3465424
            ],
            [
              114.0610736,
              22.3465015
            ],
            [
              114.0610025,
              22.3464429
            ],
            [
              114.0611917,
              22.3462464
            ],
            [
              114.0612195,
              22.3462693
            ],
            [
              114.061252,
              22.3462961
            ],
            [
              114.0612823,
              22.346321
            ],
            [
              114.0613141,
              22.3463472
            ],
            [
              114.0610855,
              22.3465847
            ]
          ]
        ]
      },
      "id": "way/696034398"
    },
    {
      "type": "Feature",
      "properties": {
        "@id": "way/696674366",
        "building": "yes",
        "name": "錦雲樓‵B‵變電站 Kam Wan House 'B' Substation",
        "name:en": "Kam Wan House 'B' Substation",
        "name:zh": "錦雲樓‵B‵變電站",
        "operator": "中華電力有限公司 CLP Power Hong Kong Limited",
        "operator:en": "CLP Power Hong Kong Limited",
        "operator:short": "中華電力 CLP",
        "operator:short:en": "CLP",
        "operator:short:zh": "中華電力",
        "operator:short:zh-Hans": "中华电力",
        "operator:short:zh-Hant": "中華電力",
        "operator:wikidata": "Q977959",
        "operator:zh": "中華電力有限公司",
        "operator:zh-Hans": "中华电力有限公司",
        "operator:zh-Hant": "中華電力有限公司",
        "power": "substation"
      },
      "geometry": {
        "type": "Polygon",
        "coordinates": [
          [
            [
              114.2048869,
              22.33731
            ],
            [
              114.2049288,
              22.337274
            ],
            [
              114.2050001,
              22.337345
            ],
            [
              114.2049582,
              22.337381
            ],
            [
              114.2048869,
              22.33731
            ]
          ]
        ]
      },
      "id": "way/696674366"
    },
    {
      "type": "Feature",
      "properties": {
        "@id": "way/696675474",
        "building": "yes",
        "name": "碧海樓‵B‵變電站 Pik Hoi House 'B' Substation",
        "name:en": "Pik Hoi House 'B' Substation",
        "name:zh": "碧海樓‵B‵變電站",
        "operator": "中華電力有限公司 CLP Power Hong Kong Limited",
        "operator:en": "CLP Power Hong Kong Limited",
        "operator:short": "中華電力 CLP",
        "operator:short:en": "CLP",
        "operator:short:zh": "中華電力",
        "operator:short:zh-Hans": "中华电力",
        "operator:short:zh-Hant": "中華電力",
        "operator:wikidata": "Q977959",
        "operator:zh": "中華電力有限公司",
        "operator:zh-Hans": "中华电力有限公司",
        "operator:zh-Hant": "中華電力有限公司",
        "power": "substation"
      },
      "geometry": {
        "type": "Polygon",
        "coordinates": [
          [
            [
              114.204694,
              22.3359036
            ],
            [
              114.2047409,
              22.3358147
            ],
            [
              114.2047941,
              22.3358387
            ],
            [
              114.2047472,
              22.3359276
            ],
            [
              114.204694,
              22.3359036
            ]
          ]
        ]
      },
      "id": "way/696675474"
    },
    {
      "type": "Feature",
      "properties": {
        "@id": "way/696675477",
        "building": "yes",
        "name": "白雪樓‵B‵變電站 Pak Suet House 'B' Substation",
        "name:en": "Pak Suet House 'B' Substation",
        "name:zh": "白雪樓‵B‵變電站",
        "operator": "中華電力有限公司 CLP Power Hong Kong Limited",
        "operator:en": "CLP Power Hong Kong Limited",
        "operator:short": "中華電力 CLP",
        "operator:short:en": "CLP",
        "operator:short:zh": "中華電力",
        "operator:short:zh-Hans": "中华电力",
        "operator:short:zh-Hant": "中華電力",
        "operator:wikidata": "Q977959",
        "operator:zh": "中華電力有限公司",
        "operator:zh-Hans": "中华电力有限公司",
        "operator:zh-Hant": "中華電力有限公司",
        "power": "substation"
      },
      "geometry": {
        "type": "Polygon",
        "coordinates": [
          [
            [
              114.2067947,
              22.3354707
            ],
            [
              114.2068277,
              22.3354253
            ],
            [
              114.2069163,
              22.3354804
            ],
            [
              114.2068834,
              22.3355258
            ],
            [
              114.2067947,
              22.3354707
            ]
          ]
        ]
      },
      "id": "way/696675477"
    },
    {
      "type": "Feature",
      "properties": {
        "@id": "way/696675479",
        "building": "yes",
        "name": "紫薇樓B變電站",
        "operator": "中華電力有限公司 CLP Power Hong Kong Limited",
        "operator:en": "CLP Power Hong Kong Limited",
        "operator:short": "中華電力 CLP",
        "operator:short:en": "CLP",
        "operator:short:zh": "中華電力",
        "operator:short:zh-Hans": "中华电力",
        "operator:short:zh-Hant": "中華電力",
        "operator:wikidata": "Q977959",
        "operator:zh": "中華電力有限公司",
        "operator:zh-Hans": "中华电力有限公司",
        "operator:zh-Hant": "中華電力有限公司",
        "power": "substation"
      },
      "geometry": {
        "type": "Polygon",
        "coordinates": [
          [
            [
              114.2073271,
              22.3336599
            ],
            [
              114.2073645,
              22.3336183
            ],
            [
              114.2074472,
              22.333682
            ],
            [
              114.2074097,
              22.3337236
            ],
            [
              114.2073271,
              22.3336599
            ]
          ]
        ]
      },
      "id": "way/696675479"
    },
    {
      "type": "Feature",
      "properties": {
        "@id": "way/697567783",
        "addr:housename": "南山邨 Nam Shan Estate",
        "addr:housename:en": "Nam Shan Estate",
        "addr:housename:zh": "南山邨",
        "building": "service",
        "name": "南山邨南逸樓B變電站",
        "name:zh": "南山邨南逸樓B變電站",
        "power": "substation",
        "service": "power",
        "substation": "minor_distribution"
      },
      "geometry": {
        "type": "Polygon",
        "coordinates": [
          [
            [
              114.1713966,
              22.3352524
            ],
            [
              114.171371,
              22.3352029
            ],
            [
              114.1714819,
              22.3351538
            ],
            [
              114.1715075,
              22.3352033
            ],
            [
              114.1713966,
              22.3352524
            ]
          ]
        ]
      },
      "id": "way/697567783"
    },
    {
      "type": "Feature",
      "properties": {
        "@id": "way/698601852",
        "building": "yes",
        "name": "黃龍坑變電站",
        "power": "substation"
      },
      "geometry": {
        "type": "Polygon",
        "coordinates": [
          [
            [
              113.9421777,
              22.2766582
            ],
            [
              113.942148,
              22.2766169
            ],
            [
              113.9422063,
              22.276581
            ],
            [
              113.942236,
              22.2766222
            ],
            [
              113.9421777,
              22.2766582
            ]
          ]
        ]
      },
      "id": "way/698601852"
    },
    {
      "type": "Feature",
      "properties": {
        "@id": "way/698610959",
        "building": "service",
        "building:levels": "1",
        "landuse": "highway",
        "loc_ref": "L",
        "name": "北大嶼山幹線街燈變電站L",
        "name:zh": "北大嶼山幹線街燈變電站L",
        "name:zh-Hans": "北大屿山干线街灯变电站L",
        "name:zh-Hant": "北大嶼山幹線街燈變電站L",
        "power": "substation",
        "service": "power",
        "substation": "minor_distribution",
        "utility": "street_lighting"
      },
      "geometry": {
        "type": "Polygon",
        "coordinates": [
          [
            [
              113.9465873,
              22.28919
            ],
            [
              113.9466389,
              22.289161
            ],
            [
              113.9466735,
              22.2892138
            ],
            [
              113.9466219,
              22.2892428
            ],
            [
              113.9465873,
              22.28919
            ]
          ]
        ]
      },
      "id": "way/698610959"
    },
    {
      "type": "Feature",
      "properties": {
        "@id": "way/698613748",
        "building": "service",
        "name": "東涌北公園A變電站 Tung Chung North Park A Substation",
        "name:en": "Tung Chung North Park A Substation",
        "name:zh": "東涌北公園A變電站",
        "power": "substation"
      },
      "geometry": {
        "type": "Polygon",
        "coordinates": [
          [
            [
              113.9480036,
              22.2906849
            ],
            [
              113.9480352,
              22.2906091
            ],
            [
              113.9481372,
              22.2906456
            ],
            [
              113.9481056,
              22.2907214
            ],
            [
              113.9480036,
              22.2906849
            ]
          ]
        ]
      },
      "id": "way/698613748"
    },
    {
      "type": "Feature",
      "properties": {
        "@id": "way/699023723",
        "addr:housenumber": "176",
        "addr:street": "馬頭圍道 Ma Tau Wai Road",
        "building": "service",
        "building:levels": "1",
        "name": "馬頭圍道176變電站Ma Tau Wai Road 176 Substation",
        "power": "substation"
      },
      "geometry": {
        "type": "Polygon",
        "coordinates": [
          [
            [
              114.1875294,
              22.3119738
            ],
            [
              114.1875293,
              22.3119742
            ],
            [
              114.1873248,
              22.3119756
            ],
            [
              114.1873084,
              22.3119408
            ],
            [
              114.1875293,
              22.3119399
            ],
            [
              114.1875294,
              22.3119738
            ]
          ]
        ]
      },
      "id": "way/699023723"
    },
    {
      "type": "Feature",
      "properties": {
        "@id": "way/699043006",
        "building": "industrial",
        "height": "27",
        "name": "旭日街變電站 Yuk Yat Street Substation",
        "name:en": "Yuk Yat Street Substation",
        "name:zh": "旭日街變電站",
        "power": "substation"
      },
      "geometry": {
        "type": "Polygon",
        "coordinates": [
          [
            [
              114.192054,
              22.3162944
            ],
            [
              114.1922292,
              22.3161482
            ],
            [
              114.1923442,
              22.3162666
            ],
            [
              114.1924031,
              22.3163272
            ],
            [
              114.192342,
              22.3163793
            ],
            [
              114.1922294,
              22.3164753
            ],
            [
              114.192054,
              22.3162944
            ]
          ]
        ]
      },
      "id": "way/699043006"
    },
    {
      "type": "Feature",
      "properties": {
        "@id": "way/699152069",
        "landuse": "industrial",
        "name": "青洲英泥變電站 Green Island Cement Substation",
        "name:en": "Green Island Cement Substation",
        "name:zh": "青洲英泥變電站",
        "power": "substation",
        "substation": "yes"
      },
      "geometry": {
        "type": "Polygon",
        "coordinates": [
          [
            [
              114.1880491,
              22.3095106
            ],
            [
              114.188048,
              22.3094083
            ],
            [
              114.1882103,
              22.309407
            ],
            [
              114.1882711,
              22.3094065
            ],
            [
              114.1882746,
              22.3097728
            ],
            [
              114.1882132,
              22.3097014
            ],
            [
              114.1880491,
              22.3095106
            ]
          ]
        ]
      },
      "id": "way/699152069"
    },
    {
      "type": "Feature",
      "properties": {
        "@id": "way/700676621",
        "addr:housename": "大坑西邨 Tai Hang Sai Estate",
        "addr:housename:en": "Tai Hang Sai Estate",
        "addr:housename:zh": "大坑西邨",
        "building": "service",
        "name": "大坑西變電站B",
        "name:zh": "大坑西變電站B",
        "power": "substation",
        "service": "power",
        "substation": "minor_distribution"
      },
      "geometry": {
        "type": "Polygon",
        "coordinates": [
          [
            [
              114.1699766,
              22.3317099
            ],
            [
              114.169977,
              22.3316694
            ],
            [
              114.1700383,
              22.3316699
            ],
            [
              114.1700379,
              22.3317103
            ],
            [
              114.1699766,
              22.3317099
            ]
          ]
        ]
      },
      "id": "way/700676621"
    },
    {
      "type": "Feature",
      "properties": {
        "@id": "way/703351183",
        "building": "service",
        "name": "洗衣街150變電站",
        "power": "substation"
      },
      "geometry": {
        "type": "Polygon",
        "coordinates": [
          [
            [
              114.1716076,
              22.3224257
            ],
            [
              114.1716156,
              22.3223844
            ],
            [
              114.1717066,
              22.3223994
            ],
            [
              114.1716986,
              22.3224408
            ],
            [
              114.1716076,
              22.3224257
            ]
          ]
        ]
      },
      "id": "way/703351183"
    },
    {
      "type": "Feature",
      "properties": {
        "@id": "way/705741897",
        "building": "industrial",
        "name": "順利邨泵房F／W牛房變電站",
        "name:en": "Shun Lee Tsuen F/W Pumping Station Substation",
        "name:zh": "順利邨泵房F／W牛房變電站",
        "operator": "中華電力有限公司 CLP Power Hong Kong Limited",
        "operator:en": "CLP Power Hong Kong Limited",
        "operator:short": "中華電力 CLP",
        "operator:short:en": "CLP",
        "operator:short:zh": "中華電力",
        "operator:short:zh-Hans": "中华电力",
        "operator:short:zh-Hant": "中華電力",
        "operator:wikidata": "Q977959",
        "operator:zh": "中華電力有限公司",
        "operator:zh-Hans": "中华电力有限公司",
        "operator:zh-Hant": "中華電力有限公司",
        "power": "substation"
      },
      "geometry": {
        "type": "Polygon",
        "coordinates": [
          [
            [
              114.2250224,
              22.3266892
            ],
            [
              114.2250054,
              22.3266425
            ],
            [
              114.2250397,
              22.3266317
            ],
            [
              114.2250568,
              22.3266784
            ],
            [
              114.2250224,
              22.3266892
            ]
          ]
        ]
      },
      "id": "way/705741897"
    },
    {
      "type": "Feature",
      "properties": {
        "@id": "way/706662619",
        "building": "service",
        "name": "海翠花園商場變電站",
        "name:zh": "海翠花園商場變電站",
        "name:zh-Hans": "海翠花园商场变电站",
        "name:zh-Hant": "海翠花園商場變電站",
        "power": "substation",
        "substation": "minor_distribution"
      },
      "geometry": {
        "type": "Polygon",
        "coordinates": [
          [
            [
              113.96788,
              22.3719514
            ],
            [
              113.9678672,
              22.3719081
            ],
            [
              113.9680162,
              22.3718687
            ],
            [
              113.968045,
              22.3719642
            ],
            [
              113.9679875,
              22.3719795
            ],
            [
              113.9679805,
              22.3719544
            ],
            [
              113.9679236,
              22.3719691
            ],
            [
              113.96788,
              22.3719514
            ]
          ]
        ]
      },
      "id": "way/706662619"
    },
    {
      "type": "Feature",
      "properties": {
        "@id": "way/708246119",
        "name": "中華煤氣公司變電站 H K & China Gas MTK Redev Substation",
        "name:en": "H K & China Gas MTK Redev Substation",
        "name:zh": "中華煤氣公司變電站",
        "power": "substation"
      },
      "geometry": {
        "type": "Polygon",
        "coordinates": [
          [
            [
              114.1944679,
              22.31918
            ],
            [
              114.1944122,
              22.3190682
            ],
            [
              114.1944041,
              22.3190513
            ],
            [
              114.1943593,
              22.3189583
            ],
            [
              114.1943385,
              22.3189153
            ],
            [
              114.1942536,
              22.3187392
            ],
            [
              114.1942375,
              22.3187057
            ],
            [
              114.1942074,
              22.3186432
            ],
            [
              114.1942672,
              22.3186185
            ],
            [
              114.1942804,
              22.3186458
            ],
            [
              114.1943009,
              22.3186374
            ],
            [
              114.1943259,
              22.3186271
            ],
            [
              114.1943127,
              22.3185997
            ],
            [
              114.1943928,
              22.3185666
            ],
            [
              114.1944804,
              22.3187484
            ],
            [
              114.1944936,
              22.3187758
            ],
            [
              114.1945068,
              22.3188032
            ],
            [
              114.1946497,
              22.3190996
            ],
            [
              114.1944679,
              22.31918
            ]
          ]
        ]
      },
      "id": "way/708246119"
    },
    {
      "type": "Feature",
      "properties": {
        "@id": "way/714075727",
        "building": "yes",
        "power": "substation"
      },
      "geometry": {
        "type": "Polygon",
        "coordinates": [
          [
            [
              114.1936056,
              22.3411213
            ],
            [
              114.1936049,
              22.3410924
            ],
            [
              114.1935761,
              22.3410926
            ],
            [
              114.1935757,
              22.3410417
            ],
            [
              114.1936263,
              22.3410418
            ],
            [
              114.1936264,
              22.3410712
            ],
            [
              114.1937413,
              22.3410714
            ],
            [
              114.1937415,
              22.3411214
            ],
            [
              114.1936056,
              22.3411213
            ]
          ]
        ]
      },
      "id": "way/714075727"
    },
    {
      "type": "Feature",
      "properties": {
        "@id": "way/714578474",
        "building": "yes",
        "power": "substation"
      },
      "geometry": {
        "type": "Polygon",
        "coordinates": [
          [
            [
              114.1945291,
              22.3400686
            ],
            [
              114.1945128,
              22.3400465
            ],
            [
              114.1945358,
              22.3400325
            ],
            [
              114.1945516,
              22.340054
            ],
            [
              114.1945291,
              22.3400686
            ]
          ]
        ]
      },
      "id": "way/714578474"
    },
    {
      "type": "Feature",
      "properties": {
        "@id": "way/715024655",
        "name": "愉景灣隧道泵房變電站",
        "name:zh": "愉景灣隧道泵房變電站",
        "name:zh-Hans": "愉景湾隧道泵房变电站",
        "name:zh-Hant": "愉景灣隧道泵房變電站",
        "power": "substation"
      },
      "geometry": {
        "type": "Polygon",
        "coordinates": [
          [
            [
              113.9989927,
              22.3105938
            ],
            [
              113.9990113,
              22.3105291
            ],
            [
              113.9990764,
              22.3105452
            ],
            [
              113.9990942,
              22.3104834
            ],
            [
              113.9992692,
              22.3105265
            ],
            [
              113.9992381,
              22.3106345
            ],
            [
              113.9990839,
              22.3105965
            ],
            [
              113.9990786,
              22.310615
            ],
            [
              113.9989927,
              22.3105938
            ]
          ]
        ]
      },
      "id": "way/715024655"
    },
    {
      "type": "Feature",
      "properties": {
        "@id": "way/715024658",
        "name": "愉景灣隧道設施大樓變電站2A",
        "name:zh": "愉景灣隧道設施大樓變電站2A",
        "name:zh-Hans": "愉景湾隧道设施大楼变电站2A",
        "name:zh-Hant": "愉景灣隧道設施大樓變電站2A",
        "power": "substation"
      },
      "geometry": {
        "type": "Polygon",
        "coordinates": [
          [
            [
              114.0008917,
              22.3100012
            ],
            [
              114.0009005,
              22.3098964
            ],
            [
              114.0011173,
              22.309912
            ],
            [
              114.0011086,
              22.3100168
            ],
            [
              114.0008917,
              22.3100012
            ]
          ]
        ]
      },
      "id": "way/715024658"
    },
    {
      "type": "Feature",
      "properties": {
        "@id": "way/715064977",
        "name": "愉景灣北變電站 Discovery Bay North Substation",
        "name:en": "Discovery Bay North Substation",
        "name:zh": "愉景灣北變電站",
        "name:zh-Hans": "愉景湾北变电站",
        "name:zh-Hant": "愉景灣北變電站",
        "power": "substation",
        "substation": "distribution"
      },
      "geometry": {
        "type": "Polygon",
        "coordinates": [
          [
            [
              114.0096869,
              22.3082836
            ],
            [
              114.0096365,
              22.3080252
            ],
            [
              114.0100872,
              22.3079501
            ],
            [
              114.0101375,
              22.3082084
            ],
            [
              114.0096869,
              22.3082836
            ]
          ]
        ]
      },
      "id": "way/715064977"
    },
    {
      "type": "Feature",
      "properties": {
        "@id": "way/715683652",
        "building": "service",
        "power": "substation",
        "service": "power",
        "substation": "yes",
        "utility": "power"
      },
      "geometry": {
        "type": "Polygon",
        "coordinates": [
          [
            [
              114.1373738,
              22.3742947
            ],
            [
              114.1374789,
              22.3742946
            ],
            [
              114.1374787,
              22.3743433
            ],
            [
              114.1373739,
              22.3743435
            ],
            [
              114.1373738,
              22.3742947
            ]
          ]
        ]
      },
      "id": "way/715683652"
    },
    {
      "type": "Feature",
      "properties": {
        "@id": "way/718786280",
        "building": "yes",
        "power": "substation"
      },
      "geometry": {
        "type": "Polygon",
        "coordinates": [
          [
            [
              114.1918185,
              22.3415025
            ],
            [
              114.1918099,
              22.341464
            ],
            [
              114.1918793,
              22.3414519
            ],
            [
              114.1918869,
              22.3414905
            ],
            [
              114.1918185,
              22.3415025
            ]
          ]
        ]
      },
      "id": "way/718786280"
    },
    {
      "type": "Feature",
      "properties": {
        "@id": "way/721208095",
        "building": "yes",
        "location": "indoor",
        "name": "培正道變電站 Pui Ching Road Substation",
        "name:en": "Pui Ching Road Substation",
        "name:zh": "培正道變電站",
        "power": "substation"
      },
      "geometry": {
        "type": "Polygon",
        "coordinates": [
          [
            [
              114.1760971,
              22.3184653
            ],
            [
              114.1760389,
              22.3183616
            ],
            [
              114.1761143,
              22.3183254
            ],
            [
              114.1761428,
              22.3183761
            ],
            [
              114.1761601,
              22.3183678
            ],
            [
              114.1761899,
              22.3184207
            ],
            [
              114.1760971,
              22.3184653
            ]
          ]
        ]
      },
      "id": "way/721208095"
    },
    {
      "type": "Feature",
      "properties": {
        "@id": "way/721889974",
        "building": "service",
        "name": "中華船廠電力變壓站",
        "power": "substation"
      },
      "geometry": {
        "type": "Polygon",
        "coordinates": [
          [
            [
              114.2052217,
              22.4584509
            ],
            [
              114.205255,
              22.4583914
            ],
            [
              114.2053388,
              22.4584314
            ],
            [
              114.2053056,
              22.4584909
            ],
            [
              114.2052217,
              22.4584509
            ]
          ]
        ]
      },
      "id": "way/721889974"
    },
    {
      "type": "Feature",
      "properties": {
        "@id": "way/722312334",
        "building": "yes",
        "power": "substation"
      },
      "geometry": {
        "type": "Polygon",
        "coordinates": [
          [
            [
              114.1977976,
              22.343248
            ],
            [
              114.1977835,
              22.3432044
            ],
            [
              114.1978874,
              22.3431758
            ],
            [
              114.1979014,
              22.3432193
            ],
            [
              114.1977976,
              22.343248
            ]
          ]
        ]
      },
      "id": "way/722312334"
    },
    {
      "type": "Feature",
      "properties": {
        "@id": "way/722663321",
        "building": "service",
        "name": "靠背石變電站  Kau Pui Shek Substation",
        "name:en": "Kau Pui Shek Substation",
        "name:zh": "靠背石變電站",
        "operator": "中華電力有限公司 CLP Power Hong Kong Limited",
        "operator:en": "CLP Power Hong Kong Limited",
        "operator:short": "中華電力 CLP",
        "operator:short:en": "CLP",
        "operator:short:zh": "中華電力",
        "operator:short:zh-Hans": "中华电力",
        "operator:short:zh-Hant": "中華電力",
        "operator:wikidata": "Q977959",
        "operator:zh": "中華電力有限公司",
        "operator:zh-Hans": "中华电力有限公司",
        "operator:zh-Hant": "中華電力有限公司",
        "power": "substation",
        "service": "power",
        "substation": "distribution"
      },
      "geometry": {
        "type": "Polygon",
        "coordinates": [
          [
            [
              114.1902767,
              22.3277088
            ],
            [
              114.1903105,
              22.3275698
            ],
            [
              114.1905647,
              22.3276228
            ],
            [
              114.1905308,
              22.3277617
            ],
            [
              114.1902767,
              22.3277088
            ]
          ]
        ]
      },
      "id": "way/722663321"
    },
    {
      "type": "Feature",
      "properties": {
        "@id": "way/722663322",
        "barrier": "fence",
        "name": "靠背石變電站  Kau Pui Shek Substation",
        "name:en": "Kau Pui Shek Substation",
        "name:zh": "靠背石變電站",
        "operator": "中華電力有限公司 CLP Power Hong Kong Limited",
        "operator:en": "CLP Power Hong Kong Limited",
        "operator:short": "中華電力 CLP",
        "operator:short:en": "CLP",
        "operator:short:zh": "中華電力",
        "operator:short:zh-Hans": "中华电力",
        "operator:short:zh-Hant": "中華電力",
        "operator:type": "private",
        "operator:wikidata": "Q977959",
        "operator:zh": "中華電力有限公司",
        "operator:zh-Hans": "中华电力有限公司",
        "operator:zh-Hant": "中華電力有限公司",
        "ownership": "private",
        "power": "substation",
        "substation": "distribution"
      },
      "geometry": {
        "type": "Polygon",
        "coordinates": [
          [
            [
              114.190177,
              22.3277243
            ],
            [
              114.1902292,
              22.3275835
            ],
            [
              114.1902831,
              22.3274534
            ],
            [
              114.1904827,
              22.3275417
            ],
            [
              114.1907345,
              22.3276349
            ],
            [
              114.1906859,
              22.3278001
            ],
            [
              114.1903851,
              22.3277542
            ],
            [
              114.190177,
              22.3277243
            ]
          ]
        ]
      },
      "id": "way/722663322"
    },
    {
      "type": "Feature",
      "properties": {
        "@id": "way/722685056",
        "name": "打鼓嶺社區中心變電站 Ta Kwu Ling Rural Ctr Substation",
        "operator": "中華電力有限公司 CLP Power Hong Kong Limited",
        "operator:en": "CLP Power Hong Kong Limited",
        "operator:short": "中華電力 CLP",
        "operator:short:en": "CLP",
        "operator:short:zh": "中華電力",
        "operator:short:zh-Hans": "中华电力",
        "operator:short:zh-Hant": "中華電力",
        "operator:wikidata": "Q977959",
        "operator:zh": "中華電力有限公司",
        "operator:zh-Hans": "中华电力有限公司",
        "operator:zh-Hant": "中華電力有限公司",
        "power": "substation",
        "substation": "yes"
      },
      "geometry": {
        "type": "Polygon",
        "coordinates": [
          [
            [
              114.161214,
              22.5250748
            ],
            [
              114.1612193,
              22.5250244
            ],
            [
              114.1612977,
              22.5250315
            ],
            [
              114.1612924,
              22.5250818
            ],
            [
              114.161214,
              22.5250748
            ]
          ]
        ]
      },
      "id": "way/722685056"
    },
    {
      "type": "Feature",
      "properties": {
        "@id": "way/722893728",
        "building": "yes",
        "power": "substation"
      },
      "geometry": {
        "type": "Polygon",
        "coordinates": [
          [
            [
              114.1361815,
              22.4973668
            ],
            [
              114.1361426,
              22.4973317
            ],
            [
              114.1361992,
              22.497278
            ],
            [
              114.1362382,
              22.4973131
            ],
            [
              114.1361815,
              22.4973668
            ]
          ]
        ]
      },
      "id": "way/722893728"
    },
    {
      "type": "Feature",
      "properties": {
        "@id": "way/725945992",
        "building": "yes",
        "power": "substation"
      },
      "geometry": {
        "type": "Polygon",
        "coordinates": [
          [
            [
              114.1713088,
              22.302125
            ],
            [
              114.1714003,
              22.3021294
            ],
            [
              114.1713966,
              22.3022103
            ],
            [
              114.171335,
              22.3022079
            ],
            [
              114.1713359,
              22.3021899
            ],
            [
              114.1713058,
              22.3021887
            ],
            [
              114.1713088,
              22.302125
            ]
          ]
        ]
      },
      "id": "way/725945992"
    },
    {
      "type": "Feature",
      "properties": {
        "@id": "way/727375426",
        "building": "service",
        "power": "substation"
      },
      "geometry": {
        "type": "Polygon",
        "coordinates": [
          [
            [
              114.1961292,
              22.3389727
            ],
            [
              114.1962211,
              22.3388698
            ],
            [
              114.1962596,
              22.338914
            ],
            [
              114.1961578,
              22.3390015
            ],
            [
              114.1961292,
              22.3389727
            ]
          ]
        ]
      },
      "id": "way/727375426"
    },
    {
      "type": "Feature",
      "properties": {
        "@id": "way/731822909",
        "brand": "中電 CLP",
        "brand:en": "CLP",
        "brand:zh": "中電",
        "landuse": "industrial",
        "name": "香園圍變電站 Heung Yuen Wai Substation",
        "name:en": "Heung Yuen Wai Substation",
        "name:zh": "香園圍變電站",
        "operation": "private",
        "operator": "中華電力有限公司 CLP Power Hong Kong Limited",
        "operator:en": "CLP Power Hong Kong Limited",
        "operator:short": "中華電力 CLP",
        "operator:short:en": "CLP",
        "operator:short:zh": "中華電力",
        "operator:short:zh-Hans": "中华电力",
        "operator:short:zh-Hant": "中華電力",
        "operator:wikidata": "Q977959",
        "operator:wikipedia": "zh:中華電力",
        "operator:zh": "中華電力有限公司",
        "operator:zh-Hans": "中华电力有限公司",
        "operator:zh-Hant": "中華電力有限公司",
        "owner": "中電集團 CLP Group",
        "owner:en": "CLP Group",
        "owner:wikidata": "Q977959",
        "owner:zh": "中電集團",
        "ownership": "private",
        "power": "substation",
        "substation": "distribution",
        "utility": "power"
      },
      "geometry": {
        "type": "Polygon",
        "coordinates": [
          [
            [
              114.1502748,
              22.5488495
            ],
            [
              114.1506084,
              22.5484953
            ],
            [
              114.1506892,
              22.5484687
            ],
            [
              114.1509124,
              22.5486478
            ],
            [
              114.1505324,
              22.5490586
            ],
            [
              114.1502748,
              22.5488495
            ]
          ]
        ]
      },
      "id": "way/731822909"
    },
    {
      "type": "Feature",
      "properties": {
        "@id": "way/733942730",
        "addr:city": "葵涌 Kwai Chung",
        "addr:housenumber": "290",
        "addr:street": "和宜合道 Wo Yi Hop Road",
        "name": "和宜合道變電站 Wo Yi Hop Road Substation",
        "name:en": "Wo Yi Hop Road Substation",
        "name:zh": "和宜合道變電站",
        "name:zh-Hans": "和宜合道变电站",
        "name:zh-Hant": "和宜合道變電站",
        "power": "substation",
        "source": "Kaart Ground Survey 2017",
        "substation": "substation"
      },
      "geometry": {
        "type": "Polygon",
        "coordinates": [
          [
            [
              114.1360474,
              22.3726797
            ],
            [
              114.1360683,
              22.3726796
            ],
            [
              114.1361278,
              22.3726795
            ],
            [
              114.1362213,
              22.3726793
            ],
            [
              114.1362305,
              22.3726797
            ],
            [
              114.1362351,
              22.3727299
            ],
            [
              114.1362412,
              22.3727971
            ],
            [
              114.136247,
              22.3728606
            ],
            [
              114.1362534,
              22.37293
            ],
            [
              114.1362624,
              22.3730286
            ],
            [
              114.1360481,
              22.3730293
            ],
            [
              114.1360474,
              22.3726797
            ]
          ]
        ]
      },
      "id": "way/733942730"
    },
    {
      "type": "Feature",
      "properties": {
        "@id": "way/737901307",
        "building": "yes",
        "operator": "中華電力有限公司 CLP Power Hong Kong Limited",
        "operator:en": "CLP Power Hong Kong Limited",
        "operator:short": "中華電力 CLP",
        "operator:short:en": "CLP",
        "operator:short:zh": "中華電力",
        "operator:short:zh-Hans": "中华电力",
        "operator:short:zh-Hant": "中華電力",
        "operator:wikidata": "Q977959",
        "operator:zh": "中華電力有限公司",
        "operator:zh-Hans": "中华电力有限公司",
        "operator:zh-Hant": "中華電力有限公司",
        "power": "substation",
        "substation": "substation"
      },
      "geometry": {
        "type": "Polygon",
        "coordinates": [
          [
            [
              114.1328595,
              22.3789602
            ],
            [
              114.1329536,
              22.3789162
            ],
            [
              114.133181,
              22.3788098
            ],
            [
              114.1332542,
              22.37894
            ],
            [
              114.1332086,
              22.3789616
            ],
            [
              114.1334679,
              22.3794344
            ],
            [
              114.1332701,
              22.3795248
            ],
            [
              114.1331888,
              22.3795619
            ],
            [
              114.1330704,
              22.3793456
            ],
            [
              114.1328595,
              22.3789602
            ]
          ]
        ]
      },
      "id": "way/737901307"
    },
    {
      "type": "Feature",
      "properties": {
        "@id": "way/739018354",
        "power": "substation"
      },
      "geometry": {
        "type": "Polygon",
        "coordinates": [
          [
            [
              114.2146558,
              22.3809878
            ],
            [
              114.2146339,
              22.3809413
            ],
            [
              114.2147051,
              22.3809126
            ],
            [
              114.214727,
              22.380959
            ],
            [
              114.2146558,
              22.3809878
            ]
          ]
        ]
      },
      "id": "way/739018354"
    },
    {
      "type": "Feature",
      "properties": {
        "@id": "way/739652104",
        "power": "substation"
      },
      "geometry": {
        "type": "Polygon",
        "coordinates": [
          [
            [
              114.2178449,
              22.3959268
            ],
            [
              114.2178476,
              22.3958475
            ],
            [
              114.217912,
              22.3958493
            ],
            [
              114.2179093,
              22.3959286
            ],
            [
              114.2178449,
              22.3959268
            ]
          ]
        ]
      },
      "id": "way/739652104"
    },
    {
      "type": "Feature",
      "properties": {
        "@id": "way/743364730",
        "building": "yes",
        "power": "substation",
        "substation": "yes"
      },
      "geometry": {
        "type": "Polygon",
        "coordinates": [
          [
            [
              114.1364952,
              22.3750924
            ],
            [
              114.1364955,
              22.3750365
            ],
            [
              114.1365593,
              22.3750365
            ],
            [
              114.1365574,
              22.3750789
            ],
            [
              114.1365202,
              22.3750787
            ],
            [
              114.1365198,
              22.3750924
            ],
            [
              114.1364952,
              22.3750924
            ]
          ]
        ]
      },
      "id": "way/743364730"
    },
    {
      "type": "Feature",
      "properties": {
        "@id": "way/743364746",
        "building": "service",
        "power": "substation"
      },
      "geometry": {
        "type": "Polygon",
        "coordinates": [
          [
            [
              114.1365822,
              22.372886
            ],
            [
              114.1368263,
              22.3728841
            ],
            [
              114.136828,
              22.3730699
            ],
            [
              114.1365985,
              22.3730706
            ],
            [
              114.1365705,
              22.3730706
            ],
            [
              114.1365693,
              22.3729772
            ],
            [
              114.1365816,
              22.3729771
            ],
            [
              114.1366473,
              22.3729768
            ],
            [
              114.1366469,
              22.3729353
            ],
            [
              114.1365818,
              22.3729342
            ],
            [
              114.1365822,
              22.372886
            ]
          ]
        ]
      },
      "id": "way/743364746"
    },
    {
      "type": "Feature",
      "properties": {
        "@id": "way/743563517",
        "building": "service",
        "name": "主愛小學變電站 Chu Oi Primary School Substation",
        "name:en": "Chu Oi Primary School Substation",
        "name:zh": "主愛小學變電站",
        "name:zh-Hans": "主爱小学变电站",
        "name:zh-Hant": "主愛小學變電站",
        "operator": "中華電力有限公司 CLP Power Hong Kong Limited",
        "operator:en": "CLP Power Hong Kong Limited",
        "operator:short": "中華電力 CLP",
        "operator:short:en": "CLP",
        "operator:short:zh": "中華電力",
        "operator:short:zh-Hans": "中华电力",
        "operator:short:zh-Hant": "中華電力",
        "operator:wikidata": "Q977959",
        "operator:zh": "中華電力有限公司",
        "operator:zh-Hans": "中华电力有限公司",
        "operator:zh-Hant": "中華電力有限公司",
        "power": "substation",
        "substation": "substation"
      },
      "geometry": {
        "type": "Polygon",
        "coordinates": [
          [
            [
              114.1392478,
              22.3705947
            ],
            [
              114.1393259,
              22.3705451
            ],
            [
              114.139401,
              22.3705225
            ],
            [
              114.1394167,
              22.3705823
            ],
            [
              114.139385,
              22.3706079
            ],
            [
              114.139391,
              22.3706145
            ],
            [
              114.1393196,
              22.3706713
            ],
            [
              114.1392773,
              22.3706261
            ],
            [
              114.1392478,
              22.3705947
            ]
          ]
        ]
      },
      "id": "way/743563517"
    },
    {
      "type": "Feature",
      "properties": {
        "@id": "way/743640845",
        "building": "yes",
        "power": "substation",
        "substation": "substation"
      },
      "geometry": {
        "type": "Polygon",
        "coordinates": [
          [
            [
              114.1408606,
              22.3719895
            ],
            [
              114.1408809,
              22.3718946
            ],
            [
              114.1409377,
              22.3719053
            ],
            [
              114.1409159,
              22.3719999
            ],
            [
              114.1408606,
              22.3719895
            ]
          ]
        ]
      },
      "id": "way/743640845"
    },
    {
      "type": "Feature",
      "properties": {
        "@id": "way/744313583",
        "building": "yes",
        "power": "substation"
      },
      "geometry": {
        "type": "Polygon",
        "coordinates": [
          [
            [
              114.140108,
              22.3696386
            ],
            [
              114.1401186,
              22.3695861
            ],
            [
              114.1404432,
              22.3696444
            ],
            [
              114.1404309,
              22.3696972
            ],
            [
              114.140108,
              22.3696386
            ]
          ]
        ]
      },
      "id": "way/744313583"
    },
    {
      "type": "Feature",
      "properties": {
        "@id": "way/744514818",
        "building": "yes",
        "operator": "中華電力有限公司 CLP Power Hong Kong Limited",
        "operator:en": "CLP Power Hong Kong Limited",
        "operator:short": "中華電力 CLP",
        "operator:short:en": "CLP",
        "operator:short:zh": "中華電力",
        "operator:short:zh-Hans": "中华电力",
        "operator:short:zh-Hant": "中華電力",
        "operator:wikidata": "Q977959",
        "operator:zh": "中華電力有限公司",
        "operator:zh-Hans": "中华电力有限公司",
        "operator:zh-Hant": "中華電力有限公司",
        "power": "substation",
        "substation": "substation"
      },
      "geometry": {
        "type": "Polygon",
        "coordinates": [
          [
            [
              114.1350737,
              22.3685238
            ],
            [
              114.1350867,
              22.3684963
            ],
            [
              114.1351429,
              22.3685192
            ],
            [
              114.1351291,
              22.368548
            ],
            [
              114.1350737,
              22.3685238
            ]
          ]
        ]
      },
      "id": "way/744514818"
    },
    {
      "type": "Feature",
      "properties": {
        "@id": "way/744514819",
        "building": "yes",
        "name": "億萬工業大廈C變電站 Edwick Industrial Centre C Substation",
        "name:en": "Edwick Industrial Centre C Substation",
        "name:zh": "億萬工業大廈C變電站",
        "name:zh-Hans": "亿万工业大厦C变电站",
        "name:zh-Hant": "億萬工業大廈C變電站",
        "operator": "中華電力有限公司 CLP Power Hong Kong Limited",
        "operator:en": "CLP Power Hong Kong Limited",
        "operator:short": "中華電力 CLP",
        "operator:short:en": "CLP",
        "operator:short:zh": "中華電力",
        "operator:short:zh-Hans": "中华电力",
        "operator:short:zh-Hant": "中華電力",
        "operator:wikidata": "Q977959",
        "operator:zh": "中華電力有限公司",
        "operator:zh-Hans": "中华电力有限公司",
        "operator:zh-Hant": "中華電力有限公司",
        "power": "substation",
        "substation": "substation"
      },
      "geometry": {
        "type": "Polygon",
        "coordinates": [
          [
            [
              114.1351417,
              22.3685524
            ],
            [
              114.1351543,
              22.3685264
            ],
            [
              114.1351621,
              22.3685302
            ],
            [
              114.1351653,
              22.3685238
            ],
            [
              114.1352285,
              22.3685535
            ],
            [
              114.1352175,
              22.3685759
            ],
            [
              114.1351417,
              22.3685524
            ]
          ]
        ]
      },
      "id": "way/744514819"
    },
    {
      "type": "Feature",
      "properties": {
        "@id": "way/744550122",
        "name": "大白田街變電站 Tai Pak Tin Street Substation",
        "name:en": "Tai Pak Tin Street Substation",
        "name:zh": "大白田街變電站",
        "name:zh-Hans": "大白田街变电站",
        "name:zh-Hant": "大白田街變電站",
        "operator": "中華電力有限公司 CLP Power Hong Kong Limited",
        "operator:en": "CLP Power Hong Kong Limited",
        "operator:short": "中華電力 CLP",
        "operator:short:en": "CLP",
        "operator:short:zh": "中華電力",
        "operator:short:zh-Hans": "中华电力",
        "operator:short:zh-Hant": "中華電力",
        "operator:wikidata": "Q977959",
        "operator:zh": "中華電力有限公司",
        "operator:zh-Hans": "中华电力有限公司",
        "operator:zh-Hant": "中華電力有限公司",
        "power": "substation",
        "substation": "substation"
      },
      "geometry": {
        "type": "Polygon",
        "coordinates": [
          [
            [
              114.1399966,
              22.369618
            ],
            [
              114.1400171,
              22.3695815
            ],
            [
              114.140083,
              22.3695657
            ],
            [
              114.1401353,
              22.3695141
            ],
            [
              114.1401589,
              22.3694809
            ],
            [
              114.1401792,
              22.3694448
            ],
            [
              114.1401929,
              22.3693979
            ],
            [
              114.1402271,
              22.369378
            ],
            [
              114.1402588,
              22.369384
            ],
            [
              114.1403499,
              22.3694007
            ],
            [
              114.1404902,
              22.3694265
            ],
            [
              114.1404494,
              22.3696155
            ],
            [
              114.1404432,
              22.3696444
            ],
            [
              114.1404309,
              22.3696972
            ],
            [
              114.140108,
              22.3696386
            ],
            [
              114.1399966,
              22.369618
            ]
          ]
        ]
      },
      "id": "way/744550122"
    },
    {
      "type": "Feature",
      "properties": {
        "@id": "way/744569150",
        "demolished:building": "power",
        "name": "石籬邨第十座變電站 Shek Lei Estate Block 10 Substation",
        "name:zh": "石籬邨第十座變電站",
        "name:zh-Hans": "石篱邨第十座变电站",
        "name:zh-Hant": "石籬邨第十座變電站",
        "power": "substation",
        "substation": "substation"
      },
      "geometry": {
        "type": "Polygon",
        "coordinates": [
          [
            [
              114.1402086,
              22.3655128
            ],
            [
              114.140233,
              22.3654791
            ],
            [
              114.1402544,
              22.3654924
            ],
            [
              114.1403168,
              22.3655314
            ],
            [
              114.1403121,
              22.3655376
            ],
            [
              114.1402914,
              22.3655649
            ],
            [
              114.1402086,
              22.3655128
            ]
          ]
        ]
      },
      "id": "way/744569150"
    },
    {
      "type": "Feature",
      "properties": {
        "@id": "way/744569157",
        "demolished:building": "power",
        "name": "石籬邨第十一座變電站 Shek Lei Estate Block 11 Substation",
        "name:en": "Shek Lei Estate Block 11 Substation",
        "name:zh": "石籬邨第十一座變電站",
        "name:zh-Hans": "石篱邨第十一座变电站",
        "name:zh-Hant": "石籬邨第十一座變電站",
        "power": "substation",
        "substation": "substation"
      },
      "geometry": {
        "type": "Polygon",
        "coordinates": [
          [
            [
              114.1406855,
              22.3656734
            ],
            [
              114.1407169,
              22.3656307
            ],
            [
              114.1407912,
              22.3656775
            ],
            [
              114.1407601,
              22.3657192
            ],
            [
              114.1406855,
              22.3656734
            ]
          ]
        ]
      },
      "id": "way/744569157"
    },
    {
      "type": "Feature",
      "properties": {
        "@id": "way/744569158",
        "demolished:building": "power",
        "name": "石籬邨第十座A變電站 Shek Lei Estate Block 10 A Substation",
        "name:en": "Shek Lei Estate Block 10 A Substation",
        "name:zh": "石籬邨第十座A變電站",
        "name:zh-Hans": "石篱邨第十座A变电站",
        "name:zh-Hant": "石籬邨第十座A變電站",
        "power": "substation",
        "substation": "substation"
      },
      "geometry": {
        "type": "Polygon",
        "coordinates": [
          [
            [
              114.1407912,
              22.3656775
            ],
            [
              114.1408637,
              22.3657226
            ],
            [
              114.1408341,
              22.365766
            ],
            [
              114.1407601,
              22.3657192
            ],
            [
              114.1407912,
              22.3656775
            ]
          ]
        ]
      },
      "id": "way/744569158"
    },
    {
      "type": "Feature",
      "properties": {
        "@id": "way/744600452",
        "name": "梨木樹第三期公共交通轉運站變電站 Lee Muk Shue PH3 PTI Substation",
        "name:en": "Lee Muk Shue PH3 PTI Substation",
        "name:zh": "梨木樹第三期公共交通轉運站變電站",
        "operator": "中華電力有限公司 CLP Power Hong Kong Limited",
        "operator:en": "CLP Power Hong Kong Limited",
        "operator:short": "中華電力 CLP",
        "operator:short:en": "CLP",
        "operator:short:zh": "中華電力",
        "operator:short:zh-Hans": "中华电力",
        "operator:short:zh-Hant": "中華電力",
        "operator:wikidata": "Q977959",
        "operator:wikipedia": "zh:中華電力",
        "operator:zh": "中華電力有限公司",
        "operator:zh-Hans": "中华电力有限公司",
        "operator:zh-Hant": "中華電力有限公司",
        "power": "substation",
        "substation": "substation"
      },
      "geometry": {
        "type": "Polygon",
        "coordinates": [
          [
            [
              114.1363309,
              22.3771729
            ],
            [
              114.1363296,
              22.3771119
            ],
            [
              114.1363447,
              22.3771038
            ],
            [
              114.1363616,
              22.3770977
            ],
            [
              114.1363763,
              22.3770955
            ],
            [
              114.1363922,
              22.3770961
            ],
            [
              114.1364052,
              22.3770987
            ],
            [
              114.1364221,
              22.3771045
            ],
            [
              114.1364374,
              22.3771111
            ],
            [
              114.1364518,
              22.3771223
            ],
            [
              114.1364603,
              22.3771307
            ],
            [
              114.1364708,
              22.3771465
            ],
            [
              114.1364754,
              22.3771601
            ],
            [
              114.1364772,
              22.3771728
            ],
            [
              114.1363309,
              22.3771729
            ]
          ]
        ]
      },
      "id": "way/744600452"
    },
    {
      "type": "Feature",
      "properties": {
        "@id": "way/744692751",
        "building": "yes",
        "name": "同珍工業大廈'B'座變電站 Tung Chun Industrial Building Block 'B' Substation",
        "name:en": "Tung Chun Industrial Building Block 'B' Substation",
        "name:zh": "同珍工業大廈'B'座變電站",
        "name:zh-Hans": "同珍工业大厦'B'座变电站",
        "name:zh-Hant": "同珍工業大廈'B'座變電站",
        "operator": "中華電力有限公司 CLP Power Hong Kong Limited",
        "operator:en": "CLP Power Hong Kong Limited",
        "operator:short": "中華電力 CLP",
        "operator:short:en": "CLP",
        "operator:short:zh": "中華電力",
        "operator:short:zh-Hans": "中华电力",
        "operator:short:zh-Hant": "中華電力",
        "operator:wikidata": "Q977959",
        "operator:zh": "中華電力有限公司",
        "operator:zh-Hans": "中华电力有限公司",
        "operator:zh-Hant": "中華電力有限公司",
        "power": "substation",
        "substation": "substation"
      },
      "geometry": {
        "type": "Polygon",
        "coordinates": [
          [
            [
              114.1358106,
              22.3707073
            ],
            [
              114.1359118,
              22.3706291
            ],
            [
              114.1359516,
              22.3707218
            ],
            [
              114.1359411,
              22.3707298
            ],
            [
              114.1359053,
              22.3706962
            ],
            [
              114.1358716,
              22.3707276
            ],
            [
              114.1358672,
              22.370725
            ],
            [
              114.1358472,
              22.3707427
            ],
            [
              114.1358106,
              22.3707073
            ]
          ]
        ]
      },
      "id": "way/744692751"
    },
    {
      "type": "Feature",
      "properties": {
        "@id": "way/746325656",
        "addr:housenumber": "30",
        "addr:street": "詩歌舞街 Sycamore Street",
        "name": "詩歌舞街變電站 Sycamore Street Substation",
        "name:en": "Sycamore Street Substation",
        "name:zh": "詩歌舞街變電站",
        "operator": "中華電力有限公司 CLP Power Hong Kong Limited",
        "operator:en": "CLP Power Hong Kong Limited",
        "operator:short": "中華電力 CLP",
        "operator:short:en": "CLP",
        "operator:short:zh": "中華電力",
        "operator:short:zh-Hans": "中华电力",
        "operator:short:zh-Hant": "中華電力",
        "operator:wikidata": "Q977959",
        "operator:zh": "中華電力有限公司",
        "operator:zh-Hans": "中华电力有限公司",
        "operator:zh-Hant": "中華電力有限公司",
        "power": "substation"
      },
      "geometry": {
        "type": "Polygon",
        "coordinates": [
          [
            [
              114.1643138,
              22.3250282
            ],
            [
              114.1642713,
              22.3250618
            ],
            [
              114.1643164,
              22.3251108
            ],
            [
              114.1643322,
              22.3250983
            ],
            [
              114.1643549,
              22.325123
            ],
            [
              114.1643288,
              22.3251436
            ],
            [
              114.164321,
              22.3251351
            ],
            [
              114.164289,
              22.3251603
            ],
            [
              114.1642094,
              22.325074
            ],
            [
              114.1641662,
              22.3250272
            ],
            [
              114.1642301,
              22.3249768
            ],
            [
              114.1642389,
              22.3249333
            ],
            [
              114.1643193,
              22.3249474
            ],
            [
              114.1644349,
              22.3249675
            ],
            [
              114.164423,
              22.3250256
            ],
            [
              114.1643633,
              22.3250152
            ],
            [
              114.1643669,
              22.3249978
            ],
            [
              114.1643216,
              22.32499
            ],
            [
              114.1643138,
              22.3250282
            ]
          ]
        ]
      },
      "id": "way/746325656"
    },
    {
      "type": "Feature",
      "properties": {
        "@id": "way/746388524",
        "addr:housenumber": "563-583",
        "addr:street": "青山公路 - 葵涌段 Castle Peak Road - Kwai Chung",
        "name": "葵涌A變電站 Kwai Chung A Substation",
        "name:en": "Kwai Chung A Substation",
        "name:zh": "葵涌A變電站",
        "name:zh-Hans": "葵涌A变电站",
        "name:zh-Hant": "葵涌A變電站",
        "operator": "中華電力有限公司 CLP Power Hong Kong Limited",
        "operator:en": "CLP Power Hong Kong Limited",
        "operator:short": "中華電力 CLP",
        "operator:short:en": "CLP",
        "operator:short:zh": "中華電力",
        "operator:short:zh-Hans": "中华电力",
        "operator:short:zh-Hant": "中華電力",
        "operator:wikidata": "Q977959",
        "operator:zh": "中華電力有限公司",
        "operator:zh-Hans": "中华电力有限公司",
        "operator:zh-Hant": "中華電力有限公司",
        "power": "substation",
        "substation": "substation"
      },
      "geometry": {
        "type": "Polygon",
        "coordinates": [
          [
            [
              114.1321308,
              22.369249
            ],
            [
              114.1321462,
              22.3692712
            ],
            [
              114.1321655,
              22.3692989
            ],
            [
              114.1323665,
              22.369587
            ],
            [
              114.1323885,
              22.3696186
            ],
            [
              114.1320783,
              22.369804
            ],
            [
              114.1320584,
              22.3697732
            ],
            [
              114.1320127,
              22.3698004
            ],
            [
              114.132034,
              22.3698295
            ],
            [
              114.1316734,
              22.370045
            ],
            [
              114.1316534,
              22.3700143
            ],
            [
              114.1314799,
              22.3697626
            ],
            [
              114.1315279,
              22.3697356
            ],
            [
              114.1315637,
              22.3697155
            ],
            [
              114.1315342,
              22.3696711
            ],
            [
              114.1318686,
              22.3694719
            ],
            [
              114.1318616,
              22.3694596
            ],
            [
              114.1319515,
              22.3693892
            ],
            [
              114.1319859,
              22.3693624
            ],
            [
              114.1321308,
              22.369249
            ]
          ]
        ]
      },
      "id": "way/746388524"
    },
    {
      "type": "Feature",
      "properties": {
        "@id": "way/746395126",
        "building": "yes",
        "name": "廣東道1106號變電站 Canton Road 1106 Substation",
        "name:en": "Canton Road 1106 Substation",
        "name:zh": "廣東道1106號變電站",
        "power": "substation"
      },
      "geometry": {
        "type": "Polygon",
        "coordinates": [
          [
            [
              114.1668638,
              22.3209095
            ],
            [
              114.1668916,
              22.3207854
            ],
            [
              114.1669782,
              22.3209252
            ],
            [
              114.1669341,
              22.3209196
            ],
            [
              114.1668638,
              22.3209095
            ]
          ]
        ]
      },
      "id": "way/746395126"
    },
    {
      "type": "Feature",
      "properties": {
        "@id": "way/746571066",
        "addr:housenumber": "114",
        "addr:street": "大南街 Tai Nan Street",
        "building": "residential",
        "name": "白楊街變電站 Poplar Street Substation",
        "name:en": "Poplar Street Substation",
        "name:zh": "白楊街變電站",
        "power": "substation"
      },
      "geometry": {
        "type": "Polygon",
        "coordinates": [
          [
            [
              114.1652915,
              22.3257359
            ],
            [
              114.1654275,
              22.3256293
            ],
            [
              114.1655389,
              22.325751
            ],
            [
              114.165403,
              22.3258575
            ],
            [
              114.1653882,
              22.3258414
            ],
            [
              114.1652915,
              22.3257359
            ]
          ]
        ]
      },
      "id": "way/746571066"
    },
    {
      "type": "Feature",
      "properties": {
        "@id": "way/748614582",
        "building": "yes",
        "power": "substation",
        "substation": "substation"
      },
      "geometry": {
        "type": "Polygon",
        "coordinates": [
          [
            [
              114.1350992,
              22.3633025
            ],
            [
              114.1350783,
              22.3634554
            ],
            [
              114.1349358,
              22.3634411
            ],
            [
              114.1347813,
              22.3633365
            ],
            [
              114.1348292,
              22.3632967
            ],
            [
              114.1349261,
              22.3633071
            ],
            [
              114.1349286,
              22.3632829
            ],
            [
              114.1350992,
              22.3633025
            ]
          ]
        ]
      },
      "id": "way/748614582"
    },
    {
      "type": "Feature",
      "properties": {
        "@id": "way/749656010",
        "power": "substation"
      },
      "geometry": {
        "type": "Polygon",
        "coordinates": [
          [
            [
              114.1349286,
              22.3632829
            ],
            [
              114.1350992,
              22.3633025
            ],
            [
              114.1350783,
              22.3634554
            ],
            [
              114.1350709,
              22.3634685
            ],
            [
              114.1350621,
              22.3634782
            ],
            [
              114.1350571,
              22.363482
            ],
            [
              114.1350513,
              22.3634853
            ],
            [
              114.1350429,
              22.3634878
            ],
            [
              114.1350348,
              22.3634892
            ],
            [
              114.1350252,
              22.3634886
            ],
            [
              114.1350144,
              22.3634838
            ],
            [
              114.1349358,
              22.3634411
            ],
            [
              114.1347813,
              22.3633365
            ],
            [
              114.1348292,
              22.3632967
            ],
            [
              114.1349261,
              22.3633071
            ],
            [
              114.1349286,
              22.3632829
            ]
          ]
        ]
      },
      "id": "way/749656010"
    },
    {
      "type": "Feature",
      "properties": {
        "@id": "way/749843586",
        "building": "industrial",
        "building:levels": "6",
        "power": "substation",
        "substation": "substation"
      },
      "geometry": {
        "type": "Polygon",
        "coordinates": [
          [
            [
              114.1326457,
              22.3687872
            ],
            [
              114.1325556,
              22.3688386
            ],
            [
              114.1325468,
              22.3688254
            ],
            [
              114.1321132,
              22.3690726
            ],
            [
              114.1319502,
              22.3688282
            ],
            [
              114.132178,
              22.3686983
            ],
            [
              114.1322083,
              22.3686811
            ],
            [
              114.1322936,
              22.3686324
            ],
            [
              114.1322878,
              22.3686253
            ],
            [
              114.1323216,
              22.3686029
            ],
            [
              114.1323134,
              22.3685937
            ],
            [
              114.1324052,
              22.3685345
            ],
            [
              114.1324415,
              22.3685193
            ],
            [
              114.1324708,
              22.3685157
            ],
            [
              114.1325258,
              22.3685251
            ],
            [
              114.1325613,
              22.3685464
            ],
            [
              114.132582,
              22.3685677
            ],
            [
              114.1326349,
              22.3686572
            ],
            [
              114.1326039,
              22.3686748
            ],
            [
              114.1326244,
              22.3687054
            ],
            [
              114.1326003,
              22.3687191
            ],
            [
              114.1326457,
              22.3687872
            ]
          ]
        ]
      },
      "id": "way/749843586"
    },
    {
      "type": "Feature",
      "properties": {
        "@id": "way/750227712",
        "operator": "中華電力有限公司 CLP Power Hong Kong Limited",
        "operator:en": "CLP Power Hong Kong Limited",
        "operator:short": "中華電力 CLP",
        "operator:short:en": "CLP",
        "operator:short:zh": "中華電力",
        "operator:short:zh-Hans": "中华电力",
        "operator:short:zh-Hant": "中華電力",
        "operator:wikidata": "Q977959",
        "operator:zh": "中華電力有限公司",
        "operator:zh-Hans": "中华电力有限公司",
        "operator:zh-Hant": "中華電力有限公司",
        "power": "substation"
      },
      "geometry": {
        "type": "Polygon",
        "coordinates": [
          [
            [
              114.2465526,
              22.3393041
            ],
            [
              114.2465089,
              22.3392684
            ],
            [
              114.2465566,
              22.3392185
            ],
            [
              114.2466003,
              22.3392542
            ],
            [
              114.2465526,
              22.3393041
            ]
          ]
        ]
      },
      "id": "way/750227712"
    },
    {
      "type": "Feature",
      "properties": {
        "@id": "way/752904323",
        "building": "yes",
        "power": "substation",
        "substation": "substation"
      },
      "geometry": {
        "type": "Polygon",
        "coordinates": [
          [
            [
              114.1330635,
              22.3612146
            ],
            [
              114.1333797,
              22.3611571
            ],
            [
              114.1333983,
              22.3612084
            ],
            [
              114.1330827,
              22.3612676
            ],
            [
              114.1330635,
              22.3612146
            ]
          ]
        ]
      },
      "id": "way/752904323"
    },
    {
      "type": "Feature",
      "properties": {
        "@id": "way/752904324",
        "building": "yes",
        "power": "substation",
        "substation": "substation"
      },
      "geometry": {
        "type": "Polygon",
        "coordinates": [
          [
            [
              114.1330994,
              22.3613139
            ],
            [
              114.1334018,
              22.3612182
            ],
            [
              114.1334237,
              22.3612785
            ],
            [
              114.1333567,
              22.3612999
            ],
            [
              114.133285,
              22.3613228
            ],
            [
              114.1332118,
              22.3613462
            ],
            [
              114.1332315,
              22.3613967
            ],
            [
              114.1331397,
              22.3614253
            ],
            [
              114.1330994,
              22.3613139
            ]
          ]
        ]
      },
      "id": "way/752904324"
    },
    {
      "type": "Feature",
      "properties": {
        "@id": "way/754261962",
        "building": "yes",
        "name": "樂華天主教小學變電站 Lok Wah Catholic Pri Sch Substation",
        "name:en": "Lok Wah Catholic Pri Sch Substation",
        "name:zh": "樂華天主教小學變電站",
        "operator": "中華電力有限公司 CLP Power Hong Kong Limited",
        "operator:en": "CLP Power Hong Kong Limited",
        "operator:short": "中華電力 CLP",
        "operator:short:en": "CLP",
        "operator:short:zh": "中華電力",
        "operator:short:zh-Hans": "中华电力",
        "operator:short:zh-Hant": "中華電力",
        "operator:wikidata": "Q977959",
        "operator:zh": "中華電力有限公司",
        "operator:zh-Hans": "中华电力有限公司",
        "operator:zh-Hant": "中華電力有限公司",
        "power": "substation"
      },
      "geometry": {
        "type": "Polygon",
        "coordinates": [
          [
            [
              114.2216516,
              22.3219094
            ],
            [
              114.2218045,
              22.3219485
            ],
            [
              114.2217983,
              22.3219693
            ],
            [
              114.2217743,
              22.3220497
            ],
            [
              114.2216214,
              22.3220106
            ],
            [
              114.2216455,
              22.3219301
            ],
            [
              114.2216516,
              22.3219094
            ]
          ]
        ]
      },
      "id": "way/754261962"
    },
    {
      "type": "Feature",
      "properties": {
        "@id": "way/754811522",
        "name": "順利邨變電站 Shun Lee Estate Substation",
        "name:en": "Shun Lee Estate Substation",
        "name:zh": "順利邨變電站",
        "operator": "中華電力有限公司 CLP Power Hong Kong Limited",
        "operator:en": "CLP Power Hong Kong Limited",
        "operator:short": "中華電力 CLP",
        "operator:short:en": "CLP",
        "operator:short:zh": "中華電力",
        "operator:short:zh-Hans": "中华电力",
        "operator:short:zh-Hant": "中華電力",
        "operator:wikidata": "Q977959",
        "operator:zh": "中華電力有限公司",
        "operator:zh-Hans": "中华电力有限公司",
        "operator:zh-Hant": "中華電力有限公司",
        "power": "substation",
        "substation": "distribution"
      },
      "geometry": {
        "type": "Polygon",
        "coordinates": [
          [
            [
              114.2245566,
              22.3316274
            ],
            [
              114.2245282,
              22.3315966
            ],
            [
              114.2244807,
              22.331545
            ],
            [
              114.2244381,
              22.3314996
            ],
            [
              114.2247284,
              22.3312631
            ],
            [
              114.2248491,
              22.3313917
            ],
            [
              114.2247438,
              22.3314797
            ],
            [
              114.2246578,
              22.3315475
            ],
            [
              114.2245566,
              22.3316274
            ]
          ]
        ]
      },
      "id": "way/754811522"
    },
    {
      "type": "Feature",
      "properties": {
        "@id": "way/755807031",
        "building": "yes",
        "name": "長沙灣室內運動場變電站 CSW Indoor Game Hall Substation",
        "name:en": "CSW Indoor Game Hall Substation",
        "name:zh": "長沙灣室內運動場變電站",
        "power": "substation",
        "substation": "substation"
      },
      "geometry": {
        "type": "Polygon",
        "coordinates": [
          [
            [
              114.1530277,
              22.338179
            ],
            [
              114.1529881,
              22.3381346
            ],
            [
              114.1530778,
              22.3380655
            ],
            [
              114.1531127,
              22.3381047
            ],
            [
              114.1531177,
              22.3381103
            ],
            [
              114.1530277,
              22.338179
            ]
          ]
        ]
      },
      "id": "way/755807031"
    },
    {
      "type": "Feature",
      "properties": {
        "@id": "way/755807032",
        "addr:housenumber": "559",
        "addr:street": "Cheung Wah Street",
        "building": "yes",
        "name": "昌華街變電站 Cheung Wah Street Substation",
        "name:en": "Cheung Wah Street Substation",
        "name:zh": "昌華街變電站",
        "power": "substation",
        "substation": "substation"
      },
      "geometry": {
        "type": "Polygon",
        "coordinates": [
          [
            [
              114.1531966,
              22.338504
            ],
            [
              114.1531118,
              22.3384084
            ],
            [
              114.1531545,
              22.3383755
            ],
            [
              114.1532395,
              22.3384713
            ],
            [
              114.1531966,
              22.338504
            ]
          ]
        ]
      },
      "id": "way/755807032"
    },
    {
      "type": "Feature",
      "properties": {
        "@id": "way/757325692",
        "name": "順寧道Ｂ變電站 Shun Ning Road B Substation",
        "name:en": "Shun Ning Road B Substation",
        "name:zh": "順寧道Ｂ變電站",
        "power": "substation",
        "substation": "substation"
      },
      "geometry": {
        "type": "Polygon",
        "coordinates": [
          [
            [
              114.1582779,
              22.337921
            ],
            [
              114.1582328,
              22.3379568
            ],
            [
              114.1581712,
              22.3378875
            ],
            [
              114.1582163,
              22.3378521
            ],
            [
              114.1582779,
              22.337921
            ]
          ]
        ]
      },
      "id": "way/757325692"
    },
    {
      "type": "Feature",
      "properties": {
        "@id": "way/758445167",
        "building": "industrial",
        "name": "西尾園變壓站 West End Park Sub-station",
        "name:en": "West End Park Sub-station",
        "name:zh": "西尾園變壓站",
        "power": "substation",
        "substation": "distribution"
      },
      "geometry": {
        "type": "Polygon",
        "coordinates": [
          [
            [
              114.1439949,
              22.2826223
            ],
            [
              114.1439939,
              22.2825718
            ],
            [
              114.1440701,
              22.2825705
            ],
            [
              114.1440703,
              22.2825829
            ],
            [
              114.1440973,
              22.2825824
            ],
            [
              114.1440978,
              22.2826041
            ],
            [
              114.1441227,
              22.2826037
            ],
            [
              114.144123,
              22.2826201
            ],
            [
              114.1439949,
              22.2826223
            ]
          ]
        ]
      },
      "id": "way/758445167"
    },
    {
      "type": "Feature",
      "properties": {
        "@id": "way/758594181",
        "barrier": "fence",
        "landuse": "railway",
        "name": "港鐵鰂魚涌配電站 MTR Quarry Bay Substation",
        "name:en": "MTR Quarry Bay Substation",
        "name:zh": "港鐵鰂魚涌配電站",
        "name:zh-Hans": "港铁鲗鱼涌配电站",
        "name:zh-Hant": "港鐵鰂魚涌配電站",
        "operator": "香港鐵路有限公司 MTR Corporation Limited",
        "operator:en": "MTR Corporation Limited",
        "operator:type": "private",
        "operator:wikidata": "Q1479375",
        "operator:zh": "香港鐵路有限公司",
        "power": "substation",
        "service": "power",
        "substation": "traction",
        "subway": "yes"
      },
      "geometry": {
        "type": "Polygon",
        "coordinates": [
          [
            [
              114.2132103,
              22.2908099
            ],
            [
              114.2131163,
              22.2905723
            ],
            [
              114.2131362,
              22.2905671
            ],
            [
              114.2132358,
              22.2905328
            ],
            [
              114.2133607,
              22.2904897
            ],
            [
              114.2134022,
              22.2904738
            ],
            [
              114.2134577,
              22.2904525
            ],
            [
              114.2135307,
              22.2906013
            ],
            [
              114.213632,
              22.2906698
            ],
            [
              114.2132103,
              22.2908099
            ]
          ]
        ]
      },
      "id": "way/758594181"
    },
    {
      "type": "Feature",
      "properties": {
        "@id": "way/758698947",
        "building": "service",
        "power": "substation"
      },
      "geometry": {
        "type": "Polygon",
        "coordinates": [
          [
            [
              114.1027471,
              22.3634327
            ],
            [
              114.1026968,
              22.3634324
            ],
            [
              114.1026974,
              22.3633296
            ],
            [
              114.1027477,
              22.3633299
            ],
            [
              114.1027471,
              22.3634327
            ]
          ]
        ]
      },
      "id": "way/758698947"
    },
    {
      "type": "Feature",
      "properties": {
        "@id": "way/758714163",
        "building": "yes",
        "height": "3.5 m",
        "name": "九龍工業中學變電站 Kowloon Sec Technical Sch Substation",
        "name:en": "Kowloon Sec Technical Sch Substation",
        "name:zh": "九龍工業中學變電站",
        "power": "substation",
        "substation": "substation"
      },
      "geometry": {
        "type": "Polygon",
        "coordinates": [
          [
            [
              114.1588192,
              22.3343238
            ],
            [
              114.1589495,
              22.3342228
            ],
            [
              114.1589869,
              22.334264
            ],
            [
              114.1588567,
              22.3343651
            ],
            [
              114.1588192,
              22.3343238
            ]
          ]
        ]
      },
      "id": "way/758714163"
    },
    {
      "type": "Feature",
      "properties": {
        "@id": "way/759098446",
        "addr:housenumber": "2",
        "addr:street": "美荔道 Mei Lai Road",
        "addr:street:en": "Mei Lai Road",
        "addr:street:zh": "美荔道",
        "barrier": "wall",
        "name": "美荔道變電站 Mei Lai Road Substation",
        "name:en": "Mei Lai Road Substation",
        "name:zh": "美荔道變電站",
        "power": "substation"
      },
      "geometry": {
        "type": "Polygon",
        "coordinates": [
          [
            [
              114.141043,
              22.3375909
            ],
            [
              114.140994,
              22.3375589
            ],
            [
              114.1409854,
              22.3374922
            ],
            [
              114.1410068,
              22.3373843
            ],
            [
              114.1410719,
              22.3373162
            ],
            [
              114.1411942,
              22.3372609
            ],
            [
              114.1412857,
              22.3372445
            ],
            [
              114.1412955,
              22.3372915
            ],
            [
              114.141267,
              22.3373244
            ],
            [
              114.141179,
              22.3374196
            ],
            [
              114.1411464,
              22.3374548
            ],
            [
              114.141043,
              22.3375909
            ]
          ]
        ]
      },
      "id": "way/759098446"
    },
    {
      "type": "Feature",
      "properties": {
        "@id": "way/759412041",
        "landuse": "industrial",
        "name": "順寧道A變電站 Shun Ning Road A Substation",
        "name:en": "Shun Ning Road A Substation",
        "name:zh": "順寧道A變電站",
        "power": "substation",
        "substation": "substation"
      },
      "geometry": {
        "type": "Polygon",
        "coordinates": [
          [
            [
              114.1602211,
              22.3358191
            ],
            [
              114.1603134,
              22.3357487
            ],
            [
              114.1603508,
              22.3357906
            ],
            [
              114.16038,
              22.3358233
            ],
            [
              114.1604454,
              22.3358965
            ],
            [
              114.1604099,
              22.335924
            ],
            [
              114.1603715,
              22.3359533
            ],
            [
              114.1603523,
              22.3359679
            ],
            [
              114.1602211,
              22.3358191
            ]
          ]
        ]
      },
      "id": "way/759412041"
    },
    {
      "type": "Feature",
      "properties": {
        "@id": "way/761234515",
        "addr:housenumber": "93-95",
        "addr:street": "Ho Yeung Street",
        "landuse": "industrial",
        "name": "浩洋街變電站 Ho Yeung Street Substation",
        "name:en": "Ho Yeung Street Substation",
        "name:zh": "浩洋街變電站",
        "name:zh-Hans": "浩洋街变电站",
        "name:zh-Hant": "浩洋街變電站",
        "power": "substation"
      },
      "geometry": {
        "type": "Polygon",
        "coordinates": [
          [
            [
              113.946963,
              22.3660862
            ],
            [
              113.9471052,
              22.3658778
            ],
            [
              113.9474431,
              22.3660744
            ],
            [
              113.9474022,
              22.3661407
            ],
            [
              113.9473311,
              22.3661035
            ],
            [
              113.9472339,
              22.366248
            ],
            [
              113.946963,
              22.3660862
            ]
          ]
        ]
      },
      "id": "way/761234515"
    },
    {
      "type": "Feature",
      "properties": {
        "@id": "way/764887996",
        "building": "yes",
        "name": "麗晶花園大佬山隧道噪音管制站變電站",
        "name:zh": "麗晶花園大佬山隧道噪音管制站變電站",
        "power": "substation"
      },
      "geometry": {
        "type": "Polygon",
        "coordinates": [
          [
            [
              114.2052843,
              22.3299542
            ],
            [
              114.20529,
              22.3299002
            ],
            [
              114.2052782,
              22.3298992
            ],
            [
              114.2052796,
              22.3298857
            ],
            [
              114.2053422,
              22.3298914
            ],
            [
              114.2053351,
              22.3299588
            ],
            [
              114.2052843,
              22.3299542
            ]
          ]
        ]
      },
      "id": "way/764887996"
    },
    {
      "type": "Feature",
      "properties": {
        "@id": "way/765696334",
        "name": "馬會道變電站 Jockey Club Road Substation",
        "name:en": "Jockey Club Road Substation",
        "name:zh": "馬會道變電站",
        "operator": "中華電力有限公司 CLP Power Hong Kong Limited",
        "operator:en": "CLP Power Hong Kong Limited",
        "operator:short": "中華電力 CLP",
        "operator:short:en": "CLP",
        "operator:short:zh": "中華電力",
        "operator:short:zh-Hans": "中华电力",
        "operator:short:zh-Hant": "中華電力",
        "operator:wikidata": "Q977959",
        "operator:zh": "中華電力有限公司",
        "operator:zh-Hans": "中华电力有限公司",
        "operator:zh-Hant": "中華電力有限公司",
        "power": "substation"
      },
      "geometry": {
        "type": "Polygon",
        "coordinates": [
          [
            [
              114.133585,
              22.5009319
            ],
            [
              114.133536,
              22.5008936
            ],
            [
              114.133417,
              22.5008004
            ],
            [
              114.1337225,
              22.5004674
            ],
            [
              114.1338905,
              22.500599
            ],
            [
              114.1337123,
              22.5007931
            ],
            [
              114.133585,
              22.5009319
            ]
          ]
        ]
      },
      "id": "way/765696334"
    },
    {
      "type": "Feature",
      "properties": {
        "@id": "way/767830020",
        "building": "yes",
        "name": "大帽山雷達站變電站 Tai Mo Shan Radar Substation",
        "name:en": "Tai Mo Shan Radar Substation",
        "name:zh": "大帽山雷達站變電站",
        "name:zh-Hans": "大帽山雷达站变电站",
        "name:zh-Hant": "大帽山雷達站變電站",
        "power": "substation"
      },
      "geometry": {
        "type": "Polygon",
        "coordinates": [
          [
            [
              114.1246432,
              22.4097461
            ],
            [
              114.1247768,
              22.4097185
            ],
            [
              114.1247885,
              22.4097671
            ],
            [
              114.124655,
              22.4097946
            ],
            [
              114.1246503,
              22.4097752
            ],
            [
              114.1246432,
              22.4097461
            ]
          ]
        ]
      },
      "id": "way/767830020"
    },
    {
      "type": "Feature",
      "properties": {
        "@id": "way/770241563",
        "building": "yes",
        "power": "substation"
      },
      "geometry": {
        "type": "Polygon",
        "coordinates": [
          [
            [
              114.1124964,
              22.4237456
            ],
            [
              114.1125251,
              22.4236699
            ],
            [
              114.1125842,
              22.4236891
            ],
            [
              114.1125555,
              22.4237648
            ],
            [
              114.1124964,
              22.4237456
            ]
          ]
        ]
      },
      "id": "way/770241563"
    },
    {
      "type": "Feature",
      "properties": {
        "@id": "way/770830228",
        "building": "yes",
        "power": "substation",
        "substation": "substation"
      },
      "geometry": {
        "type": "Polygon",
        "coordinates": [
          [
            [
              114.1607885,
              22.3346395
            ],
            [
              114.1608428,
              22.3345976
            ],
            [
              114.1608716,
              22.3346294
            ],
            [
              114.1608302,
              22.3346618
            ],
            [
              114.1608206,
              22.3346522
            ],
            [
              114.1608086,
              22.3346616
            ],
            [
              114.1607885,
              22.3346395
            ]
          ]
        ]
      },
      "id": "way/770830228"
    },
    {
      "type": "Feature",
      "properties": {
        "@id": "way/773024249",
        "building": "yes",
        "name": "彩虹防噪音變電站 Choi Hung Noise Enclosure Substation",
        "name:en": "Choi Hung Noise Enclosure Substation",
        "name:zh": "彩虹防噪音變電站",
        "operator": "中華電力有限公司 CLP Power Hong Kong Limited",
        "operator:en": "CLP Power Hong Kong Limited",
        "operator:short": "中華電力 CLP",
        "operator:short:en": "CLP",
        "operator:short:zh": "中華電力",
        "operator:short:zh-Hans": "中华电力",
        "operator:short:zh-Hant": "中華電力",
        "operator:wikidata": "Q977959",
        "operator:zh": "中華電力有限公司",
        "operator:zh-Hans": "中华电力有限公司",
        "operator:zh-Hant": "中華電力有限公司",
        "power": "substation"
      },
      "geometry": {
        "type": "Polygon",
        "coordinates": [
          [
            [
              114.2040225,
              22.3354562
            ],
            [
              114.2041028,
              22.3354324
            ],
            [
              114.204122,
              22.3354874
            ],
            [
              114.2040416,
              22.3355113
            ],
            [
              114.2040225,
              22.3354562
            ]
          ]
        ]
      },
      "id": "way/773024249"
    },
    {
      "type": "Feature",
      "properties": {
        "@id": "way/773093072",
        "building": "yes",
        "power": "substation"
      },
      "geometry": {
        "type": "Polygon",
        "coordinates": [
          [
            [
              114.1368256,
              22.288579
            ],
            [
              114.1365888,
              22.2885252
            ],
            [
              114.1366078,
              22.2884538
            ],
            [
              114.1368446,
              22.2885077
            ],
            [
              114.1368256,
              22.288579
            ]
          ]
        ]
      },
      "id": "way/773093072"
    },
    {
      "type": "Feature",
      "properties": {
        "@id": "way/773093075",
        "building": "service",
        "power": "substation",
        "service": "power",
        "services": "site",
        "substation": "minor_distribution",
        "usage": "auxiliary"
      },
      "geometry": {
        "type": "Polygon",
        "coordinates": [
          [
            [
              114.1385359,
              22.289015
            ],
            [
              114.1384608,
              22.2889951
            ],
            [
              114.1384711,
              22.2889562
            ],
            [
              114.1386859,
              22.2890094
            ],
            [
              114.1387716,
              22.2890371
            ],
            [
              114.1387531,
              22.2890969
            ],
            [
              114.1385278,
              22.2890398
            ],
            [
              114.1385359,
              22.289015
            ]
          ]
        ]
      },
      "id": "way/773093075"
    },
    {
      "type": "Feature",
      "properties": {
        "@id": "way/776148834",
        "building": "yes",
        "power": "substation"
      },
      "geometry": {
        "type": "Polygon",
        "coordinates": [
          [
            [
              114.2603166,
              22.3098472
            ],
            [
              114.260267,
              22.3098318
            ],
            [
              114.2603002,
              22.3097405
            ],
            [
              114.2602764,
              22.3097331
            ],
            [
              114.2602945,
              22.3096833
            ],
            [
              114.2603205,
              22.3096914
            ],
            [
              114.2603303,
              22.3096644
            ],
            [
              114.2603778,
              22.3096793
            ],
            [
              114.2603166,
              22.3098472
            ]
          ]
        ]
      },
      "id": "way/776148834"
    },
    {
      "type": "Feature",
      "properties": {
        "@id": "way/777087875",
        "building": "yes",
        "name": "筲箕灣分區電力站 Shaukeiwan Zone Substation",
        "name:en": "Shaukeiwan Zone Substation",
        "name:zh": "筲箕灣分區電力站",
        "name:zh-Hans": "筲箕湾分区电力站",
        "name:zh-Hant": "筲箕灣分區電力站",
        "operator": "香港電燈有限公司 The Hongkong Electric Company, Limited",
        "operator:en": "The Hongkong Electric Company, Limited",
        "operator:short": "港燈 HK Electric",
        "operator:short:en": "HK Electric",
        "operator:short:zh": "港燈",
        "operator:short:zh-Hans": "港灯",
        "operator:short:zh-Hant": "港燈",
        "operator:wikidata": "Q709104",
        "operator:zh": "香港電燈有限公司",
        "operator:zh-Hans": "香港电灯有限公司",
        "operator:zh-Hant": "香港電燈有限公司",
        "power": "substation"
      },
      "geometry": {
        "type": "Polygon",
        "coordinates": [
          [
            [
              114.2254766,
              22.2785689
            ],
            [
              114.2256166,
              22.2783409
            ],
            [
              114.226031,
              22.2785586
            ],
            [
              114.2258911,
              22.2787867
            ],
            [
              114.2256268,
              22.2786478
            ],
            [
              114.2254766,
              22.2785689
            ]
          ]
        ]
      },
      "id": "way/777087875"
    },
    {
      "type": "Feature",
      "properties": {
        "@id": "way/777217382",
        "power": "substation"
      },
      "geometry": {
        "type": "Polygon",
        "coordinates": [
          [
            [
              114.0892797,
              22.5048912
            ],
            [
              114.0892344,
              22.5048172
            ],
            [
              114.0892774,
              22.5047948
            ],
            [
              114.0893226,
              22.5048688
            ],
            [
              114.0892797,
              22.5048912
            ]
          ]
        ]
      },
      "id": "way/777217382"
    },
    {
      "type": "Feature",
      "properties": {
        "@id": "way/777218096",
        "building": "yes",
        "name": "祥利街變電站 Cheung Lee Street Substation",
        "name:en": "Cheung Lee Street Substation",
        "name:zh": "祥利街變電站",
        "operator": "香港電燈有限公司 The Hongkong Electric Company, Limited",
        "operator:en": "The Hongkong Electric Company, Limited",
        "operator:short": "港燈 HK Electric",
        "operator:short:en": "HK Electric",
        "operator:short:zh": "港燈",
        "operator:short:zh-Hans": "港灯",
        "operator:short:zh-Hant": "港燈",
        "operator:wikidata": "Q709104",
        "operator:zh": "香港電燈有限公司",
        "operator:zh-Hans": "香港电灯有限公司",
        "operator:zh-Hant": "香港電燈有限公司",
        "power": "substation"
      },
      "geometry": {
        "type": "Polygon",
        "coordinates": [
          [
            [
              114.235487,
              22.2657919
            ],
            [
              114.2353644,
              22.2659321
            ],
            [
              114.2351841,
              22.2657971
            ],
            [
              114.2353068,
              22.2656569
            ],
            [
              114.235487,
              22.2657919
            ]
          ]
        ]
      },
      "id": "way/777218096"
    },
    {
      "type": "Feature",
      "properties": {
        "@id": "way/777658282",
        "addr:city": "大角咀 Tai Kok Tsui",
        "addr:housenumber": "69",
        "addr:street": "通州街 Tung Chau Street",
        "building": "yes",
        "name": "通州街變電站 Tung Chau Street Substation",
        "name:en": "Tung Chau Street Substation",
        "name:zh": "通州街變電站",
        "power": "substation"
      },
      "geometry": {
        "type": "Polygon",
        "coordinates": [
          [
            [
              114.1639191,
              22.3232952
            ],
            [
              114.163988,
              22.3232418
            ],
            [
              114.1640899,
              22.3233545
            ],
            [
              114.1640974,
              22.3233629
            ],
            [
              114.1640285,
              22.3234162
            ],
            [
              114.1639191,
              22.3232952
            ]
          ]
        ]
      },
      "id": "way/777658282"
    },
    {
      "type": "Feature",
      "properties": {
        "@id": "way/777987018",
        "addr:housename": "古洞變電站 Dill's Corner Substation",
        "addr:housename:en": "Dill's Corner Substation",
        "addr:housename:zh": "古洞變電站",
        "name": "古洞變電站 Dill's Corner Substation",
        "name:en": "Dill's Corner Substation",
        "name:zh": "古洞變電站",
        "note:utility": "electricity",
        "power": "substation",
        "substation": "distribution",
        "utility": "power"
      },
      "geometry": {
        "type": "Polygon",
        "coordinates": [
          [
            [
              114.0998101,
              22.5040402
            ],
            [
              114.0997953,
              22.5038277
            ],
            [
              114.1000109,
              22.5038101
            ],
            [
              114.1000257,
              22.5040262
            ],
            [
              114.0998101,
              22.5040402
            ]
          ]
        ]
      },
      "id": "way/777987018"
    },
    {
      "type": "Feature",
      "properties": {
        "@id": "way/778898396",
        "addr:housenumber": "5",
        "addr:street": "Lung Ma Road",
        "area": "yes",
        "name": "皇后山變電站 Queen's Hill Substation",
        "name:en": "Queen's Hill Substation",
        "name:zh": "皇后山變電站",
        "operator": "CLP",
        "operator:wikidata": "Q977959",
        "operator:wikipedia": "zh:中華電力",
        "power": "substation"
      },
      "geometry": {
        "type": "Polygon",
        "coordinates": [
          [
            [
              114.1544172,
              22.5058473
            ],
            [
              114.1545277,
              22.5058474
            ],
            [
              114.1546528,
              22.5058039
            ],
            [
              114.1546991,
              22.5057878
            ],
            [
              114.1547493,
              22.505786
            ],
            [
              114.1548648,
              22.5058364
            ],
            [
              114.1548683,
              22.50588
            ],
            [
              114.1548588,
              22.5059192
            ],
            [
              114.1548522,
              22.5059422
            ],
            [
              114.1547935,
              22.5060529
            ],
            [
              114.1547954,
              22.5060844
            ],
            [
              114.1548306,
              22.5061477
            ],
            [
              114.1546083,
              22.5062156
            ],
            [
              114.1545935,
              22.5061837
            ],
            [
              114.1545647,
              22.5061924
            ],
            [
              114.1545599,
              22.5062005
            ],
            [
              114.1545502,
              22.5062066
            ],
            [
              114.154532,
              22.5062047
            ],
            [
              114.1545228,
              22.5061993
            ],
            [
              114.1545153,
              22.50619
            ],
            [
              114.1545149,
              22.5061782
            ],
            [
              114.154513,
              22.5061435
            ],
            [
              114.1545073,
              22.5061193
            ],
            [
              114.1545061,
              22.5060706
            ],
            [
              114.1544995,
              22.5060336
            ],
            [
              114.1544858,
              22.505982
            ],
            [
              114.1544701,
              22.5059502
            ],
            [
              114.1544504,
              22.5059001
            ],
            [
              114.1544172,
              22.5058473
            ]
          ]
        ]
      },
      "id": "way/778898396"
    },
    {
      "type": "Feature",
      "properties": {
        "@id": "way/779910651",
        "building": "service",
        "building:levels": "1",
        "name": "塘福開關掣變電站 Tong Fuk Switching Substation",
        "name:en": "Tong Fuk Switching Substation",
        "name:zh": "塘福開關掣變電站",
        "operator": "CLP",
        "power": "substation"
      },
      "geometry": {
        "type": "Polygon",
        "coordinates": [
          [
            [
              113.931292,
              22.2275331
            ],
            [
              113.9312265,
              22.227495
            ],
            [
              113.9312567,
              22.2274505
            ],
            [
              113.9313223,
              22.2274886
            ],
            [
              113.931292,
              22.2275331
            ]
          ]
        ]
      },
      "id": "way/779910651"
    },
    {
      "type": "Feature",
      "properties": {
        "@id": "way/781780663",
        "power": "substation"
      },
      "geometry": {
        "type": "Polygon",
        "coordinates": [
          [
            [
              114.2362599,
              22.4757959
            ],
            [
              114.2362455,
              22.4757453
            ],
            [
              114.2363002,
              22.475732
            ],
            [
              114.2363146,
              22.4757825
            ],
            [
              114.2362599,
              22.4757959
            ]
          ]
        ]
      },
      "id": "way/781780663"
    },
    {
      "type": "Feature",
      "properties": {
        "@id": "way/783257680",
        "addr:housenumber": "300",
        "addr:street": "Tai Nan Street",
        "building": "yes",
        "name": "大南街變電站 Tai Nan Street Substation",
        "name:en": "Tai Nan Street Substation",
        "name:zh": "大南街變電站",
        "power": "substation",
        "substation": "substation"
      },
      "geometry": {
        "type": "Polygon",
        "coordinates": [
          [
            [
              114.1608795,
              22.32915
            ],
            [
              114.1609695,
              22.3290798
            ],
            [
              114.1610294,
              22.3291453
            ],
            [
              114.1609864,
              22.3291786
            ],
            [
              114.1610042,
              22.3291976
            ],
            [
              114.1609578,
              22.3292341
            ],
            [
              114.1608795,
              22.32915
            ]
          ]
        ]
      },
      "id": "way/783257680"
    },
    {
      "type": "Feature",
      "properties": {
        "@id": "way/783545855",
        "building": "yes",
        "name": "寶血會嘉靈小學變電站 Ka Ling Sch T.P.B. Substation",
        "name:en": "Ka Ling Sch T.P.B. Substation",
        "name:zh": "寶血會嘉靈小學變電站",
        "power": "substation",
        "substation": "substation"
      },
      "geometry": {
        "type": "Polygon",
        "coordinates": [
          [
            [
              114.157239,
              22.3296533
            ],
            [
              114.1572748,
              22.3296924
            ],
            [
              114.1571926,
              22.3297556
            ],
            [
              114.1571572,
              22.3297174
            ],
            [
              114.157239,
              22.3296533
            ]
          ]
        ]
      },
      "id": "way/783545855"
    },
    {
      "type": "Feature",
      "properties": {
        "@id": "way/784234750",
        "name": "畫眉山村變電站 Wa Mei Shan Village Substation",
        "operator": "CLP",
        "power": "substation"
      },
      "geometry": {
        "type": "Polygon",
        "coordinates": [
          [
            [
              114.1412878,
              22.4811915
            ],
            [
              114.1412439,
              22.4811595
            ],
            [
              114.1412978,
              22.4810964
            ],
            [
              114.1413417,
              22.4811284
            ],
            [
              114.1412878,
              22.4811915
            ]
          ]
        ]
      },
      "id": "way/784234750"
    },
    {
      "type": "Feature",
      "properties": {
        "@id": "way/786897518",
        "power": "substation"
      },
      "geometry": {
        "type": "Polygon",
        "coordinates": [
          [
            [
              114.140372,
              22.4949863
            ],
            [
              114.1403728,
              22.4949511
            ],
            [
              114.1403848,
              22.4949507
            ],
            [
              114.1403848,
              22.4949859
            ],
            [
              114.140372,
              22.4949863
            ]
          ]
        ]
      },
      "id": "way/786897518"
    },
    {
      "type": "Feature",
      "properties": {
        "@id": "way/787051841",
        "building": "yes",
        "power": "substation"
      },
      "geometry": {
        "type": "Polygon",
        "coordinates": [
          [
            [
              114.1441066,
              22.4889338
            ],
            [
              114.1441009,
              22.4889158
            ],
            [
              114.1441624,
              22.4889038
            ],
            [
              114.1441667,
              22.488921
            ],
            [
              114.1441066,
              22.4889338
            ]
          ]
        ]
      },
      "id": "way/787051841"
    },
    {
      "type": "Feature",
      "properties": {
        "@id": "way/787051854",
        "building": "yes",
        "power": "substation"
      },
      "geometry": {
        "type": "Polygon",
        "coordinates": [
          [
            [
              114.1461231,
              22.488584
            ],
            [
              114.1461195,
              22.4885643
            ],
            [
              114.1461963,
              22.4885523
            ],
            [
              114.1461999,
              22.4885719
            ],
            [
              114.1461231,
              22.488584
            ]
          ]
        ]
      },
      "id": "way/787051854"
    },
    {
      "type": "Feature",
      "properties": {
        "@id": "way/787544777",
        "building": "yes",
        "power": "substation",
        "substation": "新沙嶺石屎廠變電站_new_sha_ling_concrete_substation"
      },
      "geometry": {
        "type": "Polygon",
        "coordinates": [
          [
            [
              114.1252345,
              22.5292279
            ],
            [
              114.1252664,
              22.5291587
            ],
            [
              114.1253348,
              22.5291857
            ],
            [
              114.1253029,
              22.5292548
            ],
            [
              114.1252345,
              22.5292279
            ]
          ]
        ]
      },
      "id": "way/787544777"
    },
    {
      "type": "Feature",
      "properties": {
        "@id": "way/788897331",
        "building": "service",
        "name": "歌連臣角火葬場北變電站 Cape Collinson Crematorium B Substation",
        "name:en": "Cape Collinson Crematorium N Substation",
        "name:zh": "歌連臣角火葬場北變電站",
        "operation": "government",
        "operator": "香港電燈有限公司 Hongkong Electric Company, Limited",
        "operator:en": "Hongkong Electric Company, Limited",
        "operator:ownership": "private",
        "operator:wikidata": "Q709104",
        "operator:zh": "香港電燈有限公司",
        "ownership": "government",
        "power": "substation",
        "service": "power",
        "substation": "minor_distribution"
      },
      "geometry": {
        "type": "Polygon",
        "coordinates": [
          [
            [
              114.2304779,
              22.2580038
            ],
            [
              114.2305292,
              22.2579528
            ],
            [
              114.2305721,
              22.2579897
            ],
            [
              114.2305207,
              22.2580407
            ],
            [
              114.2304779,
              22.2580038
            ]
          ]
        ]
      },
      "id": "way/788897331"
    },
    {
      "type": "Feature",
      "properties": {
        "@id": "way/789123899",
        "addr:housename": "荃灣南變電站 Tsuen Wan South Substation",
        "addr:housename:en": "Tsuen Wan South Substation",
        "addr:housename:zh": "荃灣南變電站",
        "building": "yes",
        "power": "substation",
        "service": "power",
        "substation": "distribution",
        "utility": "power"
      },
      "geometry": {
        "type": "Polygon",
        "coordinates": [
          [
            [
              114.1163897,
              22.3632201
            ],
            [
              114.1164148,
              22.3632505
            ],
            [
              114.116374,
              22.3632804
            ],
            [
              114.116348,
              22.363251
            ],
            [
              114.11633,
              22.3632633
            ],
            [
              114.116294,
              22.3632214
            ],
            [
              114.1165225,
              22.363051
            ],
            [
              114.1165593,
              22.3630942
            ],
            [
              114.1163897,
              22.3632201
            ]
          ]
        ]
      },
      "id": "way/789123899"
    },
    {
      "type": "Feature",
      "properties": {
        "@id": "way/794704432",
        "building:levels": "1",
        "name": "聖公會基顯學校變電站 SKH Kei Hin Primary School Main Substation",
        "name:en": "SKH Kei Hin Primary School Main Substation",
        "name:zh": "聖公會基顯學校變電站",
        "operator": "中華電力有限公司 CLP Power Hong Kong Limited",
        "operator:en": "CLP Power Hong Kong Limited",
        "operator:short": "中華電力 CLP",
        "operator:short:en": "CLP",
        "operator:short:zh": "中華電力",
        "operator:short:zh-Hans": "中华电力",
        "operator:short:zh-Hant": "中華電力",
        "operator:wikidata": "Q977959",
        "operator:zh": "中華電力有限公司",
        "operator:zh-Hans": "中华电力有限公司",
        "operator:zh-Hant": "中華電力有限公司",
        "power": "substation"
      },
      "geometry": {
        "type": "Polygon",
        "coordinates": [
          [
            [
              114.2169731,
              22.3177278
            ],
            [
              114.2169293,
              22.317682
            ],
            [
              114.2170211,
              22.3176068
            ],
            [
              114.217065,
              22.3176526
            ],
            [
              114.2169731,
              22.3177278
            ]
          ]
        ]
      },
      "id": "way/794704432"
    },
    {
      "type": "Feature",
      "properties": {
        "@id": "way/798334239",
        "building": "service",
        "power": "substation",
        "service": "power",
        "substation": "minor_distribution"
      },
      "geometry": {
        "type": "Polygon",
        "coordinates": [
          [
            [
              114.2243229,
              22.5454094
            ],
            [
              114.224308,
              22.5454005
            ],
            [
              114.2243424,
              22.5453513
            ],
            [
              114.2243568,
              22.5453599
            ],
            [
              114.2243394,
              22.5453851
            ],
            [
              114.2243229,
              22.5454094
            ]
          ]
        ]
      },
      "id": "way/798334239"
    },
    {
      "type": "Feature",
      "properties": {
        "@id": "way/799037422",
        "building": "yes",
        "power": "substation",
        "substation": "transmission"
      },
      "geometry": {
        "type": "Polygon",
        "coordinates": [
          [
            [
              114.2240462,
              22.5456416
            ],
            [
              114.2240452,
              22.5456501
            ],
            [
              114.224002,
              22.5456434
            ],
            [
              114.2240134,
              22.5455781
            ],
            [
              114.2240562,
              22.5455836
            ],
            [
              114.2240462,
              22.5456416
            ]
          ]
        ]
      },
      "id": "way/799037422"
    },
    {
      "type": "Feature",
      "properties": {
        "@id": "way/800759748",
        "building": "yes",
        "power": "substation"
      },
      "geometry": {
        "type": "Polygon",
        "coordinates": [
          [
            [
              114.1310098,
              22.5074563
            ],
            [
              114.1311023,
              22.5074131
            ],
            [
              114.1311194,
              22.5074448
            ],
            [
              114.1311284,
              22.5074613
            ],
            [
              114.1310392,
              22.5075134
            ],
            [
              114.1310098,
              22.5074563
            ]
          ]
        ]
      },
      "id": "way/800759748"
    },
    {
      "type": "Feature",
      "properties": {
        "@id": "way/800895652",
        "building": "yes",
        "power": "substation"
      },
      "geometry": {
        "type": "Polygon",
        "coordinates": [
          [
            [
              114.1336585,
              22.5008371
            ],
            [
              114.1336084,
              22.5007967
            ],
            [
              114.1336197,
              22.5007848
            ],
            [
              114.1335752,
              22.5007489
            ],
            [
              114.1336121,
              22.5007099
            ],
            [
              114.1336532,
              22.5007431
            ],
            [
              114.1338263,
              22.5005602
            ],
            [
              114.1338797,
              22.5006034
            ],
            [
              114.1336585,
              22.5008371
            ]
          ]
        ]
      },
      "id": "way/800895652"
    },
    {
      "type": "Feature",
      "properties": {
        "@id": "way/801531235",
        "building": "yes",
        "power": "substation"
      },
      "geometry": {
        "type": "Polygon",
        "coordinates": [
          [
            [
              114.1545091,
              22.5059664
            ],
            [
              114.1544959,
              22.505929
            ],
            [
              114.1544715,
              22.5059364
            ],
            [
              114.1544502,
              22.5058759
            ],
            [
              114.1546602,
              22.5058127
            ],
            [
              114.1546976,
              22.5058014
            ],
            [
              114.1547048,
              22.5058218
            ],
            [
              114.1547357,
              22.5058125
            ],
            [
              114.1547507,
              22.505855
            ],
            [
              114.154722,
              22.5058636
            ],
            [
              114.1547344,
              22.5058986
            ],
            [
              114.1545091,
              22.5059664
            ]
          ]
        ]
      },
      "id": "way/801531235"
    },
    {
      "type": "Feature",
      "properties": {
        "@id": "way/809940908",
        "name": "大頭嶺變電站 Tai Tau Leng Substation",
        "name:en": "Tai Tau Leng Substation",
        "name:zh": "大頭嶺變電站",
        "power": "substation",
        "substation": "yes"
      },
      "geometry": {
        "type": "Polygon",
        "coordinates": [
          [
            [
              114.1233768,
              22.5019973
            ],
            [
              114.1233233,
              22.5019893
            ],
            [
              114.1233367,
              22.501913
            ],
            [
              114.1233903,
              22.5019211
            ],
            [
              114.1233768,
              22.5019973
            ]
          ]
        ]
      },
      "id": "way/809940908"
    },
    {
      "type": "Feature",
      "properties": {
        "@id": "way/815421154",
        "building": "yes",
        "name": "竹園街市中央空調變電站 Chuk Yuen Market Central A/C Substation",
        "power": "substation"
      },
      "geometry": {
        "type": "Polygon",
        "coordinates": [
          [
            [
              114.1937464,
              22.3445836
            ],
            [
              114.1937456,
              22.3444838
            ],
            [
              114.1938426,
              22.3444831
            ],
            [
              114.1938434,
              22.3445829
            ],
            [
              114.1937464,
              22.3445836
            ]
          ]
        ]
      },
      "id": "way/815421154"
    },
    {
      "type": "Feature",
      "properties": {
        "@id": "way/815851243",
        "building": "service",
        "name": "土瓜灣街市變電站 To Kwa Wan Market Substation",
        "power": "substation"
      },
      "geometry": {
        "type": "Polygon",
        "coordinates": [
          [
            [
              114.1879057,
              22.3177095
            ],
            [
              114.1877991,
              22.317684
            ],
            [
              114.1878004,
              22.3176605
            ],
            [
              114.1879325,
              22.3176015
            ],
            [
              114.1879681,
              22.3176146
            ],
            [
              114.1879841,
              22.3176468
            ],
            [
              114.1879057,
              22.3177095
            ]
          ]
        ]
      },
      "id": "way/815851243"
    },
    {
      "type": "Feature",
      "properties": {
        "@id": "way/819363360",
        "landuse": "railway",
        "loc_name:zh": "西鐵荃灣火牛房D",
        "name": "西鐵荃灣站變壓器室D West Rail Tuen Wan Station Transformer Room D",
        "name:en": "West Rail Tuen Wan Station Transformer Room D",
        "name:zh": "西鐵荃灣站變壓器室D",
        "power": "substation",
        "short_name:en": "West Rail TW STN TX RM D",
        "substation": "minor_distribution"
      },
      "geometry": {
        "type": "Polygon",
        "coordinates": [
          [
            [
              114.1085238,
              22.3695374
            ],
            [
              114.1084814,
              22.3694987
            ],
            [
              114.1084653,
              22.3695132
            ],
            [
              114.1083716,
              22.3694276
            ],
            [
              114.1084574,
              22.3693495
            ],
            [
              114.1084616,
              22.3693457
            ],
            [
              114.1084792,
              22.3693628
            ],
            [
              114.1085012,
              22.3693446
            ],
            [
              114.1085265,
              22.3693671
            ],
            [
              114.1085341,
              22.3693739
            ],
            [
              114.1086153,
              22.3692995
            ],
            [
              114.1087092,
              22.3693871
            ],
            [
              114.108568,
              22.3695164
            ],
            [
              114.1085577,
              22.3695068
            ],
            [
              114.1085487,
              22.3695149
            ],
            [
              114.1085403,
              22.3695225
            ],
            [
              114.1085238,
              22.3695374
            ]
          ]
        ]
      },
      "id": "way/819363360"
    },
    {
      "type": "Feature",
      "properties": {
        "@id": "way/820229311",
        "addr:housename": "荔枝角聯合變電站 Lai Chi Kok Junction Substation",
        "addr:housename:en": "Lai Chi Kok Junction Substation",
        "addr:housename:zh": "荔枝角聯合變電站",
        "name": "荔枝角聯合變電站 Lai Chi Kok Junction Substation",
        "name:en": "Lai Chi Kok Junction Substation",
        "name:zh": "荔枝角聯合變電站",
        "power": "substation",
        "substation": "distribution",
        "utility": "power"
      },
      "geometry": {
        "type": "Polygon",
        "coordinates": [
          [
            [
              114.1430535,
              22.3361169
            ],
            [
              114.143049,
              22.3360966
            ],
            [
              114.1430469,
              22.3360861
            ],
            [
              114.1430411,
              22.3360503
            ],
            [
              114.143036,
              22.3360187
            ],
            [
              114.1431208,
              22.3360059
            ],
            [
              114.143138,
              22.3360025
            ],
            [
              114.1431571,
              22.3359987
            ],
            [
              114.1431732,
              22.3360973
            ],
            [
              114.1430535,
              22.3361169
            ]
          ]
        ]
      },
      "id": "way/820229311"
    },
    {
      "type": "Feature",
      "properties": {
        "@id": "way/820877902",
        "name": "發業里變電站 Fat Yip Lane Substation",
        "name:en": "Fat Yip Lane Substation",
        "name:zh": "發業里變電站",
        "power": "substation"
      },
      "geometry": {
        "type": "Polygon",
        "coordinates": [
          [
            [
              114.1010125,
              22.3707315
            ],
            [
              114.1010871,
              22.3706455
            ],
            [
              114.10133,
              22.3708259
            ],
            [
              114.1012554,
              22.3709118
            ],
            [
              114.1010125,
              22.3707315
            ]
          ]
        ]
      },
      "id": "way/820877902"
    },
    {
      "type": "Feature",
      "properties": {
        "@id": "way/825443903",
        "addr:housenumber": "57",
        "addr:street": "Un Chau Street",
        "building": "yes",
        "name": "元州街變電站 Un Chau Street Substation",
        "name:en": "Un Chau Street Substation",
        "name:zh": "元州街變電站",
        "power": "substation",
        "substation": "substation"
      },
      "geometry": {
        "type": "Polygon",
        "coordinates": [
          [
            [
              114.1635112,
              22.332022
            ],
            [
              114.1634807,
              22.3319881
            ],
            [
              114.1633788,
              22.3318746
            ],
            [
              114.1634223,
              22.3318406
            ],
            [
              114.1635536,
              22.3319858
            ],
            [
              114.1635568,
              22.3319895
            ],
            [
              114.1635112,
              22.332022
            ]
          ]
        ]
      },
      "id": "way/825443903"
    },
    {
      "type": "Feature",
      "properties": {
        "@id": "way/826314570",
        "building": "yes",
        "power": "substation",
        "substation": "minor_distribution"
      },
      "geometry": {
        "type": "Polygon",
        "coordinates": [
          [
            [
              114.1880853,
              22.3421587
            ],
            [
              114.1880837,
              22.3420864
            ],
            [
              114.188141,
              22.3420854
            ],
            [
              114.1881426,
              22.3421577
            ],
            [
              114.1880853,
              22.3421587
            ]
          ]
        ]
      },
      "id": "way/826314570"
    },
    {
      "type": "Feature",
      "properties": {
        "@id": "way/831257195",
        "building": "yes",
        "name": "長沙灣海水泵房變電站 Cheung Sha Wan Saltwater Pumping Station Substation",
        "name:en": "Cheung Sha Wan Saltwater Pumping Station Substation",
        "name:zh": "長沙灣海水泵房變電站",
        "power": "substation"
      },
      "geometry": {
        "type": "Polygon",
        "coordinates": [
          [
            [
              114.1552599,
              22.3214657
            ],
            [
              114.1553224,
              22.321496
            ],
            [
              114.1552958,
              22.3215429
            ],
            [
              114.1552333,
              22.3215125
            ],
            [
              114.1552599,
              22.3214657
            ]
          ]
        ]
      },
      "id": "way/831257195"
    },
    {
      "type": "Feature",
      "properties": {
        "@id": "way/833658603",
        "addr:housename": "錦田變電站 Kam Tin Substation",
        "addr:housename:en": "Kam Tin Substation",
        "addr:housename:zh": "錦田變電站",
        "addr:plot": "丈量約份第106約地段第2289號 Demarcation District 106 Lot 2289",
        "addr:plot:en": "Demarcation District 106 Lot 2289",
        "addr:plot:ref": "DD106 2289",
        "addr:plot:zh": "丈量約份第106約地段第2289號",
        "addr:suburb": "錦田 Kam Tin",
        "addr:suburb:en": "Kam Tin",
        "addr:suburb:zh": "錦田",
        "barbed_tape": "yes",
        "barrier": "wall",
        "landuse": "industrial",
        "name": "錦田變電站 Kam Tin Substation",
        "name:en": "Kam Tin Substation",
        "name:zh": "錦田變電站",
        "operator": "中華電力有限公司 CLP Power Hong Kong Limited",
        "operator:en": "CLP Power Hong Kong Limited",
        "operator:ownership": "private",
        "operator:wikidata": "Q977959",
        "operator:zh": "中華電力有限公司",
        "owner": "中華電力有限公司 CLP Power Hong Kong Limited",
        "owner:en": "CLP Power Hong Kong Limited",
        "owner:wikidata": "Q977959",
        "owner:zh": "中華電力有限公司",
        "ownership": "private",
        "place": "plot",
        "plot:name": "丈量約份第106約地段第2289號 Demarcation District 106 Lot 2289",
        "plot:name:en": "Demarcation District 106 Lot 2289",
        "plot:name:zh": "丈量約份第106約地段第2289號",
        "plot:ref": "DD106 2289",
        "power": "substation",
        "substation": "distribution",
        "utility": "power",
        "wall:height": "2"
      },
      "geometry": {
        "type": "Polygon",
        "coordinates": [
          [
            [
              114.0641486,
              22.4327366
            ],
            [
              114.0642526,
              22.4326958
            ],
            [
              114.0644122,
              22.4326362
            ],
            [
              114.0645888,
              22.4327443
            ],
            [
              114.0643446,
              22.4330852
            ],
            [
              114.0640347,
              22.4328956
            ],
            [
              114.0641486,
              22.4327366
            ]
          ]
        ]
      },
      "id": "way/833658603"
    },
    {
      "type": "Feature",
      "properties": {
        "@id": "way/834855339",
        "building": "yes",
        "operator": "中華電力有限公司 CLP Power Hong Kong Limited",
        "operator:en": "CLP Power Hong Kong Limited",
        "operator:short": "中華電力 CLP",
        "operator:short:en": "CLP",
        "operator:short:zh": "中華電力",
        "operator:short:zh-Hans": "中华电力",
        "operator:short:zh-Hant": "中華電力",
        "operator:wikidata": "Q977959",
        "operator:wikipedia": "zh:中華電力",
        "operator:zh": "中華電力有限公司",
        "operator:zh-Hans": "中华电力有限公司",
        "operator:zh-Hant": "中華電力有限公司",
        "power": "substation",
        "substation": "substation"
      },
      "geometry": {
        "type": "Polygon",
        "coordinates": [
          [
            [
              114.1231623,
              22.3715294
            ],
            [
              114.1232537,
              22.3715752
            ],
            [
              114.1232333,
              22.3716855
            ],
            [
              114.1231889,
              22.3716817
            ],
            [
              114.1230944,
              22.3716213
            ],
            [
              114.1231103,
              22.3716005
            ],
            [
              114.1231623,
              22.3715294
            ]
          ]
        ]
      },
      "id": "way/834855339"
    },
    {
      "type": "Feature",
      "properties": {
        "@id": "way/836975617",
        "building": "yes",
        "name": "林炳炎紀念學校變電站 Lam Bing Yim Memorial School Substation",
        "name:en": "Lam Bing Yim Memorial School Substation",
        "name:zh": "林炳炎紀念學校變電站",
        "name:zh-Hans": "林炳炎纪念学校变电站",
        "name:zh-Hant": "林炳炎紀念學校變電站",
        "power": "substation",
        "substation": "substation"
      },
      "geometry": {
        "type": "Polygon",
        "coordinates": [
          [
            [
              114.1234755,
              22.369455
            ],
            [
              114.1235323,
              22.3694229
            ],
            [
              114.1235966,
              22.3695203
            ],
            [
              114.1235515,
              22.3695465
            ],
            [
              114.1235314,
              22.369517
            ],
            [
              114.1235206,
              22.3695236
            ],
            [
              114.1234755,
              22.369455
            ]
          ]
        ]
      },
      "id": "way/836975617"
    },
    {
      "type": "Feature",
      "properties": {
        "@id": "way/837385230",
        "building": "yes",
        "name": "德泰大廈變電站 Tak Tai Building Substation",
        "name:en": "Tak Tai Building Substation",
        "name:zh": "德泰大廈變電站",
        "name:zh-Hans": "德泰大厦变电站",
        "name:zh-Hant": "德泰大廈變電站",
        "power": "substation",
        "substation": "substation"
      },
      "geometry": {
        "type": "Polygon",
        "coordinates": [
          [
            [
              114.1229381,
              22.3689603
            ],
            [
              114.1230024,
              22.3689234
            ],
            [
              114.1230238,
              22.3689553
            ],
            [
              114.1229595,
              22.3689922
            ],
            [
              114.1229381,
              22.3689603
            ]
          ]
        ]
      },
      "id": "way/837385230"
    },
    {
      "type": "Feature",
      "properties": {
        "@id": "way/840763230",
        "building": "yes",
        "power": "substation"
      },
      "geometry": {
        "type": "Polygon",
        "coordinates": [
          [
            [
              114.1388701,
              22.4880508
            ],
            [
              114.1388434,
              22.4880377
            ],
            [
              114.1388502,
              22.4880266
            ],
            [
              114.1388733,
              22.4879891
            ],
            [
              114.1389008,
              22.4880019
            ],
            [
              114.1388701,
              22.4880508
            ]
          ]
        ]
      },
      "id": "way/840763230"
    },
    {
      "type": "Feature",
      "properties": {
        "@id": "way/840876770",
        "building": "yes",
        "power": "substation"
      },
      "geometry": {
        "type": "Polygon",
        "coordinates": [
          [
            [
              114.1357655,
              22.4989961
            ],
            [
              114.1357476,
              22.4989395
            ],
            [
              114.1357998,
              22.4989254
            ],
            [
              114.1358177,
              22.4989821
            ],
            [
              114.1357655,
              22.4989961
            ]
          ]
        ]
      },
      "id": "way/840876770"
    },
    {
      "type": "Feature",
      "properties": {
        "@id": "way/842785541",
        "building": "yes",
        "power": "substation"
      },
      "geometry": {
        "type": "Polygon",
        "coordinates": [
          [
            [
              114.1545964,
              22.5061828
            ],
            [
              114.1545935,
              22.5061837
            ],
            [
              114.1545647,
              22.5061924
            ],
            [
              114.1545599,
              22.5062005
            ],
            [
              114.1545502,
              22.5062066
            ],
            [
              114.1545337,
              22.5062057
            ],
            [
              114.154532,
              22.5062047
            ],
            [
              114.1545228,
              22.5061993
            ],
            [
              114.1545153,
              22.50619
            ],
            [
              114.1545149,
              22.5061782
            ],
            [
              114.154513,
              22.5061435
            ],
            [
              114.1545459,
              22.5061355
            ],
            [
              114.1545535,
              22.5061505
            ],
            [
              114.1545784,
              22.5061425
            ],
            [
              114.1545964,
              22.5061828
            ]
          ]
        ]
      },
      "id": "way/842785541"
    },
    {
      "type": "Feature",
      "properties": {
        "@id": "way/843038883",
        "addr:housename": "大水坑站變電站 Tai Shui Hang Station Substation",
        "addr:housename:en": "Tai Shui Hang Station Substation",
        "addr:housename:zh": "大水坑站變電站",
        "addr:housenumber": "10",
        "addr:street": "恒德街 Hang Tak Street",
        "addr:street:en": "Hang Tak Street",
        "addr:street:zh": "恒德街",
        "barrier": "wall",
        "fixme": "Station?",
        "name": "大水坑站變電站 Tai Shui Hang Station Substation",
        "name:en": "Tai Shui Hang Station Substation",
        "name:zh": "大水坑站變電站",
        "note:utility": "electricity",
        "ownership": "private",
        "power": "substation",
        "substation": "yes",
        "utility": "power"
      },
      "geometry": {
        "type": "Polygon",
        "coordinates": [
          [
            [
              114.222912,
              22.4080094
            ],
            [
              114.2227586,
              22.407783
            ],
            [
              114.222927,
              22.4076855
            ],
            [
              114.2229604,
              22.4077348
            ],
            [
              114.2230804,
              22.4079119
            ],
            [
              114.222912,
              22.4080094
            ]
          ]
        ]
      },
      "id": "way/843038883"
    },
    {
      "type": "Feature",
      "properties": {
        "@id": "way/845982017",
        "name": "中華電力梧桐河變電站 CLP River Indus Substation",
        "power": "substation"
      },
      "geometry": {
        "type": "Polygon",
        "coordinates": [
          [
            [
              114.1166952,
              22.5168975
            ],
            [
              114.1165919,
              22.5168343
            ],
            [
              114.1165128,
              22.5168231
            ],
            [
              114.1165208,
              22.5167327
            ],
            [
              114.116796,
              22.5167526
            ],
            [
              114.116794,
              22.5167891
            ],
            [
              114.1167993,
              22.5168151
            ],
            [
              114.1166952,
              22.5168975
            ]
          ]
        ]
      },
      "id": "way/845982017"
    },
    {
      "type": "Feature",
      "properties": {
        "@id": "way/849186329",
        "power": "substation"
      },
      "geometry": {
        "type": "Polygon",
        "coordinates": [
          [
            [
              114.2739833,
              22.2873562
            ],
            [
              114.2738597,
              22.2873122
            ],
            [
              114.2736703,
              22.2868969
            ],
            [
              114.2739602,
              22.2867837
            ],
            [
              114.2741853,
              22.2872774
            ],
            [
              114.2739833,
              22.2873562
            ]
          ]
        ]
      },
      "id": "way/849186329"
    },
    {
      "type": "Feature",
      "properties": {
        "@id": "way/849337852",
        "addr:housename": "青衣橋西變電站 Tsing Yi Bridge West Substation",
        "addr:housename:en": "Tsing Yi Bridge West Substation",
        "addr:housename:zh": "青衣橋西變電站",
        "landuse": "industrial",
        "name": "青衣橋西變電站 Tsing Yi Bridge West Substation",
        "name:en": "Tsing Yi Bridge West Substation",
        "name:zh": "青衣橋西變電站",
        "power": "substation",
        "substation": "minor_distribution",
        "utility": "power"
      },
      "geometry": {
        "type": "Polygon",
        "coordinates": [
          [
            [
              114.1107684,
              22.347809
            ],
            [
              114.1107846,
              22.3476118
            ],
            [
              114.1109998,
              22.3477718
            ],
            [
              114.110867,
              22.3478456
            ],
            [
              114.1107684,
              22.347809
            ]
          ]
        ]
      },
      "id": "way/849337852"
    },
    {
      "type": "Feature",
      "properties": {
        "@id": "way/849337855",
        "addr:housename": "青衣橋東變電站 Tsing Yi Bridge East Substation",
        "addr:housename:en": "Tsing Yi Bridge East Substation",
        "addr:housename:zh": "青衣橋東變電站",
        "name": "青衣橋東變電站 Tsing Yi Bridge East Substation",
        "name:en": "Tsing Yi Bridge East Substation",
        "name:zh": "青衣橋東變電站",
        "power": "substation",
        "utility": "power"
      },
      "geometry": {
        "type": "Polygon",
        "coordinates": [
          [
            [
              114.1166049,
              22.3494623
            ],
            [
              114.1166818,
              22.3494817
            ],
            [
              114.1166924,
              22.3494845
            ],
            [
              114.1166968,
              22.3494857
            ],
            [
              114.1167023,
              22.3494871
            ],
            [
              114.1167153,
              22.3494905
            ],
            [
              114.1167039,
              22.3495295
            ],
            [
              114.1166983,
              22.349549
            ],
            [
              114.1166924,
              22.3495691
            ],
            [
              114.1165818,
              22.3495415
            ],
            [
              114.1166049,
              22.3494623
            ]
          ]
        ]
      },
      "id": "way/849337855"
    },
    {
      "type": "Feature",
      "properties": {
        "@id": "way/849734762",
        "name": "沙咀道工業區變電站  Sha Tsui Road Industrial Substation",
        "name:en": "Sha Tsui Road Industrial Substation",
        "name:zh": "沙咀道工業區變電站",
        "name:zh-Hans": "沙咀道工业区变电站",
        "name:zh-Hant": "沙咀道工業區變電站",
        "operator": "中華電力有限公司 CLP Power Hong Kong Limited",
        "operator:en": "CLP Power Hong Kong Limited",
        "operator:short": "中華電力 CLP",
        "operator:short:en": "CLP",
        "operator:short:zh": "中華電力",
        "operator:short:zh-Hans": "中华电力",
        "operator:short:zh-Hant": "中華電力",
        "operator:wikidata": "Q977959",
        "operator:zh": "中華電力有限公司",
        "operator:zh-Hans": "中华电力有限公司",
        "operator:zh-Hant": "中華電力有限公司",
        "power": "substation",
        "substation": "substation"
      },
      "geometry": {
        "type": "Polygon",
        "coordinates": [
          [
            [
              114.1098972,
              22.3735255
            ],
            [
              114.1099048,
              22.3735211
            ],
            [
              114.1099124,
              22.3735167
            ],
            [
              114.1099875,
              22.3734735
            ],
            [
              114.1099935,
              22.37347
            ],
            [
              114.1099995,
              22.3734666
            ],
            [
              114.1100596,
              22.3735614
            ],
            [
              114.1099566,
              22.3736172
            ],
            [
              114.1098972,
              22.3735255
            ]
          ]
        ]
      },
      "id": "way/849734762"
    },
    {
      "type": "Feature",
      "properties": {
        "@id": "way/849734763",
        "building": "yes",
        "power": "substation"
      },
      "geometry": {
        "type": "Polygon",
        "coordinates": [
          [
            [
              114.1099875,
              22.3734735
            ],
            [
              114.1100376,
              22.3735509
            ],
            [
              114.1099612,
              22.3735934
            ],
            [
              114.1099124,
              22.3735167
            ],
            [
              114.1099875,
              22.3734735
            ]
          ]
        ]
      },
      "id": "way/849734763"
    },
    {
      "type": "Feature",
      "properties": {
        "@id": "way/850022768",
        "building": "yes",
        "power": "substation",
        "substation": "transmission"
      },
      "geometry": {
        "type": "Polygon",
        "coordinates": [
          [
            [
              114.108593,
              22.3733738
            ],
            [
              114.1085215,
              22.3734127
            ],
            [
              114.1084847,
              22.3733531
            ],
            [
              114.1084939,
              22.3733482
            ],
            [
              114.1085557,
              22.3733151
            ],
            [
              114.108593,
              22.3733738
            ]
          ]
        ]
      },
      "id": "way/850022768"
    },
    {
      "type": "Feature",
      "properties": {
        "@id": "way/850041702",
        "building": "yes",
        "power": "substation"
      },
      "geometry": {
        "type": "Polygon",
        "coordinates": [
          [
            [
              114.1059899,
              22.3746155
            ],
            [
              114.1059015,
              22.3746437
            ],
            [
              114.1057548,
              22.3746906
            ],
            [
              114.1057079,
              22.374526
            ],
            [
              114.1056969,
              22.3744799
            ],
            [
              114.1057743,
              22.3744395
            ],
            [
              114.1058282,
              22.3744113
            ],
            [
              114.1059016,
              22.374371
            ],
            [
              114.1059319,
              22.374455
            ],
            [
              114.1059899,
              22.3746155
            ]
          ]
        ]
      },
      "id": "way/850041702"
    },
    {
      "type": "Feature",
      "properties": {
        "@id": "way/850041703",
        "building": "yes",
        "power": "substation"
      },
      "geometry": {
        "type": "Polygon",
        "coordinates": [
          [
            [
              114.1059015,
              22.3746437
            ],
            [
              114.1059899,
              22.3746155
            ],
            [
              114.1061365,
              22.3750217
            ],
            [
              114.1060971,
              22.375035
            ],
            [
              114.1060818,
              22.3750402
            ],
            [
              114.1059826,
              22.374774
            ],
            [
              114.1059552,
              22.3747831
            ],
            [
              114.1059015,
              22.3746437
            ]
          ]
        ]
      },
      "id": "way/850041703"
    },
    {
      "type": "Feature",
      "properties": {
        "@id": "way/850041704",
        "building": "yes",
        "power": "substation"
      },
      "geometry": {
        "type": "Polygon",
        "coordinates": [
          [
            [
              114.1060971,
              22.375035
            ],
            [
              114.1061365,
              22.3750217
            ],
            [
              114.1061431,
              22.3750399
            ],
            [
              114.1061036,
              22.3750533
            ],
            [
              114.1060971,
              22.375035
            ]
          ]
        ]
      },
      "id": "way/850041704"
    },
    {
      "type": "Feature",
      "properties": {
        "@id": "way/850041705",
        "building": "yes",
        "power": "substation"
      },
      "geometry": {
        "type": "Polygon",
        "coordinates": [
          [
            [
              114.1061567,
              22.3750803
            ],
            [
              114.1061721,
              22.3751236
            ],
            [
              114.1061292,
              22.3751374
            ],
            [
              114.106112,
              22.3750943
            ],
            [
              114.1061567,
              22.3750803
            ]
          ]
        ]
      },
      "id": "way/850041705"
    },
    {
      "type": "Feature",
      "properties": {
        "@id": "way/850041706",
        "building": "yes",
        "power": "substation"
      },
      "geometry": {
        "type": "Polygon",
        "coordinates": [
          [
            [
              114.1061483,
              22.3751501
            ],
            [
              114.1061662,
              22.3751442
            ],
            [
              114.1061722,
              22.3751601
            ],
            [
              114.1061543,
              22.3751659
            ],
            [
              114.1061483,
              22.3751501
            ]
          ]
        ]
      },
      "id": "way/850041706"
    },
    {
      "type": "Feature",
      "properties": {
        "@id": "way/852144979",
        "addr:town": "荃灣 Tsuen Wan",
        "addr:town:en": "Tsuen Wan",
        "addr:town:zh": "荃灣",
        "barrier": "yes",
        "name": "荃灣南變電站 Tsuen Wan South Substation",
        "name:en": "Tsuen Wan South Substation",
        "name:zh": "荃灣南變電站",
        "note:utility": "electricity",
        "power": "substation",
        "substation": "distribution",
        "utility": "power"
      },
      "geometry": {
        "type": "Polygon",
        "coordinates": [
          [
            [
              114.1162622,
              22.363225
            ],
            [
              114.1165279,
              22.3630292
            ],
            [
              114.1166759,
              22.3632016
            ],
            [
              114.1166562,
              22.3632162
            ],
            [
              114.1164655,
              22.3633586
            ],
            [
              114.116411,
              22.3633992
            ],
            [
              114.1163859,
              22.3633688
            ],
            [
              114.1163593,
              22.3633397
            ],
            [
              114.1162622,
              22.363225
            ]
          ]
        ]
      },
      "id": "way/852144979"
    },
    {
      "type": "Feature",
      "properties": {
        "@id": "way/854134190",
        "building": "yes",
        "power": "substation"
      },
      "geometry": {
        "type": "Polygon",
        "coordinates": [
          [
            [
              113.9010249,
              22.2187824
            ],
            [
              113.9010604,
              22.2187147
            ],
            [
              113.9011369,
              22.218749
            ],
            [
              113.9011015,
              22.2188167
            ],
            [
              113.9010249,
              22.2187824
            ]
          ]
        ]
      },
      "id": "way/854134190"
    },
    {
      "type": "Feature",
      "properties": {
        "@id": "way/854862283",
        "building": "yes",
        "name": "福來邨變電站ＢFuk Loi Estate B Substation",
        "name:en": "Fuk Loi Estate B Substation",
        "name:zh": "福來邨變電站Ｂ",
        "name:zh-Hans": "福来邨变电站Ｂ",
        "name:zh-Hant": "福來邨變電站Ｂ",
        "power": "substation",
        "substation": "substation"
      },
      "geometry": {
        "type": "Polygon",
        "coordinates": [
          [
            [
              114.1126772,
              22.3741335
            ],
            [
              114.1126359,
              22.3740683
            ],
            [
              114.1126653,
              22.3740524
            ],
            [
              114.1126469,
              22.3740234
            ],
            [
              114.1126923,
              22.3739989
            ],
            [
              114.112752,
              22.3740931
            ],
            [
              114.1126772,
              22.3741335
            ]
          ]
        ]
      },
      "id": "way/854862283"
    },
    {
      "type": "Feature",
      "properties": {
        "@id": "way/854862314",
        "building": "yes",
        "name": "福來邨變電站Ａ Fuk Loi Estate A Substation",
        "name:en": "Fuk Loi Estate A Substation",
        "name:zh": "福來邨變電站Ａ",
        "name:zh-Hans": "福来邨变电站Ａ",
        "name:zh-Hant": "福來邨變電站Ａ",
        "operator": "中華電力有限公司 CLP Power Hong Kong Limited",
        "operator:en": "CLP Power Hong Kong Limited",
        "operator:short": "中華電力 CLP",
        "operator:short:en": "CLP",
        "operator:short:zh": "中華電力",
        "operator:short:zh-Hans": "中华电力",
        "operator:short:zh-Hant": "中華電力",
        "operator:wikidata": "Q977959",
        "operator:zh": "中華電力有限公司",
        "operator:zh-Hans": "中华电力有限公司",
        "operator:zh-Hant": "中華電力有限公司",
        "power": "substation",
        "substation": "substation"
      },
      "geometry": {
        "type": "Polygon",
        "coordinates": [
          [
            [
              114.1132917,
              22.374486
            ],
            [
              114.1132668,
              22.3744476
            ],
            [
              114.1133576,
              22.3743972
            ],
            [
              114.1133845,
              22.3744396
            ],
            [
              114.1133172,
              22.3744759
            ],
            [
              114.1132917,
              22.374486
            ]
          ]
        ]
      },
      "id": "way/854862314"
    },
    {
      "type": "Feature",
      "properties": {
        "@id": "way/854862320",
        "building": "yes",
        "name": "福來邨變電站Ｃ  Fuk Loi Estate C Substation",
        "name:en": "Fuk Loi Estate C Substation",
        "name:zh": "福來邨變電站Ｃ",
        "name:zh-Hans": "福来邨变电站Ｃ",
        "name:zh-Hant": "福來邨變電站Ｃ",
        "operator": "中華電力有限公司 CLP Power Hong Kong Limited",
        "operator:en": "CLP Power Hong Kong Limited",
        "operator:short": "中華電力 CLP",
        "operator:short:en": "CLP",
        "operator:short:zh": "中華電力",
        "operator:short:zh-Hans": "中华电力",
        "operator:short:zh-Hant": "中華電力",
        "operator:wikidata": "Q977959",
        "operator:zh": "中華電力有限公司",
        "operator:zh-Hans": "中华电力有限公司",
        "operator:zh-Hant": "中華電力有限公司",
        "power": "substation",
        "substation": "substation"
      },
      "geometry": {
        "type": "Polygon",
        "coordinates": [
          [
            [
              114.1148885,
              22.3737866
            ],
            [
              114.1149379,
              22.3737593
            ],
            [
              114.1149791,
              22.3737365
            ],
            [
              114.1150055,
              22.3737775
            ],
            [
              114.1149419,
              22.3738134
            ],
            [
              114.1149376,
              22.373806
            ],
            [
              114.1149095,
              22.3738199
            ],
            [
              114.1148885,
              22.3737866
            ]
          ]
        ]
      },
      "id": "way/854862320"
    },
    {
      "type": "Feature",
      "properties": {
        "@id": "way/854862341",
        "building": "yes",
        "name": "福來邨變電站Ｄ Fuk Loi Estate D Substation",
        "name:en": "Fuk Loi Estate D Substation",
        "name:zh": "福來邨變電站Ｄ",
        "name:zh-Hans": "福来邨变电站Ｄ",
        "name:zh-Hant": "福來邨變電站Ｄ",
        "operator": "中華電力有限公司 CLP Power Hong Kong Limited",
        "operator:en": "CLP Power Hong Kong Limited",
        "operator:short": "中華電力 CLP",
        "operator:short:en": "CLP",
        "operator:short:zh": "中華電力",
        "operator:short:zh-Hans": "中华电力",
        "operator:short:zh-Hant": "中華電力",
        "operator:wikidata": "Q977959",
        "operator:wikipedia": "zh:中華電力",
        "operator:zh": "中華電力有限公司",
        "operator:zh-Hans": "中华电力有限公司",
        "operator:zh-Hant": "中華電力有限公司",
        "power": "substation",
        "substation": "substation"
      },
      "geometry": {
        "type": "Polygon",
        "coordinates": [
          [
            [
              114.1143502,
              22.3732285
            ],
            [
              114.1143103,
              22.3731654
            ],
            [
              114.1143391,
              22.3731492
            ],
            [
              114.1143209,
              22.3731202
            ],
            [
              114.1143658,
              22.3730952
            ],
            [
              114.1144246,
              22.3731881
            ],
            [
              114.1143502,
              22.3732285
            ]
          ]
        ]
      },
      "id": "way/854862341"
    },
    {
      "type": "Feature",
      "properties": {
        "@id": "way/876057513",
        "building": "service",
        "power": "substation",
        "service": "power",
        "substation": "minor_distribution"
      },
      "geometry": {
        "type": "Polygon",
        "coordinates": [
          [
            [
              114.1253157,
              22.3714575
            ],
            [
              114.1253175,
              22.3713989
            ],
            [
              114.1253591,
              22.3713986
            ],
            [
              114.125359,
              22.3714121
            ],
            [
              114.1253587,
              22.3714575
            ],
            [
              114.1253157,
              22.3714575
            ]
          ]
        ]
      },
      "id": "way/876057513"
    },
    {
      "type": "Feature",
      "properties": {
        "@id": "way/879823988",
        "power": "substation"
      },
      "geometry": {
        "type": "Polygon",
        "coordinates": [
          [
            [
              114.1610558,
              22.3233888
            ],
            [
              114.161057,
              22.323302
            ],
            [
              114.1610577,
              22.3232517
            ],
            [
              114.1611873,
              22.3232532
            ],
            [
              114.1613271,
              22.3232549
            ],
            [
              114.1613253,
              22.323392
            ],
            [
              114.1610558,
              22.3233888
            ]
          ]
        ]
      },
      "id": "way/879823988"
    },
    {
      "type": "Feature",
      "properties": {
        "@id": "way/883647778",
        "building": "yes",
        "name": "新西貢公路變電站 New Hiram's Highway Substation",
        "name:en": "New Hiram's Highway Substation",
        "name:zh": "新西貢公路變電站",
        "operator": "中華電力有限公司 CLP Power Hong Kong Limited",
        "operator:en": "CLP Power Hong Kong Limited",
        "operator:short": "中華電力 CLP",
        "operator:short:en": "CLP",
        "operator:short:zh": "中華電力",
        "operator:short:zh-Hans": "中华电力",
        "operator:short:zh-Hant": "中華電力",
        "operator:wikidata": "Q977959",
        "operator:zh": "中華電力有限公司",
        "operator:zh-Hans": "中华电力有限公司",
        "operator:zh-Hant": "中華電力有限公司",
        "power": "substation",
        "substation": "yes"
      },
      "geometry": {
        "type": "Polygon",
        "coordinates": [
          [
            [
              114.2578613,
              22.3407119
            ],
            [
              114.2578228,
              22.3406757
            ],
            [
              114.2579172,
              22.3405896
            ],
            [
              114.2579558,
              22.3406258
            ],
            [
              114.2578613,
              22.3407119
            ]
          ]
        ]
      },
      "id": "way/883647778"
    },
    {
      "type": "Feature",
      "properties": {
        "@id": "way/896170046",
        "addr:housename": "銅鑼灣分區電力站 Causeway Bay Zone Substation",
        "addr:housename:en": "Causeway Bay Zone Substation",
        "addr:housename:zh": "銅鑼灣分區電力站",
        "addr:housenumber": "111",
        "addr:street": "永興街 Wing Hing Street",
        "addr:street:en": "Wing Hing Street",
        "addr:street:zh": "永興街",
        "landuse": "industrial",
        "name": "銅鑼灣分區電力站 Causeway Bay Zone Substation",
        "name:en": "Causeway Bay Zone Substation",
        "name:zh": "銅鑼灣分區電力站",
        "name:zh-Hans": "铜锣湾分区电力站",
        "name:zh-Hant": "銅鑼灣分區電力站",
        "operator": "香港電燈有限公司 The Hongkong Electric Company, Limited",
        "operator:en": "The Hongkong Electric Company, Limited",
        "operator:short": "港燈 HK Electric",
        "operator:short:en": "HK Electric",
        "operator:short:zh": "港燈",
        "operator:short:zh-Hans": "港灯",
        "operator:short:zh-Hant": "港燈",
        "operator:wikidata": "Q709104",
        "operator:zh": "香港電燈有限公司",
        "operator:zh-Hans": "香港电灯有限公司",
        "operator:zh-Hant": "香港電燈有限公司",
        "power": "substation",
        "service": "power",
        "substation": "distribution",
        "utility": "power"
      },
      "geometry": {
        "type": "Polygon",
        "coordinates": [
          [
            [
              114.1895383,
              22.2861994
            ],
            [
              114.1894261,
              22.2862283
            ],
            [
              114.1892116,
              22.286232
            ],
            [
              114.189037,
              22.2862331
            ],
            [
              114.1891027,
              22.2860482
            ],
            [
              114.1896476,
              22.2858258
            ],
            [
              114.1897915,
              22.2860321
            ],
            [
              114.1895383,
              22.2861994
            ]
          ]
        ]
      },
      "id": "way/896170046"
    },
    {
      "type": "Feature",
      "properties": {
        "@id": "way/897702107",
        "building": "yes",
        "name": "摩士公園變電站 Morse Park Substation",
        "power": "substation"
      },
      "geometry": {
        "type": "Polygon",
        "coordinates": [
          [
            [
              114.1903004,
              22.3380219
            ],
            [
              114.1902441,
              22.3379432
            ],
            [
              114.1902863,
              22.3379149
            ],
            [
              114.1903472,
              22.3379919
            ],
            [
              114.1903004,
              22.3380219
            ]
          ]
        ]
      },
      "id": "way/897702107"
    },
    {
      "type": "Feature",
      "properties": {
        "@id": "way/913058469",
        "building": "service",
        "building:levels": "1",
        "power": "substation"
      },
      "geometry": {
        "type": "Polygon",
        "coordinates": [
          [
            [
              114.1488633,
              22.2891912
            ],
            [
              114.1488813,
              22.2892542
            ],
            [
              114.1488314,
              22.2892662
            ],
            [
              114.1488132,
              22.2892033
            ],
            [
              114.1488633,
              22.2891912
            ]
          ]
        ]
      },
      "id": "way/913058469"
    },
    {
      "type": "Feature",
      "properties": {
        "@id": "way/913231669",
        "building": "industrial",
        "power": "substation"
      },
      "geometry": {
        "type": "Polygon",
        "coordinates": [
          [
            [
              114.2425005,
              22.2740121
            ],
            [
              114.2424064,
              22.2741254
            ],
            [
              114.2423592,
              22.2740918
            ],
            [
              114.2424534,
              22.2739785
            ],
            [
              114.2425005,
              22.2740121
            ]
          ]
        ]
      },
      "id": "way/913231669"
    },
    {
      "type": "Feature",
      "properties": {
        "@id": "way/913758625",
        "power": "substation"
      },
      "geometry": {
        "type": "Polygon",
        "coordinates": [
          [
            [
              114.2399184,
              22.3079196
            ],
            [
              114.2398814,
              22.3081558
            ],
            [
              114.2395786,
              22.3081152
            ],
            [
              114.2395828,
              22.3080882
            ],
            [
              114.2396357,
              22.3077501
            ],
            [
              114.2396446,
              22.3076945
            ],
            [
              114.2397397,
              22.3077067
            ],
            [
              114.239834,
              22.3077187
            ],
            [
              114.2399184,
              22.3079196
            ]
          ]
        ]
      },
      "id": "way/913758625"
    },
    {
      "type": "Feature",
      "properties": {
        "@id": "way/916942182",
        "name": "北大嶼山幹線街燈變電站‵Ｇ‵ Nlex Public Lighting 'G' Substation",
        "name:en": "Nlex Public Lighting 'G' Substation",
        "name:zh": "北大嶼山幹線街燈變電站‵Ｇ‵",
        "power": "substation",
        "substation": "yes"
      },
      "geometry": {
        "type": "Polygon",
        "coordinates": [
          [
            [
              114.010368,
              22.3240218
            ],
            [
              114.0104284,
              22.3240434
            ],
            [
              114.0104058,
              22.3240974
            ],
            [
              114.0103455,
              22.3240758
            ],
            [
              114.010368,
              22.3240218
            ]
          ]
        ]
      },
      "id": "way/916942182"
    },
    {
      "type": "Feature",
      "properties": {
        "@id": "way/918281639",
        "building": "yes",
        "operator": "中華電力有限公司 CLP Power Hong Kong Limited",
        "operator:en": "CLP Power Hong Kong Limited",
        "operator:short": "中華電力 CLP",
        "operator:short:en": "CLP",
        "operator:short:zh": "中華電力",
        "operator:short:zh-Hans": "中华电力",
        "operator:short:zh-Hant": "中華電力",
        "operator:wikidata": "Q977959",
        "operator:zh": "中華電力有限公司",
        "operator:zh-Hans": "中华电力有限公司",
        "operator:zh-Hant": "中華電力有限公司",
        "power": "substation"
      },
      "geometry": {
        "type": "Polygon",
        "coordinates": [
          [
            [
              114.1723007,
              22.3171163
            ],
            [
              114.1723121,
              22.3170603
            ],
            [
              114.1724181,
              22.3170786
            ],
            [
              114.1724068,
              22.3171347
            ],
            [
              114.1723007,
              22.3171163
            ]
          ]
        ]
      },
      "id": "way/918281639"
    },
    {
      "type": "Feature",
      "properties": {
        "@id": "way/921887763",
        "description": "Temporary Substation",
        "description:en": "Temporary Substation",
        "description:zh": "臨時變電站",
        "name": "臨澤街變電站 Lam Chak Street Substation",
        "name:en": "Lam Chak Street Substation",
        "name:zh": "臨澤街變電站",
        "power": "substation",
        "substation": "industrial",
        "temporary": "yes"
      },
      "geometry": {
        "type": "Polygon",
        "coordinates": [
          [
            [
              114.2114232,
              22.315437
            ],
            [
              114.2112209,
              22.3152308
            ],
            [
              114.2115493,
              22.3149719
            ],
            [
              114.2116893,
              22.3151058
            ],
            [
              114.2116919,
              22.3152001
            ],
            [
              114.2114232,
              22.315437
            ]
          ]
        ]
      },
      "id": "way/921887763"
    },
    {
      "type": "Feature",
      "properties": {
        "@id": "way/922055358",
        "power": "substation"
      },
      "geometry": {
        "type": "Polygon",
        "coordinates": [
          [
            [
              114.1866412,
              22.3311422
            ],
            [
              114.1866318,
              22.3308692
            ],
            [
              114.1869888,
              22.3308585
            ],
            [
              114.186998,
              22.3311317
            ],
            [
              114.1868681,
              22.3311354
            ],
            [
              114.1866412,
              22.3311422
            ]
          ]
        ]
      },
      "id": "way/922055358"
    },
    {
      "type": "Feature",
      "properties": {
        "@id": "way/924408032",
        "name": "馬頭圍變電站 Ma Tau Wai Substation",
        "name:en": "Ma Tau Wai Substation",
        "name:zh": "馬頭圍變電站",
        "power": "substation"
      },
      "geometry": {
        "type": "Polygon",
        "coordinates": [
          [
            [
              114.1870947,
              22.3149289
            ],
            [
              114.1870684,
              22.3147307
            ],
            [
              114.1871417,
              22.3147224
            ],
            [
              114.1871498,
              22.3147838
            ],
            [
              114.187168,
              22.3149206
            ],
            [
              114.1871196,
              22.3149261
            ],
            [
              114.1870947,
              22.3149289
            ]
          ]
        ]
      },
      "id": "way/924408032"
    },
    {
      "type": "Feature",
      "properties": {
        "@id": "way/924714576",
        "power": "substation"
      },
      "geometry": {
        "type": "Polygon",
        "coordinates": [
          [
            [
              114.1820956,
              22.3224983
            ],
            [
              114.1821638,
              22.3223709
            ],
            [
              114.1822137,
              22.3223938
            ],
            [
              114.1821454,
              22.3225211
            ],
            [
              114.1820956,
              22.3224983
            ]
          ]
        ]
      },
      "id": "way/924714576"
    },
    {
      "type": "Feature",
      "properties": {
        "@id": "way/927240049",
        "area": "yes",
        "building": "yes",
        "name": "水力試驗場變電站 Physical Model Lab Substation",
        "name:en": "Physical Model Lab Substation",
        "name:zh": "水力試驗場變電站",
        "power": "substation"
      },
      "geometry": {
        "type": "Polygon",
        "coordinates": [
          [
            [
              113.9444923,
              22.3679535
            ],
            [
              113.9444297,
              22.3679301
            ],
            [
              113.9444472,
              22.3678901
            ],
            [
              113.9445515,
              22.3679292
            ],
            [
              113.9445215,
              22.3679976
            ],
            [
              113.9444799,
              22.367982
            ],
            [
              113.9444923,
              22.3679535
            ]
          ]
        ]
      },
      "id": "way/927240049"
    },
    {
      "type": "Feature",
      "properties": {
        "@id": "way/935446697",
        "name": "藍地變電站 Lam Tei Substation",
        "name:en": "Lam Tei Substation",
        "name:zh": "藍地變電站",
        "name:zh-Hans": "蓝地变电站",
        "name:zh-Hant": "藍地變電站",
        "power": "substation",
        "substation": "yes"
      },
      "geometry": {
        "type": "Polygon",
        "coordinates": [
          [
            [
              113.9812624,
              22.4160581
            ],
            [
              113.9812445,
              22.4160979
            ],
            [
              113.9810614,
              22.4161683
            ],
            [
              113.980865,
              22.4157626
            ],
            [
              113.9809628,
              22.4157212
            ],
            [
              113.9809014,
              22.4155939
            ],
            [
              113.9810423,
              22.4155344
            ],
            [
              113.9812205,
              22.4156669
            ],
            [
              113.9812307,
              22.4159291
            ],
            [
              113.9812624,
              22.4160581
            ]
          ]
        ]
      },
      "id": "way/935446697"
    },
    {
      "type": "Feature",
      "properties": {
        "@id": "way/943017718",
        "power": "substation"
      },
      "geometry": {
        "type": "Polygon",
        "coordinates": [
          [
            [
              114.201895,
              22.3877995
            ],
            [
              114.2018023,
              22.3877124
            ],
            [
              114.2019868,
              22.3875437
            ],
            [
              114.2020742,
              22.3876211
            ],
            [
              114.201895,
              22.3877995
            ]
          ]
        ]
      },
      "id": "way/943017718"
    },
    {
      "type": "Feature",
      "properties": {
        "@id": "way/945661546",
        "name": "將軍澳海水化淡廠變電站 Tseung Kwan O Desalination Plant Substation",
        "name:en": "Tseung Kwan O Desalination Plant Substation",
        "name:zh": "將軍澳海水化淡廠變電站",
        "power": "substation"
      },
      "geometry": {
        "type": "Polygon",
        "coordinates": [
          [
            [
              114.276718,
              22.2687349
            ],
            [
              114.2768272,
              22.2687831
            ],
            [
              114.2768519,
              22.2687352
            ],
            [
              114.2769336,
              22.2687713
            ],
            [
              114.2767518,
              22.2691239
            ],
            [
              114.2765609,
              22.2690396
            ],
            [
              114.276718,
              22.2687349
            ]
          ]
        ]
      },
      "id": "way/945661546"
    },
    {
      "type": "Feature",
      "properties": {
        "@id": "way/949296786",
        "building": "service",
        "frequency": "50",
        "landuse": "industrial",
        "name": "數碼港275千伏電站 Cyberport 275kV Substation",
        "name:en": "Cyberport 275kV Substation",
        "name:zh": "數碼港275千伏電站",
        "name:zh-Hans": "数码港275千伏电站",
        "name:zh-Hant": "數碼港275千伏電站",
        "operation": "private",
        "operator": "香港電燈有限公司 The Hongkong Electric Company, Limited",
        "operator:en": "The Hongkong Electric Company, Limited",
        "operator:short": "港燈 HK Electric",
        "operator:short:en": "HK Electric",
        "operator:short:zh": "港燈",
        "operator:short:zh-Hans": "港灯",
        "operator:short:zh-Hant": "港燈",
        "operator:wikidata": "Q709104",
        "operator:zh": "香港電燈有限公司",
        "operator:zh-Hans": "香港电灯有限公司",
        "operator:zh-Hant": "香港電燈有限公司",
        "owner": "香港電燈有限公司 Hongkong Electric Company, Limited",
        "owner:en": "Hongkong Electric Company, Limited",
        "owner:wikidata": "Q709104",
        "owner:zh": "香港電燈有限公司",
        "ownership": "private",
        "power": "substation",
        "substation": "transmission",
        "voltage": "275000"
      },
      "geometry": {
        "type": "Polygon",
        "coordinates": [
          [
            [
              114.133249,
              22.2581985
            ],
            [
              114.1332418,
              22.2576173
            ],
            [
              114.1335288,
              22.2576142
            ],
            [
              114.1335362,
              22.2581954
            ],
            [
              114.133249,
              22.2581985
            ]
          ]
        ]
      },
      "id": "way/949296786"
    },
    {
      "type": "Feature",
      "properties": {
        "@id": "way/956234104",
        "name": "黃泥涌峽分區電力站 Wongneichong Gap Zone Substation",
        "name:en": "Wongneichong Gap Zone Substation",
        "name:zh": "黃泥涌峽分區電力站",
        "operator": "香港電燈有限公司 The Hongkong Electric Company, Limited",
        "operator:en": "The Hongkong Electric Company, Limited",
        "operator:short": "港燈 HK Electric",
        "operator:short:en": "HK Electric",
        "operator:short:zh": "港燈",
        "operator:short:zh-Hans": "港灯",
        "operator:short:zh-Hant": "港燈",
        "operator:wikidata": "Q709104",
        "operator:zh": "香港電燈有限公司",
        "operator:zh-Hans": "香港电灯有限公司",
        "operator:zh-Hant": "香港電燈有限公司",
        "power": "substation"
      },
      "geometry": {
        "type": "Polygon",
        "coordinates": [
          [
            [
              114.1932973,
              22.2570465
            ],
            [
              114.1933456,
              22.2568516
            ],
            [
              114.1935119,
              22.2568926
            ],
            [
              114.1935489,
              22.256905
            ],
            [
              114.1935874,
              22.2569131
            ],
            [
              114.1936266,
              22.2569168
            ],
            [
              114.1936722,
              22.2569155
            ],
            [
              114.1937171,
              22.2569081
            ],
            [
              114.1937352,
              22.2569652
            ],
            [
              114.1937231,
              22.2570955
            ],
            [
              114.1932973,
              22.2570465
            ]
          ]
        ]
      },
      "id": "way/956234104"
    },
    {
      "type": "Feature",
      "properties": {
        "@id": "way/958722283",
        "addr:housenumber": "5",
        "addr:street": "Fuk Shun Street",
        "name": "福順街變電站 Fuk Shun Street Substation",
        "name:en": "Fuk Shun Street Substation",
        "name:zh": "福順街變電站",
        "power": "substation"
      },
      "geometry": {
        "type": "Polygon",
        "coordinates": [
          [
            [
              114.0222145,
              22.4623807
            ],
            [
              114.0225324,
              22.4620803
            ],
            [
              114.022678,
              22.4622178
            ],
            [
              114.0223864,
              22.4625026
            ],
            [
              114.0222145,
              22.4623807
            ]
          ]
        ]
      },
      "id": "way/958722283"
    },
    {
      "type": "Feature",
      "properties": {
        "@id": "way/964597975",
        "building": "service",
        "location": "indoor",
        "power": "substation"
      },
      "geometry": {
        "type": "Polygon",
        "coordinates": [
          [
            [
              113.9353953,
              22.3206488
            ],
            [
              113.9354294,
              22.3205592
            ],
            [
              113.9355065,
              22.3205843
            ],
            [
              113.9354723,
              22.3206739
            ],
            [
              113.9353953,
              22.3206488
            ]
          ]
        ]
      },
      "id": "way/964597975"
    },
    {
      "type": "Feature",
      "properties": {
        "@id": "way/966188626",
        "building": "yes",
        "name": "北角污水隔濾廠變壓站 North Point Screening Plant Substation",
        "name:en": "North Point Screening Plant Substation",
        "name:zh": "北角污水隔濾廠變壓站",
        "name:zh-Hans": "北角污水隔滤厂变压站",
        "name:zh-Hant": "北角污水隔濾廠變壓站",
        "power": "substation"
      },
      "geometry": {
        "type": "Polygon",
        "coordinates": [
          [
            [
              114.2039502,
              22.2922063
            ],
            [
              114.2039782,
              22.2920849
            ],
            [
              114.2041307,
              22.2921665
            ],
            [
              114.204069,
              22.2922677
            ],
            [
              114.2039502,
              22.2922063
            ]
          ]
        ]
      },
      "id": "way/966188626"
    },
    {
      "type": "Feature",
      "properties": {
        "@id": "way/969249299",
        "addr:housename": "上環市政大廈 Sheung Wan Municipal Services Building",
        "addr:housename:en": "Sheung Wan Municipal Services Building",
        "addr:housename:zh": "上環市政大廈",
        "addr:housenumber": "345",
        "addr:street": "皇后大道中 Queen's Road Central",
        "addr:street:en": "Queen's Road Central",
        "addr:street:zh": "皇后大道中",
        "addr:suburb": "上環 Sheung Wan",
        "addr:suburb:en": "Sheung Wan",
        "addr:suburb:zh": "上環",
        "addr:unit": "上環市政大廈東變壓站 Urban Council Sheung Wan Complex East Substation",
        "addr:unit:en": "Urban Council Sheung Wan Complex East Substation",
        "addr:unit:zh": "上環市政大廈東變壓站",
        "building": "service",
        "name": "上環市政大廈東變壓站 Urban Council Sheung Wan Complex East Substation",
        "name:en": "Urban Council Sheung Wan Complex East Substation",
        "name:zh": "上環市政大廈東變壓站",
        "no:short_name:zh": "yes",
        "power": "substation",
        "service": "power",
        "short_name": "上環市政大廈東變壓站 UC Sheung Wan Complex East Substation",
        "short_name:en": "UC Sheung Wan Complex East Substation",
        "substation": "minor_distribution"
      },
      "geometry": {
        "type": "Polygon",
        "coordinates": [
          [
            [
              114.1500315,
              22.2863534
            ],
            [
              114.1501277,
              22.2862977
            ],
            [
              114.150153,
              22.286335
            ],
            [
              114.1500568,
              22.2863907
            ],
            [
              114.1500315,
              22.2863534
            ]
          ]
        ]
      },
      "id": "way/969249299"
    },
    {
      "type": "Feature",
      "properties": {
        "@id": "way/969581116",
        "building": "yes",
        "name": "富民樓變電站 Fu Man House Substation",
        "name:en": "Fu Man House Substation",
        "name:zh": "富民樓變電站",
        "power": "substation",
        "substation": "substation"
      },
      "geometry": {
        "type": "Polygon",
        "coordinates": [
          [
            [
              114.1237105,
              22.3694549
            ],
            [
              114.1236821,
              22.3694131
            ],
            [
              114.1237773,
              22.3693578
            ],
            [
              114.1238057,
              22.3693996
            ],
            [
              114.1237105,
              22.3694549
            ]
          ]
        ]
      },
      "id": "way/969581116"
    },
    {
      "type": "Feature",
      "properties": {
        "@id": "way/970388736",
        "building": "yes",
        "power": "substation"
      },
      "geometry": {
        "type": "Polygon",
        "coordinates": [
          [
            [
              114.1164195,
              22.3633039
            ],
            [
              114.1166104,
              22.3631625
            ],
            [
              114.1166562,
              22.3632162
            ],
            [
              114.1164655,
              22.3633586
            ],
            [
              114.1164195,
              22.3633039
            ]
          ]
        ]
      },
      "id": "way/970388736"
    },
    {
      "type": "Feature",
      "properties": {
        "@id": "way/971091219",
        "building": "service",
        "name": "香港石油化工有限公司變電站",
        "operator": "中華電力有限公司 CLP Power Hong Kong Limited",
        "operator:en": "CLP Power Hong Kong Limited",
        "operator:short": "中華電力 CLP",
        "operator:short:en": "CLP",
        "operator:short:zh": "中華電力",
        "operator:short:zh-Hans": "中华电力",
        "operator:short:zh-Hant": "中華電力",
        "operator:wikidata": "Q977959",
        "operator:zh": "中華電力有限公司",
        "operator:zh-Hans": "中华电力有限公司",
        "operator:zh-Hant": "中華電力有限公司",
        "power": "substation"
      },
      "geometry": {
        "type": "Polygon",
        "coordinates": [
          [
            [
              114.0012075,
              22.3640336
            ],
            [
              114.0012121,
              22.3638484
            ],
            [
              114.0015415,
              22.3638554
            ],
            [
              114.0015369,
              22.3640407
            ],
            [
              114.0012075,
              22.3640336
            ]
          ]
        ]
      },
      "id": "way/971091219"
    },
    {
      "type": "Feature",
      "properties": {
        "@id": "way/971360839",
        "building": "yes",
        "power": "substation"
      },
      "geometry": {
        "type": "Polygon",
        "coordinates": [
          [
            [
              114.1167039,
              22.3495295
            ],
            [
              114.1166905,
              22.349526
            ],
            [
              114.1167023,
              22.3494871
            ],
            [
              114.1167153,
              22.3494905
            ],
            [
              114.1167039,
              22.3495295
            ]
          ]
        ]
      },
      "id": "way/971360839"
    },
    {
      "type": "Feature",
      "properties": {
        "@id": "way/971360840",
        "addr": "shared",
        "addr:housename": "藍巴勒海峽公眾貨物裝卸區 Rambler Channel Public Cargo Working Area",
        "addr:housename:en": "Rambler Channel Public Cargo Working Area",
        "addr:housename:zh": "藍巴勒海峽公眾貨物裝卸區",
        "addr:housenumber": "3",
        "addr:street": "永順街 Wing Shun Street",
        "addr:street:en": "Wing Shun Street",
        "addr:street:zh": "永順街",
        "power": "substation",
        "substation": "minor_distribution"
      },
      "geometry": {
        "type": "Polygon",
        "coordinates": [
          [
            [
              114.115646,
              22.3559193
            ],
            [
              114.1156249,
              22.3559048
            ],
            [
              114.1156039,
              22.3558903
            ],
            [
              114.1156274,
              22.3558613
            ],
            [
              114.1156701,
              22.3558898
            ],
            [
              114.115646,
              22.3559193
            ]
          ]
        ]
      },
      "id": "way/971360840"
    },
    {
      "type": "Feature",
      "properties": {
        "@id": "way/973208442",
        "building": "yes",
        "power": "substation",
        "substation": "substation"
      },
      "geometry": {
        "type": "Polygon",
        "coordinates": [
          [
            [
              114.1160971,
              22.3633705
            ],
            [
              114.1160563,
              22.3633915
            ],
            [
              114.1160357,
              22.3633582
            ],
            [
              114.1160775,
              22.3633364
            ],
            [
              114.1160955,
              22.3633676
            ],
            [
              114.1160971,
              22.3633705
            ]
          ]
        ]
      },
      "id": "way/973208442"
    },
    {
      "type": "Feature",
      "properties": {
        "@id": "way/982182666",
        "name": "下葵涌村戶外變電站 Ha Kwai Chung Village O/D Substation",
        "name:en": "Ha Kwai Chung Village O/D Substation",
        "name:zh": "下葵涌村戶外變電站",
        "power": "substation",
        "substation": "substation"
      },
      "geometry": {
        "type": "Polygon",
        "coordinates": [
          [
            [
              114.1316769,
              22.354731
            ],
            [
              114.1316814,
              22.3547588
            ],
            [
              114.1316383,
              22.3547647
            ],
            [
              114.1316338,
              22.354737
            ],
            [
              114.1316554,
              22.354734
            ],
            [
              114.1316769,
              22.354731
            ]
          ]
        ]
      },
      "id": "way/982182666"
    },
    {
      "type": "Feature",
      "properties": {
        "@id": "way/989276437",
        "name": "北葵涌賽馬泳池變電站 North Kwai Chung Jockey Club Swimming Pool Complex Substation",
        "name:en": "North Kwai Chung Jockey Club Swimming Pool Complex Substation",
        "name:zh": "北葵涌賽馬泳池變電站",
        "name:zh-Hans": "北葵涌赛马泳池变电站",
        "name:zh-Hant": "北葵涌賽馬泳池變電站",
        "power": "substation",
        "substation": "substation",
        "utility": "power"
      },
      "geometry": {
        "type": "Polygon",
        "coordinates": [
          [
            [
              114.1365705,
              22.3730706
            ],
            [
              114.1365693,
              22.3729772
            ],
            [
              114.1365816,
              22.3729771
            ],
            [
              114.1365818,
              22.3729456
            ],
            [
              114.1365818,
              22.3729342
            ],
            [
              114.1365822,
              22.372886
            ],
            [
              114.1368263,
              22.3728841
            ],
            [
              114.136828,
              22.3730699
            ],
            [
              114.1365985,
              22.3730706
            ],
            [
              114.1365705,
              22.3730706
            ]
          ]
        ]
      },
      "id": "way/989276437"
    },
    {
      "type": "Feature",
      "properties": {
        "@id": "way/989276438",
        "name": "鄧肇堅室內體運動場變電站 Tang Shiu Kin Sports Centre Substation",
        "name:en": "Tang Shiu Kin Sports Centre Substation",
        "name:zh": "鄧肇堅室內體運動場變電站",
        "name:zh-Hans": "邓肇坚室内体运动场变电站",
        "name:zh-Hant": "鄧肇堅室內體運動場變電站",
        "operator": "中華電力有限公司 CLP Power Hong Kong Limited",
        "operator:en": "CLP Power Hong Kong Limited",
        "operator:short": "中華電力 CLP",
        "operator:short:en": "CLP",
        "operator:short:zh": "中華電力",
        "operator:short:zh-Hans": "中华电力",
        "operator:short:zh-Hant": "中華電力",
        "operator:wikidata": "Q977959",
        "operator:wikipedia": "zh:中華電力",
        "operator:zh": "中華電力有限公司",
        "operator:zh-Hans": "中华电力有限公司",
        "operator:zh-Hant": "中華電力有限公司",
        "power": "substation",
        "service": "power",
        "substation": "minor_distribution",
        "utility": "power"
      },
      "geometry": {
        "type": "Polygon",
        "coordinates": [
          [
            [
              114.1373739,
              22.3743435
            ],
            [
              114.1373738,
              22.3742947
            ],
            [
              114.1374789,
              22.3742946
            ],
            [
              114.1374787,
              22.3743433
            ],
            [
              114.1373739,
              22.3743435
            ]
          ]
        ]
      },
      "id": "way/989276438"
    },
    {
      "type": "Feature",
      "properties": {
        "@id": "way/989321161",
        "name": "上葵涌警署變電站 Sheung Kwai Chung Police Station Substation",
        "name:en": "Sheung Kwai Chung Police Station Substation",
        "name:zh": "上葵涌警署變電站",
        "name:zh-Hans": "上葵涌警署变电站",
        "name:zh-Hant": "上葵涌警署變電站",
        "power": "substation",
        "substation": "substation"
      },
      "geometry": {
        "type": "Polygon",
        "coordinates": [
          [
            [
              114.1364952,
              22.3750924
            ],
            [
              114.1364955,
              22.3750365
            ],
            [
              114.1365593,
              22.3750365
            ],
            [
              114.1365574,
              22.3750789
            ],
            [
              114.1365202,
              22.3750787
            ],
            [
              114.1365198,
              22.3750924
            ],
            [
              114.1364952,
              22.3750924
            ]
          ]
        ]
      },
      "id": "way/989321161"
    },
    {
      "type": "Feature",
      "properties": {
        "@id": "way/992463589",
        "building": "yes",
        "name": "竹園社區中心變電站 Chuk Yuen Estate Community Centre Substation",
        "power": "substation"
      },
      "geometry": {
        "type": "Polygon",
        "coordinates": [
          [
            [
              114.1941974,
              22.3445628
            ],
            [
              114.1941967,
              22.3445173
            ],
            [
              114.1942986,
              22.3445159
            ],
            [
              114.1942992,
              22.3445614
            ],
            [
              114.1941974,
              22.3445628
            ]
          ]
        ]
      },
      "id": "way/992463589"
    },
    {
      "type": "Feature",
      "properties": {
        "@id": "way/993052857",
        "name": "葵福路變電站 Kwai Fuk Road Substation",
        "name:en": "Kwai Fuk Road Substation",
        "name:zh": "葵福路變電站",
        "power": "substation",
        "substation": "substation"
      },
      "geometry": {
        "type": "Polygon",
        "coordinates": [
          [
            [
              114.1201629,
              22.3633626
            ],
            [
              114.1202311,
              22.3633654
            ],
            [
              114.1203041,
              22.3633685
            ],
            [
              114.1203253,
              22.3634123
            ],
            [
              114.1203349,
              22.3634319
            ],
            [
              114.1203548,
              22.3634966
            ],
            [
              114.1203657,
              22.3635527
            ],
            [
              114.1203689,
              22.3636092
            ],
            [
              114.1203624,
              22.3636762
            ],
            [
              114.120345,
              22.3637417
            ],
            [
              114.1203406,
              22.3637528
            ],
            [
              114.1203216,
              22.3638013
            ],
            [
              114.1202881,
              22.3638564
            ],
            [
              114.1202124,
              22.3638038
            ],
            [
              114.1201622,
              22.363769
            ],
            [
              114.1201629,
              22.3633626
            ]
          ]
        ]
      },
      "id": "way/993052857"
    },
    {
      "type": "Feature",
      "properties": {
        "@id": "way/993052858",
        "building": "yes",
        "power": "substation"
      },
      "geometry": {
        "type": "Polygon",
        "coordinates": [
          [
            [
              114.1202821,
              22.3637528
            ],
            [
              114.120275,
              22.3635067
            ],
            [
              114.1202613,
              22.3635065
            ],
            [
              114.1202614,
              22.3634989
            ],
            [
              114.1202398,
              22.3634989
            ],
            [
              114.1202399,
              22.3634563
            ],
            [
              114.1203365,
              22.3634548
            ],
            [
              114.1203406,
              22.3637528
            ],
            [
              114.1202821,
              22.3637528
            ]
          ]
        ]
      },
      "id": "way/993052858"
    },
    {
      "type": "Feature",
      "properties": {
        "@id": "way/997735096",
        "name": "德華街公園變電站 Tak Wah Street Park Substation",
        "name:en": "Tak Wah Street Park Substation",
        "name:zh": "德華街公園變電站",
        "operator": "中華電力有限公司 CLP Power Hong Kong Limited",
        "operator:en": "CLP Power Hong Kong Limited",
        "operator:short": "中華電力 CLP",
        "operator:short:en": "CLP",
        "operator:short:zh": "中華電力",
        "operator:short:zh-Hans": "中华电力",
        "operator:short:zh-Hant": "中華電力",
        "operator:wikidata": "Q977959",
        "operator:wikipedia": "zh:中華電力",
        "operator:zh": "中華電力有限公司",
        "operator:zh-Hans": "中华电力有限公司",
        "operator:zh-Hant": "中華電力有限公司",
        "power": "substation",
        "substation": "substation"
      },
      "geometry": {
        "type": "Polygon",
        "coordinates": [
          [
            [
              114.1185492,
              22.3695934
            ],
            [
              114.1185098,
              22.3695302
            ],
            [
              114.1185414,
              22.3695129
            ],
            [
              114.118573,
              22.3694956
            ],
            [
              114.1186132,
              22.3695601
            ],
            [
              114.1185492,
              22.3695934
            ]
          ]
        ]
      },
      "id": "way/997735096"
    },
    {
      "type": "Feature",
      "properties": {
        "@id": "way/997737358",
        "building": "yes",
        "power": "substation"
      },
      "geometry": {
        "type": "Polygon",
        "coordinates": [
          [
            [
              114.1185492,
              22.3695934
            ],
            [
              114.1185098,
              22.3695302
            ],
            [
              114.1185414,
              22.3695129
            ],
            [
              114.118573,
              22.3694956
            ],
            [
              114.1186132,
              22.3695601
            ],
            [
              114.1185492,
              22.3695934
            ]
          ]
        ]
      },
      "id": "way/997737358"
    },
    {
      "type": "Feature",
      "properties": {
        "@id": "way/998064482",
        "building": "yes",
        "operator": "中華電力有限公司 CLP Power Hong Kong Limited",
        "operator:en": "CLP Power Hong Kong Limited",
        "operator:short": "中華電力 CLP",
        "operator:short:en": "CLP",
        "operator:short:zh": "中華電力",
        "operator:short:zh-Hans": "中华电力",
        "operator:short:zh-Hant": "中華電力",
        "operator:wikidata": "Q977959",
        "operator:wikipedia": "zh:中華電力",
        "operator:zh": "中華電力有限公司",
        "operator:zh-Hans": "中华电力有限公司",
        "operator:zh-Hant": "中華電力有限公司",
        "power": "substation",
        "substation": "substation"
      },
      "geometry": {
        "type": "Polygon",
        "coordinates": [
          [
            [
              114.1174004,
              22.3698119
            ],
            [
              114.1173416,
              22.3697183
            ],
            [
              114.1173921,
              22.3696912
            ],
            [
              114.1174312,
              22.3697535
            ],
            [
              114.117398,
              22.3697709
            ],
            [
              114.1174176,
              22.3698027
            ],
            [
              114.1174004,
              22.3698119
            ]
          ]
        ]
      },
      "id": "way/998064482"
    },
    {
      "type": "Feature",
      "properties": {
        "@id": "way/1000098279",
        "name": "油麻磡村露天變電站 Yau Ma Hom Village O/D Substation",
        "name:en": "Yau Ma Hom Village O/D Substation",
        "name:zh": "油麻磡村露天變電站",
        "operator": "中華電力有限公司 CLP Power Hong Kong Limited",
        "operator:en": "CLP Power Hong Kong Limited",
        "operator:short": "中華電力 CLP",
        "operator:short:en": "CLP",
        "operator:short:zh": "中華電力",
        "operator:short:zh-Hans": "中华电力",
        "operator:short:zh-Hant": "中華電力",
        "operator:wikidata": "Q977959",
        "operator:wikipedia": "zh:中華電力",
        "operator:zh": "中華電力有限公司",
        "operator:zh-Hans": "中华电力有限公司",
        "operator:zh-Hant": "中華電力有限公司",
        "power": "substation",
        "substation": "substation"
      },
      "geometry": {
        "type": "Polygon",
        "coordinates": [
          [
            [
              114.1344347,
              22.3717306
            ],
            [
              114.1344158,
              22.3717562
            ],
            [
              114.1343897,
              22.3717364
            ],
            [
              114.1344111,
              22.3717084
            ],
            [
              114.1344201,
              22.3717169
            ],
            [
              114.1344347,
              22.3717306
            ]
          ]
        ]
      },
      "id": "way/1000098279"
    },
    {
      "type": "Feature",
      "properties": {
        "@id": "way/1009878717",
        "addr:housenumber": "5",
        "addr:street": "西摩臺 Seymour Terrace",
        "building": "industrial",
        "name": "西摩臺5號變壓站 Seymour Terrace 5 Substation",
        "name:en": "Seymour Terrace 5 Substation",
        "name:zh": "西摩臺5號變壓站",
        "operator": "香港電燈有限公司 The Hongkong Electric Company, Limited",
        "operator:en": "The Hongkong Electric Company, Limited",
        "operator:short": "港燈 HK Electric",
        "operator:short:en": "HK Electric",
        "operator:short:zh": "港燈",
        "operator:short:zh-Hans": "港灯",
        "operator:short:zh-Hant": "港燈",
        "operator:wikidata": "Q709104",
        "operator:zh": "香港電燈有限公司",
        "operator:zh-Hans": "香港电灯有限公司",
        "operator:zh-Hant": "香港電燈有限公司",
        "power": "substation",
        "substation": "distribution"
      },
      "geometry": {
        "type": "Polygon",
        "coordinates": [
          [
            [
              114.1503256,
              22.2810703
            ],
            [
              114.1503847,
              22.2811705
            ],
            [
              114.1503046,
              22.281211
            ],
            [
              114.1502454,
              22.2811107
            ],
            [
              114.1503256,
              22.2810703
            ]
          ]
        ]
      },
      "id": "way/1009878717"
    },
    {
      "type": "Feature",
      "properties": {
        "@id": "way/1011660096",
        "building": "service",
        "name": "梨木樹第三期公共交通轉運站變電站 Lee Muk Shue PH3 PTI Substation",
        "name:en": "Lee Muk Shue PH3 PTI Substation",
        "name:zh": "梨木樹第三期公共交通轉運站變電站",
        "power": "substation"
      },
      "geometry": {
        "type": "Polygon",
        "coordinates": [
          [
            [
              114.1363309,
              22.3771729
            ],
            [
              114.1363296,
              22.3771119
            ],
            [
              114.1363447,
              22.3771038
            ],
            [
              114.1363616,
              22.3770977
            ],
            [
              114.1363763,
              22.3770955
            ],
            [
              114.1363922,
              22.3770961
            ],
            [
              114.1364052,
              22.3770987
            ],
            [
              114.1364221,
              22.3771045
            ],
            [
              114.1364374,
              22.3771111
            ],
            [
              114.1364518,
              22.3771223
            ],
            [
              114.1364603,
              22.3771307
            ],
            [
              114.1364708,
              22.3771465
            ],
            [
              114.1364754,
              22.3771601
            ],
            [
              114.1364772,
              22.3771728
            ],
            [
              114.1363309,
              22.3771729
            ]
          ]
        ]
      },
      "id": "way/1011660096"
    },
    {
      "type": "Feature",
      "properties": {
        "@id": "way/1011992150",
        "building": "yes",
        "operator": "CLP",
        "operator:wikidata": "Q977959",
        "operator:wikipedia": "zh:中華電力",
        "power": "substation",
        "substation": "substation"
      },
      "geometry": {
        "type": "Polygon",
        "coordinates": [
          [
            [
              114.1776006,
              22.3401984
            ],
            [
              114.1776572,
              22.3401946
            ],
            [
              114.1776627,
              22.3402887
            ],
            [
              114.1776068,
              22.3402909
            ],
            [
              114.1776006,
              22.3401984
            ]
          ]
        ]
      },
      "id": "way/1011992150"
    },
    {
      "type": "Feature",
      "properties": {
        "@id": "way/1021194336",
        "power": "substation"
      },
      "geometry": {
        "type": "Polygon",
        "coordinates": [
          [
            [
              114.1507249,
              22.3361836
            ],
            [
              114.1507407,
              22.3362604
            ],
            [
              114.1507644,
              22.3363766
            ],
            [
              114.1505629,
              22.3364117
            ],
            [
              114.1505511,
              22.3363536
            ],
            [
              114.1505434,
              22.3363159
            ],
            [
              114.1505236,
              22.3362187
            ],
            [
              114.1507249,
              22.3361836
            ]
          ]
        ]
      },
      "id": "way/1021194336"
    },
    {
      "type": "Feature",
      "properties": {
        "@id": "way/1038912518",
        "name": "厚德變電站 Hau Tak Substation",
        "name:en": "Hau Tak Substation",
        "name:zh": "厚德變電站",
        "power": "substation"
      },
      "geometry": {
        "type": "Polygon",
        "coordinates": [
          [
            [
              114.2663851,
              22.3166241
            ],
            [
              114.2664968,
              22.3165337
            ],
            [
              114.2665219,
              22.3165159
            ],
            [
              114.2665505,
              22.3165036
            ],
            [
              114.2665813,
              22.3164972
            ],
            [
              114.2666128,
              22.3164971
            ],
            [
              114.2666412,
              22.3165026
            ],
            [
              114.2666678,
              22.3165132
            ],
            [
              114.2666916,
              22.3165285
            ],
            [
              114.2667117,
              22.3165478
            ],
            [
              114.2669395,
              22.3167885
            ],
            [
              114.2667137,
              22.3169714
            ],
            [
              114.2663851,
              22.3166241
            ]
          ]
        ]
      },
      "id": "way/1038912518"
    },
    {
      "type": "Feature",
      "properties": {
        "@id": "way/1047364190",
        "name": "眾安街變電站 Chung On Street Substation",
        "name:en": "Chung On Street Substation",
        "name:zh": "眾安街變電站",
        "operator": "中華電力有限公司 CLP Power Hong Kong Limited",
        "operator:en": "CLP Power Hong Kong Limited",
        "operator:short": "中華電力 CLP",
        "operator:short:en": "CLP",
        "operator:short:zh": "中華電力",
        "operator:short:zh-Hans": "中华电力",
        "operator:short:zh-Hant": "中華電力",
        "operator:wikidata": "Q977959",
        "operator:wikipedia": "zh:中華電力",
        "operator:zh": "中華電力有限公司",
        "operator:zh-Hans": "中华电力有限公司",
        "operator:zh-Hant": "中華電力有限公司",
        "power": "substation",
        "substation": "substation"
      },
      "geometry": {
        "type": "Polygon",
        "coordinates": [
          [
            [
              114.1180567,
              22.3723191
            ],
            [
              114.1180248,
              22.3722631
            ],
            [
              114.118106,
              22.3722179
            ],
            [
              114.1181283,
              22.372263
            ],
            [
              114.1180567,
              22.3723191
            ]
          ]
        ]
      },
      "id": "way/1047364190"
    },
    {
      "type": "Feature",
      "properties": {
        "@id": "way/1051197164",
        "building": "service",
        "building:levels": "1",
        "name": "港鐵會議展覽中心站西變電站 MTR Exhibition Ctr Stn West Substation",
        "name:en": "MTR Exhibition Ctr Stn West Substation",
        "name:zh": "港鐵會議展覽中心站西變電站",
        "power": "substation"
      },
      "geometry": {
        "type": "Polygon",
        "coordinates": [
          [
            [
              114.1748695,
              22.281767
            ],
            [
              114.174548,
              22.2817847
            ],
            [
              114.1745414,
              22.2816811
            ],
            [
              114.1748628,
              22.2816634
            ],
            [
              114.1748695,
              22.281767
            ]
          ]
        ]
      },
      "id": "way/1051197164"
    },
    {
      "type": "Feature",
      "properties": {
        "@id": "way/1052182853",
        "addr:housenumber": "34",
        "addr:street": "承啟道 Shing Kai Road",
        "name": "承啟道變電站 Shing Kai Road Substation",
        "name:en": "Shing Kai Road Substation",
        "name:zh": "承啟道變電站",
        "operator": "中華電力有限公司 CLP Power Hong Kong Limited",
        "operator:en": "CLP Power Hong Kong Limited",
        "operator:short": "中華電力 CLP",
        "operator:short:en": "CLP",
        "operator:short:zh": "中華電力",
        "operator:short:zh-Hans": "中华电力",
        "operator:short:zh-Hant": "中華電力",
        "operator:wikidata": "Q977959",
        "operator:zh": "中華電力有限公司",
        "operator:zh-Hans": "中华电力有限公司",
        "operator:zh-Hant": "中華電力有限公司",
        "power": "substation",
        "substation": "yes"
      },
      "geometry": {
        "type": "Polygon",
        "coordinates": [
          [
            [
              114.2010801,
              22.3255777
            ],
            [
              114.2010648,
              22.3256184
            ],
            [
              114.2008911,
              22.3260822
            ],
            [
              114.2005012,
              22.3257077
            ],
            [
              114.2005673,
              22.3255353
            ],
            [
              114.2006233,
              22.3253868
            ],
            [
              114.2006667,
              22.3254049
            ],
            [
              114.2008835,
              22.3254955
            ],
            [
              114.2009169,
              22.3255095
            ],
            [
              114.2009503,
              22.3255235
            ],
            [
              114.201028,
              22.3255559
            ],
            [
              114.2010801,
              22.3255777
            ]
          ]
        ]
      },
      "id": "way/1052182853"
    },
    {
      "type": "Feature",
      "properties": {
        "@id": "way/1052389917",
        "addr:housenumber": "189",
        "addr:street": "青山公路－洲頭段 Castle Peak Road – Chau Tau",
        "name": "古洞北變電站 Kwu Tung North Substation",
        "name:en": "Kwu Tung North Substation",
        "name:zh": "古洞北變電站",
        "not:operator:wikidata": "Q977959",
        "operator": "CLP",
        "power": "substation",
        "substation": "yes"
      },
      "geometry": {
        "type": "Polygon",
        "coordinates": [
          [
            [
              114.0963966,
              22.5045004
            ],
            [
              114.0963951,
              22.504476
            ],
            [
              114.0963938,
              22.5044529
            ],
            [
              114.0963769,
              22.5041292
            ],
            [
              114.0970847,
              22.5040891
            ],
            [
              114.0971057,
              22.5044633
            ],
            [
              114.0963966,
              22.5045004
            ]
          ]
        ]
      },
      "id": "way/1052389917"
    },
    {
      "type": "Feature",
      "properties": {
        "@id": "way/1054726027",
        "building": "service",
        "building:levels": "1",
        "power": "substation",
        "service": "power",
        "services": "site",
        "substation": "minor_distribution",
        "usage": "auxiliary",
        "utility": "power"
      },
      "geometry": {
        "type": "Polygon",
        "coordinates": [
          [
            [
              114.0063849,
              22.4648274
            ],
            [
              114.0063523,
              22.4647886
            ],
            [
              114.0064829,
              22.4646948
            ],
            [
              114.0065115,
              22.4647287
            ],
            [
              114.0063849,
              22.4648274
            ]
          ]
        ]
      },
      "id": "way/1054726027"
    },
    {
      "type": "Feature",
      "properties": {
        "@id": "way/1054726030",
        "building": "service",
        "building:levels": "1",
        "power": "substation",
        "service": "power",
        "services": "site",
        "substation": "minor_distribution",
        "usage": "auxiliary",
        "utility": "power"
      },
      "geometry": {
        "type": "Polygon",
        "coordinates": [
          [
            [
              114.0053126,
              22.4653875
            ],
            [
              114.0051642,
              22.4654532
            ],
            [
              114.0051388,
              22.4654044
            ],
            [
              114.0052107,
              22.4653725
            ],
            [
              114.0052181,
              22.4653868
            ],
            [
              114.0052947,
              22.4653529
            ],
            [
              114.0053126,
              22.4653875
            ]
          ]
        ]
      },
      "id": "way/1054726030"
    },
    {
      "type": "Feature",
      "properties": {
        "@id": "way/1061700085",
        "building": "service",
        "name": "Wong Chuk Street Substation",
        "power": "substation"
      },
      "geometry": {
        "type": "Polygon",
        "coordinates": [
          [
            [
              114.1647451,
              22.3277614
            ],
            [
              114.1646834,
              22.327694
            ],
            [
              114.1647811,
              22.3276175
            ],
            [
              114.1648428,
              22.3276848
            ],
            [
              114.1647451,
              22.3277614
            ]
          ]
        ]
      },
      "id": "way/1061700085"
    },
    {
      "type": "Feature",
      "properties": {
        "@id": "way/1069496828",
        "building": "service",
        "floating": "yes",
        "power": "substation",
        "service": "power",
        "substation": "minor_distribution",
        "utility": "no"
      },
      "geometry": {
        "type": "Polygon",
        "coordinates": [
          [
            [
              114.1619908,
              22.242998
            ],
            [
              114.161966,
              22.2429824
            ],
            [
              114.161988,
              22.2429525
            ],
            [
              114.1620128,
              22.2429681
            ],
            [
              114.1619908,
              22.242998
            ]
          ]
        ]
      },
      "id": "way/1069496828"
    },
    {
      "type": "Feature",
      "properties": {
        "@id": "way/1069496829",
        "building": "yes",
        "power": "substation"
      },
      "geometry": {
        "type": "Polygon",
        "coordinates": [
          [
            [
              114.1621086,
              22.2426928
            ],
            [
              114.1621311,
              22.2426557
            ],
            [
              114.1621727,
              22.2426773
            ],
            [
              114.1621502,
              22.2427144
            ],
            [
              114.1621086,
              22.2426928
            ]
          ]
        ]
      },
      "id": "way/1069496829"
    },
    {
      "type": "Feature",
      "properties": {
        "@id": "way/1070106132",
        "building": "yes",
        "power": "substation"
      },
      "geometry": {
        "type": "Polygon",
        "coordinates": [
          [
            [
              114.1903886,
              22.4594653
            ],
            [
              114.1904395,
              22.4593661
            ],
            [
              114.19049,
              22.4593882
            ],
            [
              114.1904713,
              22.4594248
            ],
            [
              114.1904986,
              22.4594368
            ],
            [
              114.1904665,
              22.4594994
            ],
            [
              114.1903886,
              22.4594653
            ]
          ]
        ]
      },
      "id": "way/1070106132"
    },
    {
      "type": "Feature",
      "properties": {
        "@id": "way/1075813427",
        "name": "葵盛圍變電站 Kwai Shing Wai Substation",
        "name:en": "Kwai Shing Wai Substation",
        "name:zh": "葵盛圍變電站",
        "operator": "中華電力有限公司 CLP Power Hong Kong Limited",
        "operator:en": "CLP Power Hong Kong Limited",
        "operator:short": "中華電力 CLP",
        "operator:short:en": "CLP",
        "operator:short:zh": "中華電力",
        "operator:short:zh-Hans": "中华电力",
        "operator:short:zh-Hant": "中華電力",
        "operator:wikidata": "Q977959",
        "operator:wikipedia": "zh:中華電力",
        "operator:zh": "中華電力有限公司",
        "operator:zh-Hans": "中华电力有限公司",
        "operator:zh-Hant": "中華電力有限公司",
        "power": "substation",
        "substation": "distribution"
      },
      "geometry": {
        "type": "Polygon",
        "coordinates": [
          [
            [
              114.1268204,
              22.3624498
            ],
            [
              114.1269148,
              22.3622067
            ],
            [
              114.1269758,
              22.3622278
            ],
            [
              114.1272556,
              22.3623243
            ],
            [
              114.1273485,
              22.3625847
            ],
            [
              114.1273793,
              22.3626153
            ],
            [
              114.1273706,
              22.3626384
            ],
            [
              114.1268204,
              22.3624498
            ]
          ]
        ]
      },
      "id": "way/1075813427"
    },
    {
      "type": "Feature",
      "properties": {
        "@id": "way/1076124388",
        "building": "service",
        "operator": "中華電力有限公司 CLP Power Hong Kong Limited",
        "operator:en": "CLP Power Hong Kong Limited",
        "operator:short": "中華電力 CLP",
        "operator:short:en": "CLP",
        "operator:short:zh": "中華電力",
        "operator:short:zh-Hans": "中华电力",
        "operator:short:zh-Hant": "中華電力",
        "operator:wikidata": "Q977959",
        "operator:wikipedia": "zh:中華電力",
        "operator:zh": "中華電力有限公司",
        "operator:zh-Hans": "中华电力有限公司",
        "operator:zh-Hant": "中華電力有限公司",
        "power": "substation",
        "substation": "minor_distribution"
      },
      "geometry": {
        "type": "Polygon",
        "coordinates": [
          [
            [
              114.1295527,
              22.3627219
            ],
            [
              114.1294942,
              22.3627005
            ],
            [
              114.1295366,
              22.3626014
            ],
            [
              114.1295951,
              22.3626228
            ],
            [
              114.1295527,
              22.3627219
            ]
          ]
        ]
      },
      "id": "way/1076124388"
    },
    {
      "type": "Feature",
      "properties": {
        "@id": "way/1079259986",
        "area": "yes",
        "name": "震寰路變電站 Tsun Wen Road Substation",
        "name:en": "Tsun Wen Road Substation",
        "name:zh": "震寰路變電站",
        "operator": "中華電力有限公司 CLP Power Hong Kong Limited",
        "operator:en": "CLP Power Hong Kong Limited",
        "operator:short": "中華電力 CLP",
        "operator:short:en": "CLP",
        "operator:short:zh": "中華電力",
        "operator:short:zh-Hans": "中华电力",
        "operator:short:zh-Hant": "中華電力",
        "operator:wikidata": "Q977959",
        "operator:zh": "中華電力有限公司",
        "operator:zh-Hans": "中华电力有限公司",
        "operator:zh-Hant": "中華電力有限公司",
        "power": "substation",
        "substation": "yes"
      },
      "geometry": {
        "type": "Polygon",
        "coordinates": [
          [
            [
              113.9678528,
              22.4093985
            ],
            [
              113.9681526,
              22.4093899
            ],
            [
              113.968191,
              22.4093888
            ],
            [
              113.9682149,
              22.4094294
            ],
            [
              113.9681599,
              22.4094999
            ],
            [
              113.9681248,
              22.4095438
            ],
            [
              113.9680873,
              22.4095803
            ],
            [
              113.9680455,
              22.4096165
            ],
            [
              113.9679904,
              22.4096599
            ],
            [
              113.967946,
              22.4096825
            ],
            [
              113.9679003,
              22.409687
            ],
            [
              113.9679,
              22.4096394
            ],
            [
              113.967838,
              22.4096422
            ],
            [
              113.9678304,
              22.4094221
            ],
            [
              113.9678528,
              22.4093985
            ]
          ]
        ]
      },
      "id": "way/1079259986"
    },
    {
      "type": "Feature",
      "properties": {
        "@id": "way/1079345245",
        "building": "yes",
        "power": "substation"
      },
      "geometry": {
        "type": "Polygon",
        "coordinates": [
          [
            [
              113.9731448,
              22.4082458
            ],
            [
              113.9731212,
              22.408171
            ],
            [
              113.9731708,
              22.4081577
            ],
            [
              113.9731784,
              22.4081817
            ],
            [
              113.9732004,
              22.4081758
            ],
            [
              113.9732164,
              22.4082265
            ],
            [
              113.9731448,
              22.4082458
            ]
          ]
        ]
      },
      "id": "way/1079345245"
    },
    {
      "type": "Feature",
      "properties": {
        "@id": "way/1117603241",
        "addr:housename": "中環填海西端變壓站 Central Reclamation West End Substation",
        "addr:housename:en": "Central Reclamation West End Substation",
        "addr:housename:zh": "中環填海西端變壓站",
        "addr:street": "民輝街 Man Fai Street",
        "addr:street:en": "Man Fai Street",
        "addr:street:zh": "民輝街",
        "brand": "香港電燈 HK Electric",
        "brand:en": "HK Electric",
        "brand:zh": "香港電燈",
        "landuse": "industrial",
        "name": "中環填海西端變壓站 Central Reclamation West End Substation",
        "name:en": "Central Reclamation West End Substation",
        "name:zh": "中環填海西端變壓站",
        "name:zh-Hans": "中环填海西端变压站",
        "name:zh-Hant": "中環填海西端變壓站",
        "operation": "private",
        "operator": "香港電燈有限公司 The Hongkong Electric Company, Limited",
        "operator:en": "The Hongkong Electric Company, Limited",
        "operator:short": "港燈 HK Electric",
        "operator:short:en": "HK Electric",
        "operator:short:zh": "港燈",
        "operator:short:zh-Hans": "港灯",
        "operator:short:zh-Hant": "港燈",
        "operator:wikidata": "Q709104",
        "operator:zh": "香港電燈有限公司",
        "operator:zh-Hans": "香港电灯有限公司",
        "operator:zh-Hant": "香港電燈有限公司",
        "power": "substation",
        "substation": "distribution",
        "utility": "power"
      },
      "geometry": {
        "type": "Polygon",
        "coordinates": [
          [
            [
              114.1554781,
              22.2878339
            ],
            [
              114.1555374,
              22.2878734
            ],
            [
              114.1556002,
              22.2879114
            ],
            [
              114.1557598,
              22.2879734
            ],
            [
              114.1556995,
              22.2881335
            ],
            [
              114.1554739,
              22.2881696
            ],
            [
              114.1554316,
              22.2881709
            ],
            [
              114.1553888,
              22.2881633
            ],
            [
              114.1553476,
              22.2881527
            ],
            [
              114.1554781,
              22.2878339
            ]
          ]
        ]
      },
      "id": "way/1117603241"
    },
    {
      "type": "Feature",
      "properties": {
        "@id": "way/1138562323",
        "name": "坳背山污水處理廠變電站 O Pui Shan Sew Treat Plt Substation",
        "name:en": "O Pui Shan Sew Treat Plt Substation",
        "name:zh": "坳背山污水處理廠變電站",
        "power": "substation"
      },
      "geometry": {
        "type": "Polygon",
        "coordinates": [
          [
            [
              114.1424495,
              22.3447626
            ],
            [
              114.1423847,
              22.3447192
            ],
            [
              114.1424182,
              22.3446766
            ],
            [
              114.1424611,
              22.3447053
            ],
            [
              114.1424849,
              22.3446749
            ],
            [
              114.1425068,
              22.3446896
            ],
            [
              114.1424495,
              22.3447626
            ]
          ]
        ]
      },
      "id": "way/1138562323"
    },
    {
      "type": "Feature",
      "properties": {
        "@id": "way/1155949683",
        "building": "yes",
        "power": "substation"
      },
      "geometry": {
        "type": "Polygon",
        "coordinates": [
          [
            [
              114.1295017,
              22.2691145
            ],
            [
              114.1296152,
              22.2692691
            ],
            [
              114.1295783,
              22.2692923
            ],
            [
              114.1294967,
              22.2691812
            ],
            [
              114.1295109,
              22.2691723
            ],
            [
              114.129479,
              22.2691288
            ],
            [
              114.1295017,
              22.2691145
            ]
          ]
        ]
      },
      "id": "way/1155949683"
    },
    {
      "type": "Feature",
      "properties": {
        "@id": "way/1167857675",
        "building": "yes",
        "power": "substation"
      },
      "geometry": {
        "type": "Polygon",
        "coordinates": [
          [
            [
              114.2078212,
              22.3360438
            ],
            [
              114.2077528,
              22.3359642
            ],
            [
              114.2077863,
              22.3359397
            ],
            [
              114.2077823,
              22.3359351
            ],
            [
              114.2078121,
              22.3359132
            ],
            [
              114.2078844,
              22.3359974
            ],
            [
              114.2078212,
              22.3360438
            ]
          ]
        ]
      },
      "id": "way/1167857675"
    },
    {
      "type": "Feature",
      "properties": {
        "@id": "way/1168435213",
        "name": "九龍塘變電站 Kowloon Tong Substation",
        "name:en": "Kowloon Tong Substation",
        "name:zh": "九龍塘變電站",
        "power": "substation"
      },
      "geometry": {
        "type": "Polygon",
        "coordinates": [
          [
            [
              114.1786801,
              22.3268507
            ],
            [
              114.1789218,
              22.3268618
            ],
            [
              114.1789186,
              22.3269115
            ],
            [
              114.1786776,
              22.3268983
            ],
            [
              114.1786256,
              22.3268955
            ],
            [
              114.178617,
              22.3267376
            ],
            [
              114.1786632,
              22.3267397
            ],
            [
              114.1786619,
              22.3267632
            ],
            [
              114.1786848,
              22.3267643
            ],
            [
              114.1786801,
              22.3268507
            ]
          ]
        ]
      },
      "id": "way/1168435213"
    },
    {
      "type": "Feature",
      "properties": {
        "@id": "way/1174487668",
        "addr:housenumber": "60",
        "addr:street": "大埔道 Tai Po Road",
        "barrier": "wall",
        "name": "大埔道變電站 Tai Po Road Substation",
        "name:en": "Tai Po Road Substation",
        "name:zh": "大埔道變電站",
        "power": "substation",
        "source": "Kaart Ground Survey 2017"
      },
      "geometry": {
        "type": "Polygon",
        "coordinates": [
          [
            [
              114.1673933,
              22.3282582
            ],
            [
              114.1673184,
              22.328409
            ],
            [
              114.1670823,
              22.3283081
            ],
            [
              114.1670989,
              22.3282766
            ],
            [
              114.1671936,
              22.3282707
            ],
            [
              114.1673218,
              22.3282627
            ],
            [
              114.1673933,
              22.3282582
            ]
          ]
        ]
      },
      "id": "way/1174487668"
    },
    {
      "type": "Feature",
      "properties": {
        "@id": "way/1175795798",
        "building": "service",
        "name": "啟德社區隔離設施第三A期C房變電站 Kai Tak Government Camp Room C Substation",
        "name:en": "Kai Tak Government Camp Room C Substation",
        "name:zh": "啟德社區隔離設施第三A期C房變電站",
        "power": "substation",
        "service": "power",
        "services": "site",
        "substation": "minor_distribution",
        "temporary": "yes",
        "utility": "power"
      },
      "geometry": {
        "type": "Polygon",
        "coordinates": [
          [
            [
              114.2148759,
              22.3067239
            ],
            [
              114.2149503,
              22.3066556
            ],
            [
              114.2150256,
              22.3067257
            ],
            [
              114.2149963,
              22.3067527
            ],
            [
              114.2150227,
              22.3067773
            ],
            [
              114.2149776,
              22.3068187
            ],
            [
              114.2148759,
              22.3067239
            ]
          ]
        ]
      },
      "id": "way/1175795798"
    },
    {
      "type": "Feature",
      "properties": {
        "@id": "way/1175795799",
        "building": "service",
        "name": "啟德社區隔離設施第二期B房變電站 Kai Tak Government Camp Room B Substation",
        "name:en": "Kai Tak Government Camp Room B Substation",
        "name:zh": "啟德社區隔離設施第二期B房變電站",
        "power": "substation",
        "service": "power",
        "services": "site",
        "substation": "minor_distribution",
        "temporary": "yes",
        "utility": "power"
      },
      "geometry": {
        "type": "Polygon",
        "coordinates": [
          [
            [
              114.2145726,
              22.3076622
            ],
            [
              114.2145906,
              22.3076324
            ],
            [
              114.2145502,
              22.3076115
            ],
            [
              114.2146,
              22.3075292
            ],
            [
              114.2146915,
              22.3075765
            ],
            [
              114.2146237,
              22.3076886
            ],
            [
              114.2145726,
              22.3076622
            ]
          ]
        ]
      },
      "id": "way/1175795799"
    },
    {
      "type": "Feature",
      "properties": {
        "@id": "way/1175795800",
        "building": "service",
        "name": "啟德社區隔離設施第一期A房變電站 Kai Tak Government Camp Room A Substation",
        "name:en": "Kai Tak Government Camp Room A Substation",
        "name:zh": "啟德社區隔離設施第一期A房變電站",
        "power": "substation",
        "service": "power",
        "services": "site",
        "substation": "minor_distribution",
        "temporary": "yes",
        "utility": "power"
      },
      "geometry": {
        "type": "Polygon",
        "coordinates": [
          [
            [
              114.213684,
              22.3085441
            ],
            [
              114.2136149,
              22.308471
            ],
            [
              114.2136766,
              22.3084212
            ],
            [
              114.2136954,
              22.308406
            ],
            [
              114.2137226,
              22.3084348
            ],
            [
              114.2137509,
              22.3084119
            ],
            [
              114.2137927,
              22.3084562
            ],
            [
              114.213684,
              22.3085441
            ]
          ]
        ]
      },
      "id": "way/1175795800"
    },
    {
      "type": "Feature",
      "properties": {
        "@id": "way/1185007380",
        "addr:housename": "荔灣交匯變電站 Lai Wan Interchange Substation",
        "addr:housename:en": "Lai Wan Interchange Substation",
        "addr:housename:zh": "荔灣交匯變電站",
        "addr:street": "荔寶路 Lai Po Road",
        "addr:street:en": "Lai Po Road",
        "addr:street:zh": "荔寶路",
        "building": "service",
        "name": "荔灣交匯變電站 Lai Wan Interchange Substation",
        "name:en": "Lai Wan Interchange Substation",
        "name:zh": "荔灣交匯變電站",
        "power": "substation",
        "service": "power"
      },
      "geometry": {
        "type": "Polygon",
        "coordinates": [
          [
            [
              114.1418888,
              22.3308688
            ],
            [
              114.1418217,
              22.3304842
            ],
            [
              114.1418863,
              22.3304746
            ],
            [
              114.1419533,
              22.3308592
            ],
            [
              114.1418888,
              22.3308688
            ]
          ]
        ]
      },
      "id": "way/1185007380"
    },
    {
      "type": "Feature",
      "properties": {
        "@id": "way/1187571758",
        "power": "substation"
      },
      "geometry": {
        "type": "Polygon",
        "coordinates": [
          [
            [
              114.2029221,
              22.34994
            ],
            [
              114.2029239,
              22.3500718
            ],
            [
              114.2028777,
              22.3500724
            ],
            [
              114.2028758,
              22.3499406
            ],
            [
              114.2029221,
              22.34994
            ]
          ]
        ]
      },
      "id": "way/1187571758"
    },
    {
      "type": "Feature",
      "properties": {
        "@id": "way/1188565792",
        "power": "substation"
      },
      "geometry": {
        "type": "Polygon",
        "coordinates": [
          [
            [
              114.205045,
              22.3483552
            ],
            [
              114.2051867,
              22.3483951
            ],
            [
              114.2051554,
              22.34849
            ],
            [
              114.2050137,
              22.3484501
            ],
            [
              114.205045,
              22.3483552
            ]
          ]
        ]
      },
      "id": "way/1188565792"
    },
    {
      "type": "Feature",
      "properties": {
        "@id": "way/1188894427",
        "landuse": "industrial",
        "name": "大道村變電站 Tai Tao Tsuen Substation",
        "name:en": "Tai Tao Tsuen Substation",
        "name:zh": "大道村變電站",
        "operator": "中華電力有限公司 CLP Power Hong Kong Limited",
        "operator:en": "CLP Power Hong Kong Limited",
        "operator:short": "中華電力 CLP",
        "operator:short:en": "CLP",
        "operator:short:zh": "中華電力",
        "operator:short:zh-Hans": "中华电力",
        "operator:short:zh-Hant": "中華電力",
        "operator:wikidata": "Q977959",
        "operator:zh": "中華電力有限公司",
        "operator:zh-Hans": "中华电力有限公司",
        "operator:zh-Hant": "中華電力有限公司",
        "power": "substation",
        "substation": "transmission"
      },
      "geometry": {
        "type": "Polygon",
        "coordinates": [
          [
            [
              114.0011963,
              22.4353864
            ],
            [
              114.0017354,
              22.4350004
            ],
            [
              114.0018442,
              22.4349787
            ],
            [
              114.0019858,
              22.4350298
            ],
            [
              114.0018319,
              22.4353943
            ],
            [
              114.0016833,
              22.4354128
            ],
            [
              114.0015793,
              22.4354228
            ],
            [
              114.0015092,
              22.4354242
            ],
            [
              114.0014637,
              22.4354207
            ],
            [
              114.0013852,
              22.4353957
            ],
            [
              114.0013266,
              22.4354057
            ],
            [
              114.0011963,
              22.4353864
            ]
          ]
        ]
      },
      "id": "way/1188894427"
    },
    {
      "type": "Feature",
      "properties": {
        "@id": "way/1192566223",
        "building": "yes",
        "name": "古洞北變電站 Kwu Tung North Substation",
        "name:en": "Kwu Tung North Substation",
        "name:zh": "古洞北變電站",
        "not:operator:wikidata": "Q977959",
        "operator": "CLP",
        "power": "substation"
      },
      "geometry": {
        "type": "Polygon",
        "coordinates": [
          [
            [
              114.0965415,
              22.5043963
            ],
            [
              114.0964964,
              22.5043537
            ],
            [
              114.0964931,
              22.5042808
            ],
            [
              114.096451,
              22.5042824
            ],
            [
              114.0964413,
              22.5041318
            ],
            [
              114.0970084,
              22.5040952
            ],
            [
              114.0970214,
              22.5043784
            ],
            [
              114.0965415,
              22.5043963
            ]
          ]
        ]
      },
      "id": "way/1192566223"
    },
    {
      "type": "Feature",
      "properties": {
        "@id": "way/1194006700",
        "building": "service",
        "building:levels": "1",
        "power": "substation",
        "substation": "minor_distribution"
      },
      "geometry": {
        "type": "Polygon",
        "coordinates": [
          [
            [
              114.1779155,
              22.282643
            ],
            [
              114.1779271,
              22.2826077
            ],
            [
              114.1779328,
              22.2825903
            ],
            [
              114.1780347,
              22.2826188
            ],
            [
              114.1780175,
              22.2826715
            ],
            [
              114.1779155,
              22.282643
            ]
          ]
        ]
      },
      "id": "way/1194006700"
    },
    {
      "type": "Feature",
      "properties": {
        "@id": "way/1195545898",
        "building:levels": "3",
        "building:material": "concrete",
        "building:part": "yes",
        "height": "8",
        "location": "indoor",
        "power": "substation",
        "substation": "distribution"
      },
      "geometry": {
        "type": "Polygon",
        "coordinates": [
          [
            [
              114.1179525,
              22.3556691
            ],
            [
              114.1179918,
              22.3556478
            ],
            [
              114.1180737,
              22.3557771
            ],
            [
              114.1180221,
              22.3558051
            ],
            [
              114.1179704,
              22.3557237
            ],
            [
              114.1179545,
              22.3556987
            ],
            [
              114.117967,
              22.3556919
            ],
            [
              114.1179525,
              22.3556691
            ]
          ]
        ]
      },
      "id": "way/1195545898"
    },
    {
      "type": "Feature",
      "properties": {
        "@id": "way/1195545909",
        "addr": "shared",
        "addr:housename": "葵涌公眾殮房 Kwai Chung Public Mortuary",
        "addr:housename:en": "Kwai Chung Public Mortuary",
        "addr:housename:zh": "葵涌公眾殮房",
        "addr:housenumber": "100",
        "addr:street": "葵喜街 Kwai Hei Street",
        "addr:street:en": "Kwai Hei Street",
        "addr:street:zh": "葵喜街",
        "building": "service",
        "power": "substation",
        "service": "power",
        "substation": "minor_distribution"
      },
      "geometry": {
        "type": "Polygon",
        "coordinates": [
          [
            [
              114.1178548,
              22.3557388
            ],
            [
              114.1178902,
              22.3557205
            ],
            [
              114.1179113,
              22.3557554
            ],
            [
              114.1179704,
              22.3557237
            ],
            [
              114.1179545,
              22.3556987
            ],
            [
              114.117967,
              22.3556919
            ],
            [
              114.1179525,
              22.3556691
            ],
            [
              114.1179918,
              22.3556478
            ],
            [
              114.1180737,
              22.3557771
            ],
            [
              114.1180221,
              22.3558051
            ],
            [
              114.1179616,
              22.3558387
            ],
            [
              114.1179261,
              22.355857
            ],
            [
              114.1178548,
              22.3557388
            ]
          ]
        ]
      },
      "id": "way/1195545909"
    },
    {
      "type": "Feature",
      "properties": {
        "@id": "way/1203964032",
        "building": "yes",
        "name": "馬適路變電站 Ma Sik Road Substation",
        "power": "substation"
      },
      "geometry": {
        "type": "Polygon",
        "coordinates": [
          [
            [
              114.1465751,
              22.5025858
            ],
            [
              114.1462737,
              22.5022676
            ],
            [
              114.1465091,
              22.5020773
            ],
            [
              114.1468105,
              22.5023953
            ],
            [
              114.1465751,
              22.5025858
            ]
          ]
        ]
      },
      "id": "way/1203964032"
    },
    {
      "type": "Feature",
      "properties": {
        "@id": "way/1203964033",
        "power": "substation"
      },
      "geometry": {
        "type": "Polygon",
        "coordinates": [
          [
            [
              114.1462374,
              22.5022692
            ],
            [
              114.1465213,
              22.5020386
            ],
            [
              114.1468562,
              22.5024008
            ],
            [
              114.1466086,
              22.5027114
            ],
            [
              114.1462374,
              22.5022692
            ]
          ]
        ]
      },
      "id": "way/1203964033"
    },
    {
      "type": "Feature",
      "properties": {
        "@id": "way/1204074065",
        "addr:housenumber": "35",
        "addr:street": "麥當勞道 Macdonnell Road",
        "building": "yes",
        "location": "indoor",
        "power": "substation",
        "substation": "converter"
      },
      "geometry": {
        "type": "Polygon",
        "coordinates": [
          [
            [
              114.1589535,
              22.2754794
            ],
            [
              114.1589045,
              22.2754816
            ],
            [
              114.1589013,
              22.2754195
            ],
            [
              114.1589102,
              22.2753788
            ],
            [
              114.1589485,
              22.2753832
            ],
            [
              114.1589535,
              22.2754794
            ]
          ]
        ]
      },
      "id": "way/1204074065"
    },
    {
      "type": "Feature",
      "properties": {
        "@id": "way/1204354604",
        "addr:housenumber": "16",
        "addr:street": "麥當勞道 Macdonnell Road",
        "building": "yes",
        "location": "indoor",
        "power": "substation",
        "substation": "distribution"
      },
      "geometry": {
        "type": "Polygon",
        "coordinates": [
          [
            [
              114.1566811,
              22.2757046
            ],
            [
              114.1566273,
              22.2757053
            ],
            [
              114.1566264,
              22.2756485
            ],
            [
              114.1566259,
              22.2756172
            ],
            [
              114.1566798,
              22.2756165
            ],
            [
              114.1566811,
              22.2757046
            ]
          ]
        ]
      },
      "id": "way/1204354604"
    },
    {
      "type": "Feature",
      "properties": {
        "@id": "way/1204354616",
        "building": "yes",
        "location": "indoor",
        "name": "馬己仙峽道二號變壓站 Magazine Gap Road No. 2 Substation",
        "name:en": "Magazine Gap Road No. 2 Substation",
        "name:zh": "馬己仙峽道二號變壓站",
        "operator": "香港電燈有限公司 The Hongkong Electric Company, Limited",
        "operator:en": "The Hongkong Electric Company, Limited",
        "operator:short": "港燈 HK Electric",
        "operator:short:en": "HK Electric",
        "operator:short:zh": "港燈",
        "operator:short:zh-Hans": "港灯",
        "operator:short:zh-Hant": "港燈",
        "operator:wikidata": "Q709104",
        "operator:zh": "香港電燈有限公司",
        "operator:zh-Hans": "香港电灯有限公司",
        "operator:zh-Hant": "香港電燈有限公司",
        "power": "substation",
        "substation": "distribution"
      },
      "geometry": {
        "type": "Polygon",
        "coordinates": [
          [
            [
              114.1581443,
              22.2744034
            ],
            [
              114.1580986,
              22.2744268
            ],
            [
              114.1580704,
              22.2743796
            ],
            [
              114.1581161,
              22.2743562
            ],
            [
              114.1581443,
              22.2744034
            ]
          ]
        ]
      },
      "id": "way/1204354616"
    },
    {
      "type": "Feature",
      "properties": {
        "@id": "way/1205382519",
        "building": "service",
        "power": "substation",
        "substation": "minor_distribution"
      },
      "geometry": {
        "type": "Polygon",
        "coordinates": [
          [
            [
              114.1887203,
              22.3260876
            ],
            [
              114.1887001,
              22.3260462
            ],
            [
              114.1887404,
              22.3260294
            ],
            [
              114.1887274,
              22.3260027
            ],
            [
              114.1888021,
              22.3259715
            ],
            [
              114.1888353,
              22.3260396
            ],
            [
              114.1887203,
              22.3260876
            ]
          ]
        ]
      },
      "id": "way/1205382519"
    },
    {
      "type": "Feature",
      "properties": {
        "@id": "way/1205704228",
        "barrier": "wall",
        "landuse": "industrial",
        "location": "indoor",
        "name": "美環街變電站 Mei Wan Street Substation",
        "name:en": "Mei Wan Street Substation",
        "name:zh": "美環街變電站",
        "operator": "中華電力有限公司 CLP Power Hong Kong Limited",
        "operator:en": "CLP Power Hong Kong Limited",
        "operator:short": "中華電力 CLP",
        "operator:short:en": "CLP",
        "operator:short:zh": "中華電力",
        "operator:short:zh-Hans": "中华电力",
        "operator:short:zh-Hant": "中華電力",
        "operator:wikidata": "Q977959",
        "operator:zh": "中華電力有限公司",
        "operator:zh-Hans": "中华电力有限公司",
        "operator:zh-Hant": "中華電力有限公司",
        "power": "substation",
        "substation": "distribution",
        "utility": "power"
      },
      "geometry": {
        "type": "Polygon",
        "coordinates": [
          [
            [
              114.1133622,
              22.3760037
            ],
            [
              114.1135502,
              22.3759441
            ],
            [
              114.1136485,
              22.3759158
            ],
            [
              114.1138037,
              22.3758807
            ],
            [
              114.1138223,
              22.3758764
            ],
            [
              114.1138603,
              22.3758683
            ],
            [
              114.1139536,
              22.3758505
            ],
            [
              114.1139684,
              22.3759367
            ],
            [
              114.1134738,
              22.3761899
            ],
            [
              114.1133622,
              22.3760037
            ]
          ]
        ]
      },
      "id": "way/1205704228"
    },
    {
      "type": "Feature",
      "properties": {
        "@id": "way/1207641621",
        "power": "substation"
      },
      "geometry": {
        "type": "Polygon",
        "coordinates": [
          [
            [
              114.2173201,
              22.3980245
            ],
            [
              114.2173368,
              22.3979852
            ],
            [
              114.2173551,
              22.3979919
            ],
            [
              114.2173384,
              22.3980312
            ],
            [
              114.2173201,
              22.3980245
            ]
          ]
        ]
      },
      "id": "way/1207641621"
    },
    {
      "type": "Feature",
      "properties": {
        "@id": "way/1209248826",
        "name": "綠楊新邨變電站 Luk Yeung Sun Chuen Substation",
        "name:en": "Luk Yeung Sun Chuen Substation",
        "name:zh": "綠楊新邨變電站",
        "operator": "中華電力有限公司 CLP Power Hong Kong Limited",
        "operator:en": "CLP Power Hong Kong Limited",
        "operator:short": "中華電力 CLP",
        "operator:short:en": "CLP",
        "operator:short:zh": "中華電力",
        "operator:short:zh-Hans": "中华电力",
        "operator:short:zh-Hant": "中華電力",
        "operator:wikidata": "Q977959",
        "operator:zh": "中華電力有限公司",
        "operator:zh-Hans": "中华电力有限公司",
        "operator:zh-Hant": "中華電力有限公司",
        "power": "substation",
        "substation": "yes"
      },
      "geometry": {
        "type": "Polygon",
        "coordinates": [
          [
            [
              114.1201885,
              22.374362
            ],
            [
              114.1202361,
              22.3744498
            ],
            [
              114.1202393,
              22.3744557
            ],
            [
              114.1202049,
              22.3745037
            ],
            [
              114.1202013,
              22.3745053
            ],
            [
              114.1200505,
              22.3745727
            ],
            [
              114.1200392,
              22.3745782
            ],
            [
              114.1199914,
              22.3745865
            ],
            [
              114.1199256,
              22.3746001
            ],
            [
              114.1198773,
              22.3745045
            ],
            [
              114.1198933,
              22.3744972
            ],
            [
              114.1201885,
              22.374362
            ]
          ]
        ]
      },
      "id": "way/1209248826"
    },
    {
      "type": "Feature",
      "properties": {
        "@id": "way/1210302137",
        "addr:housenumber": "6",
        "addr:street": "威利麻街 Wilmer Street",
        "building": "yes",
        "name": "威利麻街6號變壓站 Wilmer St 6 Substation",
        "name:en": "Wilmer St 6 Substation",
        "name:zh": "威利麻街6號變壓站",
        "power": "substation"
      },
      "geometry": {
        "type": "Polygon",
        "coordinates": [
          [
            [
              114.1444052,
              22.2873387
            ],
            [
              114.1444952,
              22.2873359
            ],
            [
              114.1444973,
              22.287392
            ],
            [
              114.1444073,
              22.2873948
            ],
            [
              114.1444052,
              22.2873387
            ]
          ]
        ]
      },
      "id": "way/1210302137"
    },
    {
      "type": "Feature",
      "properties": {
        "@id": "way/1210767617",
        "building": "yes",
        "building:levels": "1",
        "name": "基隆街變電站 Ki Lung Street Substation",
        "name:en": "Ki Lung Street Substation",
        "name:zh": "基隆街變電站",
        "power": "substation"
      },
      "geometry": {
        "type": "Polygon",
        "coordinates": [
          [
            [
              114.1631386,
              22.3276228
            ],
            [
              114.1632501,
              22.3277473
            ],
            [
              114.1632165,
              22.3277731
            ],
            [
              114.1631941,
              22.3277481
            ],
            [
              114.1631049,
              22.3276486
            ],
            [
              114.1631386,
              22.3276228
            ]
          ]
        ]
      },
      "id": "way/1210767617"
    },
    {
      "type": "Feature",
      "properties": {
        "@id": "way/1211539905",
        "building": "yes",
        "layer": "-1",
        "power": "substation"
      },
      "geometry": {
        "type": "Polygon",
        "coordinates": [
          [
            [
              114.1568088,
              22.5108138
            ],
            [
              114.1568004,
              22.5107736
            ],
            [
              114.1568218,
              22.5107698
            ],
            [
              114.1568302,
              22.51081
            ],
            [
              114.1568088,
              22.5108138
            ]
          ]
        ]
      },
      "id": "way/1211539905"
    },
    {
      "type": "Feature",
      "properties": {
        "@id": "way/1211729646",
        "building": "yes",
        "power": "substation"
      },
      "geometry": {
        "type": "Polygon",
        "coordinates": [
          [
            [
              114.1863953,
              22.3854035
            ],
            [
              114.1861972,
              22.3854498
            ],
            [
              114.1861836,
              22.3854
            ],
            [
              114.1863817,
              22.3853538
            ],
            [
              114.1863935,
              22.385397
            ],
            [
              114.1863953,
              22.3854035
            ]
          ]
        ]
      },
      "id": "way/1211729646"
    },
    {
      "type": "Feature",
      "properties": {
        "@id": "way/1212009947",
        "name": "新月樓‵B‵變電站 New Moon House 'B' Substation",
        "name:en": "New Moon House 'B' Substation",
        "name:zh": "新月樓‵B‵變電站",
        "operator": "中華電力有限公司 CLP Power Hong Kong Limited",
        "operator:en": "CLP Power Hong Kong Limited",
        "operator:short": "中華電力 CLP",
        "operator:short:en": "CLP",
        "operator:short:zh": "中華電力",
        "operator:short:zh-Hans": "中华电力",
        "operator:short:zh-Hant": "中華電力",
        "operator:wikidata": "Q977959",
        "operator:zh": "中華電力有限公司",
        "operator:zh-Hans": "中华电力有限公司",
        "operator:zh-Hant": "中華電力有限公司",
        "power": "substation"
      },
      "geometry": {
        "type": "Polygon",
        "coordinates": [
          [
            [
              114.2626204,
              22.3296361
            ],
            [
              114.2626528,
              22.329604
            ],
            [
              114.262703,
              22.3296473
            ],
            [
              114.2626706,
              22.3296794
            ],
            [
              114.2626204,
              22.3296361
            ]
          ]
        ]
      },
      "id": "way/1212009947"
    },
    {
      "type": "Feature",
      "properties": {
        "@id": "way/1214572627",
        "addr:housename": "赤鱲角牽引變電站 Chek Lap Kok Traction Substation",
        "addr:housename:en": "Chek Lap Kok Traction Substation",
        "addr:housename:zh": "赤鱲角牽引變電站",
        "addr:suburb": "赤鱲角 Chek Lap Kok",
        "addr:suburb:en": "Chek Lap Kok",
        "addr:suburb:zh": "赤鱲角",
        "brand": "港鐵 MTR;機場快綫 Airport Express",
        "brand:en": "MTR;Airport Express",
        "brand:zh": "港鐵;機場快綫",
        "frequency": "50;0",
        "label": "港鐵赤鱲角牽引變電站 MTR Chek Lap Kok Traction Substation",
        "label:en": "MTR Chek Lap Kok Traction Substation",
        "label:zh": "港鐵赤鱲角牽引變電站",
        "landuse": "industrial",
        "name": "赤鱲角牽引變電站 Chek Lap Kok Traction Substation",
        "name:en": "Chek Lap Kok Traction Substation",
        "name:zh": "赤鱲角牽引變電站",
        "name:zh-Hans": "赤鱲角牵引变电站",
        "name:zh-Hant": "赤鱲角牽引變電站",
        "network": "港鐵 MTR",
        "network:en": "MTR",
        "network:ref": "MTR",
        "network:wikidata": "Q14751",
        "network:zh": "港鐵",
        "operator": "香港鐵路有限公司 MTR Corporation Limited",
        "operator:en": "MTR Corporation Limited",
        "operator:wikidata": "Q1479375",
        "operator:zh": "香港鐵路有限公司",
        "owner": "香港鐵路有限公司 MTR Corporation Limited",
        "owner:en": "MTR Corporation Limited",
        "owner:wikidata": "Q1479375",
        "owner:zh": "香港鐵路有限公司",
        "power": "substation",
        "ref": "CHT",
        "substation": "traction",
        "subway": "yes",
        "voltage": "33000;1500",
        "voltage:primary": "33000",
        "voltage:secondary": "1500"
      },
      "geometry": {
        "type": "Polygon",
        "coordinates": [
          [
            [
              113.9359219,
              22.3204889
            ],
            [
              113.9359193,
              22.3204586
            ],
            [
              113.9359166,
              22.3204281
            ],
            [
              113.9358133,
              22.3203946
            ],
            [
              113.935926,
              22.3200609
            ],
            [
              113.9368084,
              22.3203475
            ],
            [
              113.9367051,
              22.3205633
            ],
            [
              113.9366327,
              22.3205733
            ],
            [
              113.936386,
              22.3206278
            ],
            [
              113.9359219,
              22.3204889
            ]
          ]
        ]
      },
      "id": "way/1214572627"
    },
    {
      "type": "Feature",
      "properties": {
        "@id": "way/1215615519",
        "level": "0",
        "location": "indoor",
        "name": "皇后大道中變壓站 Queen's Road Central 142 Substation",
        "name:en": "Queen's Road Central 142 Substation",
        "name:zh": "皇后大道中變壓站",
        "power": "substation",
        "substation": "distribution"
      },
      "geometry": {
        "type": "Polygon",
        "coordinates": [
          [
            [
              114.1539708,
              22.2840154
            ],
            [
              114.1539423,
              22.2840391
            ],
            [
              114.1539184,
              22.2840144
            ],
            [
              114.1539469,
              22.2839908
            ],
            [
              114.1539618,
              22.2840061
            ],
            [
              114.1539708,
              22.2840154
            ]
          ]
        ]
      },
      "id": "way/1215615519"
    },
    {
      "type": "Feature",
      "properties": {
        "@id": "way/1216141844",
        "building": "industrial",
        "name": "荷李活道三十二號變壓站 Hollywood Road 32 Substation",
        "name:en": "Hollywood Road 32 Substation",
        "name:zh": "荷李活道三十二號變壓站",
        "power": "substation",
        "substation": "distribution"
      },
      "geometry": {
        "type": "Polygon",
        "coordinates": [
          [
            [
              114.1530313,
              22.2821404
            ],
            [
              114.1529854,
              22.2820912
            ],
            [
              114.1530132,
              22.282069
            ],
            [
              114.1530591,
              22.2821182
            ],
            [
              114.1530313,
              22.2821404
            ]
          ]
        ]
      },
      "id": "way/1216141844"
    },
    {
      "type": "Feature",
      "properties": {
        "@id": "way/1216657461",
        "addr:housename": "安心街變電站 On Sum Street Substation",
        "addr:housename:en": "On Sum Street Substation",
        "addr:housename:zh": "安心街變電站",
        "addr:street": "安心街 On Sum Street",
        "addr:street:en": "On Sum Street",
        "addr:street:zh": "安心街",
        "landuse": "industrial",
        "name": "安心街變電站 On Sum Street Substation",
        "name:en": "On Sum Street Substation",
        "name:zh": "安心街變電站",
        "power": "substation",
        "substation": "distribution",
        "utility": "power"
      },
      "geometry": {
        "type": "Polygon",
        "coordinates": [
          [
            [
              114.2090483,
              22.3916982
            ],
            [
              114.209091,
              22.3916625
            ],
            [
              114.2091262,
              22.3916331
            ],
            [
              114.2091455,
              22.3916731
            ],
            [
              114.2091677,
              22.3917193
            ],
            [
              114.2091363,
              22.3918297
            ],
            [
              114.209109,
              22.3919351
            ],
            [
              114.2090578,
              22.3921324
            ],
            [
              114.209031,
              22.3922414
            ],
            [
              114.2088061,
              22.3921995
            ],
            [
              114.2085697,
              22.3921434
            ],
            [
              114.2086616,
              22.3920585
            ],
            [
              114.2089192,
              22.3918089
            ],
            [
              114.2090483,
              22.3916982
            ]
          ]
        ]
      },
      "id": "way/1216657461"
    },
    {
      "type": "Feature",
      "properties": {
        "@id": "way/1221714730",
        "operator": "中華電力有限公司 CLP Power Hong Kong Limited",
        "operator:en": "CLP Power Hong Kong Limited",
        "operator:short": "中華電力 CLP",
        "operator:short:en": "CLP",
        "operator:short:zh": "中華電力",
        "operator:short:zh-Hans": "中华电力",
        "operator:short:zh-Hant": "中華電力",
        "operator:wikidata": "Q977959",
        "operator:zh": "中華電力有限公司",
        "operator:zh-Hans": "中华电力有限公司",
        "operator:zh-Hant": "中華電力有限公司",
        "power": "substation"
      },
      "geometry": {
        "type": "Polygon",
        "coordinates": [
          [
            [
              114.3237374,
              22.4002451
            ],
            [
              114.3237038,
              22.4002448
            ],
            [
              114.3237041,
              22.4002135
            ],
            [
              114.3237378,
              22.4002138
            ],
            [
              114.3237374,
              22.4002451
            ]
          ]
        ]
      },
      "id": "way/1221714730"
    },
    {
      "type": "Feature",
      "properties": {
        "@id": "way/1223348276",
        "power": "substation"
      },
      "geometry": {
        "type": "Polygon",
        "coordinates": [
          [
            [
              114.1934064,
              22.2670426
            ],
            [
              114.193429,
              22.2670602
            ],
            [
              114.1934215,
              22.2670683
            ],
            [
              114.193399,
              22.2670507
            ],
            [
              114.1934064,
              22.2670426
            ]
          ]
        ]
      },
      "id": "way/1223348276"
    },
    {
      "type": "Feature",
      "properties": {
        "@id": "way/1223395419",
        "operator": "中華電力有限公司 CLP Power Hong Kong Limited",
        "operator:en": "CLP Power Hong Kong Limited",
        "operator:short": "中華電力 CLP",
        "operator:short:en": "CLP",
        "operator:short:zh": "中華電力",
        "operator:short:zh-Hans": "中华电力",
        "operator:short:zh-Hant": "中華電力",
        "operator:wikidata": "Q977959",
        "operator:zh": "中華電力有限公司",
        "operator:zh-Hans": "中华电力有限公司",
        "operator:zh-Hant": "中華電力有限公司",
        "power": "substation"
      },
      "geometry": {
        "type": "Polygon",
        "coordinates": [
          [
            [
              114.2790594,
              22.4052088
            ],
            [
              114.2790828,
              22.4051888
            ],
            [
              114.2790975,
              22.4052035
            ],
            [
              114.2790741,
              22.4052235
            ],
            [
              114.2790594,
              22.4052088
            ]
          ]
        ]
      },
      "id": "way/1223395419"
    },
    {
      "type": "Feature",
      "properties": {
        "@id": "way/1223442147",
        "building": "yes",
        "power": "substation"
      },
      "geometry": {
        "type": "Polygon",
        "coordinates": [
          [
            [
              114.1931586,
              22.2680276
            ],
            [
              114.1931201,
              22.2680406
            ],
            [
              114.193104,
              22.2679956
            ],
            [
              114.1931428,
              22.2679827
            ],
            [
              114.1931586,
              22.2680276
            ]
          ]
        ]
      },
      "id": "way/1223442147"
    },
    {
      "type": "Feature",
      "properties": {
        "@id": "way/1225165972",
        "building": "yes",
        "name": "永安閣變壓站 Wing On Towers Substation",
        "name:en": "Wing On Towers Substation",
        "name:zh": "永安閣變壓站",
        "power": "substation"
      },
      "geometry": {
        "type": "Polygon",
        "coordinates": [
          [
            [
              114.1959961,
              22.2693329
            ],
            [
              114.195972,
              22.2693522
            ],
            [
              114.1959403,
              22.2693213
            ],
            [
              114.1959628,
              22.2693025
            ],
            [
              114.1959961,
              22.2693329
            ]
          ]
        ]
      },
      "id": "way/1225165972"
    },
    {
      "type": "Feature",
      "properties": {
        "@id": "way/1227820838",
        "building": "industrial",
        "location": "indoor",
        "name": "歌賦山變電站 Gough Hill Substation",
        "name:en": "Gough Hill Substation",
        "name:zh": "歌賦山變電站",
        "power": "substation",
        "substation": "transition"
      },
      "geometry": {
        "type": "Polygon",
        "coordinates": [
          [
            [
              114.1550638,
              22.2653544
            ],
            [
              114.1550698,
              22.2654125
            ],
            [
              114.1550136,
              22.2654175
            ],
            [
              114.1550076,
              22.2653594
            ],
            [
              114.1550638,
              22.2653544
            ]
          ]
        ]
      },
      "id": "way/1227820838"
    },
    {
      "type": "Feature",
      "properties": {
        "@id": "way/1227820844",
        "building": "industrial",
        "location": "indoor",
        "power": "substation",
        "substation": "distribution"
      },
      "geometry": {
        "type": "Polygon",
        "coordinates": [
          [
            [
              114.1544567,
              22.2660936
            ],
            [
              114.1544807,
              22.2661711
            ],
            [
              114.1544262,
              22.2661855
            ],
            [
              114.1544023,
              22.266108
            ],
            [
              114.1544567,
              22.2660936
            ]
          ]
        ]
      },
      "id": "way/1227820844"
    },
    {
      "type": "Feature",
      "properties": {
        "@id": "way/1227822378",
        "addr:housenumber": "10",
        "addr:street": "百祿徑 Bluff Path",
        "building": "industrial",
        "location": "indoor",
        "power": "substation",
        "substation": "distribution"
      },
      "geometry": {
        "type": "Polygon",
        "coordinates": [
          [
            [
              114.1553146,
              22.267253
            ],
            [
              114.1553286,
              22.2673033
            ],
            [
              114.15529,
              22.2673125
            ],
            [
              114.1552778,
              22.2672618
            ],
            [
              114.1553146,
              22.267253
            ]
          ]
        ]
      },
      "id": "way/1227822378"
    },
    {
      "type": "Feature",
      "properties": {
        "@id": "way/1230857509",
        "name": "馬頭涌變電站 Ma Tau Chung Substation",
        "power": "substation"
      },
      "geometry": {
        "type": "Polygon",
        "coordinates": [
          [
            [
              114.1877662,
              22.3241427
            ],
            [
              114.187703,
              22.3241726
            ],
            [
              114.1876568,
              22.32408
            ],
            [
              114.1877215,
              22.32405
            ],
            [
              114.1877662,
              22.3241427
            ]
          ]
        ]
      },
      "id": "way/1230857509"
    },
    {
      "type": "Feature",
      "properties": {
        "@id": "way/1236165481",
        "building": "yes",
        "name": "葛亮洪醫院郭德勝心臟中心變電站 Grantham Hospital Kwok Tak Sing Heart Centre Electricity Substation",
        "name:en": "Grantham Hospital Kwok Tak Sing Heart Centre Electricity Substation",
        "name:zh": "葛亮洪醫院郭德勝心臟中心變電站",
        "power": "substation"
      },
      "geometry": {
        "type": "Polygon",
        "coordinates": [
          [
            [
              114.1732988,
              22.2517596
            ],
            [
              114.1733099,
              22.2516838
            ],
            [
              114.1733617,
              22.2516902
            ],
            [
              114.1733506,
              22.251766
            ],
            [
              114.1732988,
              22.2517596
            ]
          ]
        ]
      },
      "id": "way/1236165481"
    },
    {
      "type": "Feature",
      "properties": {
        "@id": "way/1240365461",
        "building": "service",
        "building:function": "auxiliary",
        "building:levels": "1",
        "power": "substation",
        "service": "power",
        "substation": "minor_distribution",
        "utility": "power"
      },
      "geometry": {
        "type": "Polygon",
        "coordinates": [
          [
            [
              114.155163,
              22.2882119
            ],
            [
              114.1552086,
              22.2881715
            ],
            [
              114.1553283,
              22.2882876
            ],
            [
              114.1552827,
              22.2883279
            ],
            [
              114.155163,
              22.2882119
            ]
          ]
        ]
      },
      "id": "way/1240365461"
    },
    {
      "type": "Feature",
      "properties": {
        "@id": "way/1246983133",
        "addr:housename": "粉嶺裁判處變電站 Fanling Magistracy Substation",
        "addr:housename:en": "Fanling Magistracy Substation",
        "addr:housename:zh": "粉嶺裁判處變電站",
        "addr:street": "馬會道 Jockey Club Road",
        "addr:street:en": "Jockey Club Road",
        "addr:street:zh": "馬會道",
        "brand": "中電 CLP Power",
        "brand:en": "CLP",
        "brand:wikidata": "Q977959",
        "brand:zh": "中電",
        "landuse": "industrial",
        "name": "粉嶺裁判處變電站 Fanling Magistracy Substation",
        "name:en": "Fanling Magistracy Substation",
        "name:zh": "粉嶺裁判處變電站",
        "operator": "中華電力有限公司 CLP Power Hong Kong Limited",
        "operator:en": "CLP Power Hong Kong Limited",
        "operator:short": "中華電力 CLP",
        "operator:short:en": "CLP",
        "operator:short:zh": "中華電力",
        "operator:short:zh-Hans": "中华电力",
        "operator:short:zh-Hant": "中華電力",
        "operator:wikidata": "Q977959",
        "operator:zh": "中華電力有限公司",
        "operator:zh-Hans": "中华电力有限公司",
        "operator:zh-Hant": "中華電力有限公司",
        "power": "substation",
        "substation": "distribution",
        "utility": "power"
      },
      "geometry": {
        "type": "Polygon",
        "coordinates": [
          [
            [
              114.1394994,
              22.4958641
            ],
            [
              114.1394384,
              22.4959274
            ],
            [
              114.1394265,
              22.4959153
            ],
            [
              114.1393661,
              22.4958539
            ],
            [
              114.1394212,
              22.4958077
            ],
            [
              114.1394337,
              22.4957972
            ],
            [
              114.1394994,
              22.4958641
            ]
          ]
        ]
      },
      "id": "way/1246983133"
    },
    {
      "type": "Feature",
      "properties": {
        "@id": "way/1260417989",
        "industrial": "electrical",
        "name": "電力變壓站 Electricty Sub-station",
        "name:en": "Electricty Sub-station",
        "name:zh": "電力變壓站",
        "name:zh-Hant": "電力變壓站",
        "operator": "中華電力有限公司 CLP Power Hong Kong Limited",
        "operator:en": "CLP Power Hong Kong Limited",
        "operator:short": "中華電力 CLP",
        "operator:short:en": "CLP",
        "operator:short:zh": "中華電力",
        "operator:short:zh-Hans": "中华电力",
        "operator:short:zh-Hant": "中華電力",
        "operator:wikidata": "Q977959",
        "operator:zh": "中華電力有限公司",
        "operator:zh-Hans": "中华电力有限公司",
        "operator:zh-Hant": "中華電力有限公司",
        "power": "substation"
      },
      "geometry": {
        "type": "Polygon",
        "coordinates": [
          [
            [
              114.2442019,
              22.3557512
            ],
            [
              114.2442583,
              22.3557189
            ],
            [
              114.2442904,
              22.3557834
            ],
            [
              114.2442234,
              22.3558082
            ],
            [
              114.2442019,
              22.3557512
            ]
          ]
        ]
      },
      "id": "way/1260417989"
    },
    {
      "type": "Feature",
      "properties": {
        "@id": "way/1261366807",
        "barrier": "fence",
        "name": "宏開道變電站 Wang Hoi Road Substation",
        "name:en": "Wang Hoi Road Substation",
        "name:zh": "宏開道變電站",
        "power": "substation",
        "substation": "yes"
      },
      "geometry": {
        "type": "Polygon",
        "coordinates": [
          [
            [
              114.2109018,
              22.3234208
            ],
            [
              114.2109336,
              22.3231108
            ],
            [
              114.2112714,
              22.3231404
            ],
            [
              114.2112396,
              22.3234504
            ],
            [
              114.2109018,
              22.3234208
            ]
          ]
        ]
      },
      "id": "way/1261366807"
    },
    {
      "type": "Feature",
      "properties": {
        "@id": "way/1264209624",
        "building": "yes",
        "power": "substation"
      },
      "geometry": {
        "type": "Polygon",
        "coordinates": [
          [
            [
              114.157453,
              22.4627699
            ],
            [
              114.1574702,
              22.4627398
            ],
            [
              114.1575103,
              22.4627583
            ],
            [
              114.1574939,
              22.4627888
            ],
            [
              114.157453,
              22.4627699
            ]
          ]
        ]
      },
      "id": "way/1264209624"
    },
    {
      "type": "Feature",
      "properties": {
        "@id": "way/1265662055",
        "building": "yes",
        "name": "康樂園E變電站 Hong Lok Yuen 'E' Substation",
        "name:en": "Hong Lok Yuen 'E' Substation",
        "name:zh": "康樂園E變電站",
        "power": "substation"
      },
      "geometry": {
        "type": "Polygon",
        "coordinates": [
          [
            [
              114.1552036,
              22.4650532
            ],
            [
              114.1551549,
              22.465053
            ],
            [
              114.1551551,
              22.4650187
            ],
            [
              114.1552038,
              22.4650189
            ],
            [
              114.1552036,
              22.4650532
            ]
          ]
        ]
      },
      "id": "way/1265662055"
    },
    {
      "type": "Feature",
      "properties": {
        "@id": "way/1268238262",
        "building": "yes",
        "name": "康樂園F變電站 Hong Lok Yuen 'F' Substation",
        "name:en": "Hong Lok Yuen 'F' Substation",
        "name:zh": "康樂園F變電站",
        "power": "substation"
      },
      "geometry": {
        "type": "Polygon",
        "coordinates": [
          [
            [
              114.1599673,
              22.4631793
            ],
            [
              114.1599424,
              22.4631359
            ],
            [
              114.1599796,
              22.4631185
            ],
            [
              114.1600029,
              22.4631614
            ],
            [
              114.1599673,
              22.4631793
            ]
          ]
        ]
      },
      "id": "way/1268238262"
    },
    {
      "type": "Feature",
      "properties": {
        "@id": "way/1268486760",
        "building": "yes",
        "name": "康樂園G變電站 Hong Lok Yuen 'G' Substation",
        "name:en": "Hong Lok Yuen 'G' Substation",
        "name:zh": "康樂園G變電站",
        "power": "substation"
      },
      "geometry": {
        "type": "Polygon",
        "coordinates": [
          [
            [
              114.1588628,
              22.464791
            ],
            [
              114.1589399,
              22.4647532
            ],
            [
              114.1589711,
              22.4648034
            ],
            [
              114.1589238,
              22.4648279
            ],
            [
              114.1588943,
              22.4648431
            ],
            [
              114.1588628,
              22.464791
            ]
          ]
        ]
      },
      "id": "way/1268486760"
    },
    {
      "type": "Feature",
      "properties": {
        "@id": "way/1271125339",
        "building": "yes",
        "name": "香港仔大道七十四號變壓站 Aberdeen Main Road 74 Substation",
        "name:en": "Aberdeen Main Road 74 Substation",
        "name:zh": "香港仔大道七十四號變壓站",
        "operator": "香港電燈有限公司 The Hongkong Electric Company, Limited",
        "operator:en": "The Hongkong Electric Company, Limited",
        "operator:short": "港燈 HK Electric",
        "operator:short:en": "HK Electric",
        "operator:short:zh": "港燈",
        "operator:short:zh-Hans": "港灯",
        "operator:short:zh-Hant": "港燈",
        "operator:wikidata": "Q709104",
        "operator:zh": "香港電燈有限公司",
        "operator:zh-Hans": "香港电灯有限公司",
        "operator:zh-Hant": "香港電燈有限公司",
        "power": "substation"
      },
      "geometry": {
        "type": "Polygon",
        "coordinates": [
          [
            [
              114.1574553,
              22.2472134
            ],
            [
              114.1574368,
              22.2472566
            ],
            [
              114.1573643,
              22.2472301
            ],
            [
              114.1573828,
              22.2471868
            ],
            [
              114.1574553,
              22.2472134
            ]
          ]
        ]
      },
      "id": "way/1271125339"
    },
    {
      "type": "Feature",
      "properties": {
        "@id": "way/1274074641",
        "addr:housenumber": "9",
        "addr:street": "大貴街 Dai Kwai Street",
        "landuse": "industrial",
        "name": "大貴街變電站 Dai Kwai Street Substation",
        "name:en": "Dai Kwai Street Substation",
        "name:zh": "大貴街變電站",
        "operator": "中華電力有限公司 CLP Power Hong Kong Limited",
        "operator:en": "CLP Power Hong Kong Limited",
        "operator:short": "中華電力 CLP",
        "operator:short:en": "CLP",
        "operator:short:zh": "中華電力",
        "operator:short:zh-Hans": "中华电力",
        "operator:short:zh-Hant": "中華電力",
        "operator:wikidata": "Q977959",
        "operator:wikipedia": "zh:中華電力",
        "operator:zh": "中華電力有限公司",
        "operator:zh-Hans": "中华电力有限公司",
        "operator:zh-Hant": "中華電力有限公司",
        "power": "substation",
        "substation": "distribution"
      },
      "geometry": {
        "type": "Polygon",
        "coordinates": [
          [
            [
              114.1886418,
              22.4540869
            ],
            [
              114.1886445,
              22.4545973
            ],
            [
              114.1884699,
              22.4545974
            ],
            [
              114.1884643,
              22.4545535
            ],
            [
              114.1884661,
              22.4542363
            ],
            [
              114.1884667,
              22.4541327
            ],
            [
              114.188519,
              22.4540942
            ],
            [
              114.1886418,
              22.4540869
            ]
          ]
        ]
      },
      "id": "way/1274074641"
    },
    {
      "type": "Feature",
      "properties": {
        "@id": "way/1281981935",
        "building": "yes",
        "operator": "中電 CLP",
        "operator:en": "CLP",
        "operator:wikidata": "Q977959",
        "operator:zh": "中電",
        "power": "substation",
        "substation": "minor_distribution",
        "utility": "power"
      },
      "geometry": {
        "type": "Polygon",
        "coordinates": [
          [
            [
              114.1269837,
              22.3505939
            ],
            [
              114.1269162,
              22.3506011
            ],
            [
              114.126903,
              22.350494
            ],
            [
              114.1269705,
              22.3504869
            ],
            [
              114.1269837,
              22.3505939
            ]
          ]
        ]
      },
      "id": "way/1281981935"
    },
    {
      "type": "Feature",
      "properties": {
        "@id": "way/1282850627",
        "building": "service",
        "building:levels": "1",
        "name": "啟德車站廣場總電掣房",
        "name:zh": "啟德車站廣場總電掣房",
        "power": "substation",
        "service": "power",
        "substation": "minor_distribution",
        "utility": "power"
      },
      "geometry": {
        "type": "Polygon",
        "coordinates": [
          [
            [
              114.1972735,
              22.3273744
            ],
            [
              114.1972161,
              22.3273188
            ],
            [
              114.1972928,
              22.3272509
            ],
            [
              114.1973503,
              22.3273065
            ],
            [
              114.1972735,
              22.3273744
            ]
          ]
        ]
      },
      "id": "way/1282850627"
    },
    {
      "type": "Feature",
      "properties": {
        "@id": "way/1284749342",
        "addr:housenumber": "29",
        "addr:street": "崇文街 Tsung Man Street",
        "building": "yes",
        "landuse": "industrial",
        "layer": "1",
        "name": "香港仔電站 Aberdeen Station Building",
        "name:en": "Aberdeen Station Building",
        "name:zh": "香港仔電站",
        "operator": "香港電燈有限公司 The Hongkong Electric Company, Limited",
        "operator:en": "The Hongkong Electric Company, Limited",
        "operator:short": "港燈 HK Electric",
        "operator:short:en": "HK Electric",
        "operator:short:zh": "港燈",
        "operator:short:zh-Hans": "港灯",
        "operator:short:zh-Hant": "港燈",
        "operator:wikidata": "Q709104",
        "operator:zh": "香港電燈有限公司",
        "operator:zh-Hans": "香港电灯有限公司",
        "operator:zh-Hant": "香港電燈有限公司",
        "power": "substation"
      },
      "geometry": {
        "type": "Polygon",
        "coordinates": [
          [
            [
              114.154677,
              22.2498774
            ],
            [
              114.1547122,
              22.2500179
            ],
            [
              114.1544775,
              22.2500679
            ],
            [
              114.1544391,
              22.2499258
            ],
            [
              114.154677,
              22.2498774
            ]
          ]
        ]
      },
      "id": "way/1284749342"
    },
    {
      "type": "Feature",
      "properties": {
        "@id": "way/1287926025",
        "level": "0",
        "location": "indoor",
        "name": "赤柱村道三十一號變壓站 Stanley Village Road 31 Substation",
        "name:en": "Stanley Village Road 31 Substation",
        "name:zh": "赤柱村道三十一號變壓站",
        "power": "substation",
        "substation": "distribution"
      },
      "geometry": {
        "type": "Polygon",
        "coordinates": [
          [
            [
              114.2120686,
              22.2215547
            ],
            [
              114.2120828,
              22.221594
            ],
            [
              114.2120324,
              22.2216096
            ],
            [
              114.2120182,
              22.2215704
            ],
            [
              114.2120686,
              22.2215547
            ]
          ]
        ]
      },
      "id": "way/1287926025"
    },
    {
      "type": "Feature",
      "properties": {
        "@id": "way/1287926476",
        "building": "industrial",
        "location": "indoor",
        "power": "substation",
        "substation": "distribution"
      },
      "geometry": {
        "type": "Polygon",
        "coordinates": [
          [
            [
              114.2047872,
              22.2177575
            ],
            [
              114.2047811,
              22.2178
            ],
            [
              114.2047567,
              22.217797
            ],
            [
              114.2047629,
              22.2177545
            ],
            [
              114.2047872,
              22.2177575
            ]
          ]
        ]
      },
      "id": "way/1287926476"
    },
    {
      "type": "Feature",
      "properties": {
        "@id": "way/1289843523",
        "name": "變電站",
        "name:en": "ESS",
        "power": "substation"
      },
      "geometry": {
        "type": "Polygon",
        "coordinates": [
          [
            [
              114.1388118,
              22.4905254
            ],
            [
              114.1387596,
              22.49053
            ],
            [
              114.1387499,
              22.490438
            ],
            [
              114.1388022,
              22.4904333
            ],
            [
              114.1388118,
              22.4905254
            ]
          ]
        ]
      },
      "id": "way/1289843523"
    },
    {
      "type": "Feature",
      "properties": {
        "@id": "way/1291689242",
        "power": "substation",
        "substation": "traction"
      },
      "geometry": {
        "type": "Polygon",
        "coordinates": [
          [
            [
              113.9726946,
              22.3980139
            ],
            [
              113.9731138,
              22.3979249
            ],
            [
              113.9731765,
              22.3981773
            ],
            [
              113.9729459,
              22.3982262
            ],
            [
              113.9726946,
              22.3980139
            ]
          ]
        ]
      },
      "id": "way/1291689242"
    },
    {
      "type": "Feature",
      "properties": {
        "@id": "way/1292283585",
        "addr:housenumber": "1",
        "addr:street": "興旺街 Hing Wong Street",
        "power": "substation"
      },
      "geometry": {
        "type": "Polygon",
        "coordinates": [
          [
            [
              113.970429,
              22.3925929
            ],
            [
              113.970517,
              22.3926138
            ],
            [
              113.9706524,
              22.3926458
            ],
            [
              113.9707073,
              22.3926588
            ],
            [
              113.9707284,
              22.3926638
            ],
            [
              113.9707013,
              22.3927606
            ],
            [
              113.9706225,
              22.3928038
            ],
            [
              113.9703861,
              22.3927478
            ],
            [
              113.970412,
              22.3926541
            ],
            [
              113.970429,
              22.3925929
            ]
          ]
        ]
      },
      "id": "way/1292283585"
    },
    {
      "type": "Feature",
      "properties": {
        "@id": "way/1297005867",
        "building": "industrial",
        "location": "indoor",
        "power": "substation",
        "substation": "distribution"
      },
      "geometry": {
        "type": "Polygon",
        "coordinates": [
          [
            [
              114.149382,
              22.2844648
            ],
            [
              114.1493663,
              22.2844482
            ],
            [
              114.149375,
              22.2844412
            ],
            [
              114.1493585,
              22.2844237
            ],
            [
              114.1494063,
              22.2843851
            ],
            [
              114.1494385,
              22.2844192
            ],
            [
              114.149382,
              22.2844648
            ]
          ]
        ]
      },
      "id": "way/1297005867"
    },
    {
      "type": "Feature",
      "properties": {
        "@id": "way/1301221990",
        "addr:housename": "茶果嶺道變電站 Cha Kwo Ling Road Substation",
        "addr:housename:en": "Cha Kwo Ling Road Substation",
        "addr:housename:zh": "茶果嶺道變電站",
        "addr:street": "茶果嶺道 Cha Kwo Ling Road",
        "addr:street:en": "Cha Kwo Ling Road",
        "addr:street:zh": "茶果嶺道",
        "name": "茶果嶺道變電站 Cha Kwo Ling Road Substation",
        "name:en": "Cha Kwo Ling Road Substation",
        "name:zh": "茶果嶺道變電站",
        "power": "substation",
        "substation": "distribution",
        "utility": "power"
      },
      "geometry": {
        "type": "Polygon",
        "coordinates": [
          [
            [
              114.228783,
              22.3095701
            ],
            [
              114.2284223,
              22.3088357
            ],
            [
              114.2284127,
              22.3088206
            ],
            [
              114.2284788,
              22.3087947
            ],
            [
              114.2290727,
              22.3090052
            ],
            [
              114.2290107,
              22.3090499
            ],
            [
              114.2289546,
              22.3091009
            ],
            [
              114.2289054,
              22.3091576
            ],
            [
              114.2288637,
              22.3092192
            ],
            [
              114.22883,
              22.309285
            ],
            [
              114.2288048,
              22.3093538
            ],
            [
              114.2287884,
              22.309425
            ],
            [
              114.2287811,
              22.3094974
            ],
            [
              114.228783,
              22.3095701
            ]
          ]
        ]
      },
      "id": "way/1301221990"
    },
    {
      "type": "Feature",
      "properties": {
        "@id": "way/1306634065",
        "building": "industrial",
        "location": "indoor",
        "name": "荔枝角4期小學變電站 Lai Chi Kok Phase 4 Primary School Substation",
        "name:en": "Lai Chi Kok Phase 4 Primary School Substation",
        "name:zh": "荔枝角4期小學變電站",
        "power": "substation",
        "substation": "distribution"
      },
      "geometry": {
        "type": "Polygon",
        "coordinates": [
          [
            [
              114.1363037,
              22.3423321
            ],
            [
              114.1363464,
              22.3423431
            ],
            [
              114.1363759,
              22.3423508
            ],
            [
              114.1363466,
              22.3424476
            ],
            [
              114.1362744,
              22.3424289
            ],
            [
              114.1363037,
              22.3423321
            ]
          ]
        ]
      },
      "id": "way/1306634065"
    },
    {
      "type": "Feature",
      "properties": {
        "@id": "way/1307036058",
        "operator": "中華電力有限公司 CLP Power Hong Kong Limited",
        "operator:en": "CLP Power Hong Kong Limited",
        "operator:short": "中華電力 CLP",
        "operator:short:en": "CLP",
        "operator:short:zh": "中華電力",
        "operator:short:zh-Hans": "中华电力",
        "operator:short:zh-Hant": "中華電力",
        "operator:wikidata": "Q977959",
        "operator:zh": "中華電力有限公司",
        "operator:zh-Hans": "中华电力有限公司",
        "operator:zh-Hant": "中華電力有限公司",
        "power": "substation"
      },
      "geometry": {
        "type": "Polygon",
        "coordinates": [
          [
            [
              114.2257642,
              22.402266
            ],
            [
              114.2257219,
              22.4022339
            ],
            [
              114.2257685,
              22.4021814
            ],
            [
              114.2258108,
              22.4022135
            ],
            [
              114.2257642,
              22.402266
            ]
          ]
        ]
      },
      "id": "way/1307036058"
    },
    {
      "type": "Feature",
      "properties": {
        "@id": "way/1311152852",
        "building": "service",
        "building:levels": "1",
        "name": "咸田變電站 Ham Tin Substation",
        "name:en": "Ham Tin Substation",
        "name:zh": "咸田變電站",
        "operator": "中華電力有限公司 CLP Power Hong Kong Limited",
        "operator:en": "CLP Power Hong Kong Limited",
        "operator:short": "中華電力 CLP",
        "operator:short:en": "CLP",
        "operator:short:zh": "中華電力",
        "operator:short:zh-Hans": "中华电力",
        "operator:short:zh-Hant": "中華電力",
        "operator:wikidata": "Q977959",
        "operator:zh": "中華電力有限公司",
        "operator:zh-Hans": "中华电力有限公司",
        "operator:zh-Hant": "中華電力有限公司",
        "power": "substation"
      },
      "geometry": {
        "type": "Polygon",
        "coordinates": [
          [
            [
              113.9806113,
              22.2418543
            ],
            [
              113.9805533,
              22.2418059
            ],
            [
              113.9805893,
              22.2417689
            ],
            [
              113.9806473,
              22.2418172
            ],
            [
              113.9806113,
              22.2418543
            ]
          ]
        ]
      },
      "id": "way/1311152852"
    },
    {
      "type": "Feature",
      "properties": {
        "@id": "way/1317078647",
        "power": "substation",
        "substation": "minor_distribution"
      },
      "geometry": {
        "type": "Polygon",
        "coordinates": [
          [
            [
              114.1156039,
              22.3558903
            ],
            [
              114.1156274,
              22.3558613
            ],
            [
              114.1156701,
              22.3558898
            ],
            [
              114.115646,
              22.3559193
            ],
            [
              114.1156249,
              22.3559048
            ],
            [
              114.1156039,
              22.3558903
            ]
          ]
        ]
      },
      "id": "way/1317078647"
    },
    {
      "type": "Feature",
      "properties": {
        "@id": "way/1320044524",
        "landuse": "industrial",
        "name": "米埔變電站 Mai Po Substation",
        "name:en": "Mai Po Substation",
        "name:zh": "米埔變電站",
        "power": "substation"
      },
      "geometry": {
        "type": "Polygon",
        "coordinates": [
          [
            [
              114.0606398,
              22.4898834
            ],
            [
              114.0607799,
              22.4896849
            ],
            [
              114.0612329,
              22.4899072
            ],
            [
              114.0615411,
              22.4900992
            ],
            [
              114.0618213,
              22.4903343
            ],
            [
              114.0619498,
              22.4905285
            ],
            [
              114.0619287,
              22.4906126
            ],
            [
              114.0618143,
              22.4908586
            ],
            [
              114.0606398,
              22.4898834
            ]
          ]
        ]
      },
      "id": "way/1320044524"
    },
    {
      "type": "Feature",
      "properties": {
        "@id": "way/1324402027",
        "name": "長洲北變電站 Cheung Chau North Substation",
        "name:en": "Cheung Chau North Substation",
        "name:zh": "長洲北變電站",
        "operator": "中華電力有限公司 CLP Power Hong Kong Limited",
        "operator:en": "CLP Power Hong Kong Limited",
        "operator:short": "中華電力 CLP",
        "operator:short:en": "CLP",
        "operator:short:zh": "中華電力",
        "operator:short:zh-Hans": "中华电力",
        "operator:short:zh-Hant": "中華電力",
        "operator:wikidata": "Q977959",
        "operator:zh": "中華電力有限公司",
        "operator:zh-Hans": "中华电力有限公司",
        "operator:zh-Hant": "中華電力有限公司",
        "power": "substation"
      },
      "geometry": {
        "type": "Polygon",
        "coordinates": [
          [
            [
              114.025914,
              22.2123593
            ],
            [
              114.0260247,
              22.2122651
            ],
            [
              114.0264457,
              22.2124883
            ],
            [
              114.0263716,
              22.212654
            ],
            [
              114.025914,
              22.2123593
            ]
          ]
        ]
      },
      "id": "way/1324402027"
    },
    {
      "type": "Feature",
      "properties": {
        "@id": "way/1334643723",
        "name": "洪聖廟變壓站 Hung Shing Temple Substation",
        "name:en": "Hung Shing Temple Substation",
        "name:zh": "洪聖廟變壓站",
        "operator": "中華電力有限公司 CLP Power Hong Kong Limited",
        "operator:en": "CLP Power Hong Kong Limited",
        "operator:short": "中華電力 CLP",
        "operator:short:en": "CLP",
        "operator:short:zh": "中華電力",
        "operator:short:zh-Hans": "中华电力",
        "operator:short:zh-Hant": "中華電力",
        "operator:wikidata": "Q977959",
        "operator:zh": "中華電力有限公司",
        "operator:zh-Hans": "中华电力有限公司",
        "operator:zh-Hant": "中華電力有限公司",
        "power": "substation"
      },
      "geometry": {
        "type": "Polygon",
        "coordinates": [
          [
            [
              114.0282892,
              22.2059526
            ],
            [
              114.0283583,
              22.205921
            ],
            [
              114.0284068,
              22.206034
            ],
            [
              114.0283485,
              22.2060596
            ],
            [
              114.0283208,
              22.2060052
            ],
            [
              114.0283134,
              22.2060102
            ],
            [
              114.0282892,
              22.2059526
            ]
          ]
        ]
      },
      "id": "way/1334643723"
    },
    {
      "type": "Feature",
      "properties": {
        "@id": "way/1338233441",
        "building": "yes",
        "power": "substation"
      },
      "geometry": {
        "type": "Polygon",
        "coordinates": [
          [
            [
              114.0763879,
              22.5166776
            ],
            [
              114.0762376,
              22.5165751
            ],
            [
              114.0764547,
              22.5163036
            ],
            [
              114.076493,
              22.5163298
            ],
            [
              114.0765079,
              22.5163113
            ],
            [
              114.0766197,
              22.5163875
            ],
            [
              114.0763879,
              22.5166776
            ]
          ]
        ]
      },
      "id": "way/1338233441"
    },
    {
      "type": "Feature",
      "properties": {
        "@id": "way/1338233442",
        "building": "yes",
        "power": "substation"
      },
      "geometry": {
        "type": "Polygon",
        "coordinates": [
          [
            [
              114.0765484,
              22.5168219
            ],
            [
              114.0765978,
              22.5167613
            ],
            [
              114.0765692,
              22.5167414
            ],
            [
              114.0766148,
              22.5166854
            ],
            [
              114.0766435,
              22.5167054
            ],
            [
              114.0767222,
              22.5166088
            ],
            [
              114.0766953,
              22.5165901
            ],
            [
              114.076737,
              22.516539
            ],
            [
              114.0767639,
              22.5165577
            ],
            [
              114.0769003,
              22.5163905
            ],
            [
              114.0769908,
              22.5164535
            ],
            [
              114.076639,
              22.516885
            ],
            [
              114.0765484,
              22.5168219
            ]
          ]
        ]
      },
      "id": "way/1338233442"
    },
    {
      "type": "Feature",
      "properties": {
        "@id": "way/1341659736",
        "building": "yes",
        "power": "substation"
      },
      "geometry": {
        "type": "Polygon",
        "coordinates": [
          [
            [
              114.1368186,
              22.2517175
            ],
            [
              114.1368186,
              22.2517582
            ],
            [
              114.1367562,
              22.2517582
            ],
            [
              114.1367562,
              22.2517175
            ],
            [
              114.1368186,
              22.2517175
            ]
          ]
        ]
      },
      "id": "way/1341659736"
    },
    {
      "type": "Feature",
      "properties": {
        "@id": "way/1341659754",
        "building": "yes",
        "power": "substation"
      },
      "geometry": {
        "type": "Polygon",
        "coordinates": [
          [
            [
              114.1369351,
              22.2513682
            ],
            [
              114.1369349,
              22.2514069
            ],
            [
              114.1369348,
              22.2514331
            ],
            [
              114.136888,
              22.2514329
            ],
            [
              114.1368883,
              22.251368
            ],
            [
              114.1368998,
              22.251368
            ],
            [
              114.1369351,
              22.2513682
            ]
          ]
        ]
      },
      "id": "way/1341659754"
    },
    {
      "type": "Feature",
      "properties": {
        "@id": "way/1342290403",
        "building": "yes",
        "power": "substation"
      },
      "geometry": {
        "type": "Polygon",
        "coordinates": [
          [
            [
              114.2054516,
              22.3281713
            ],
            [
              114.2055402,
              22.328169
            ],
            [
              114.2055428,
              22.3282201
            ],
            [
              114.2054531,
              22.3282225
            ],
            [
              114.2054516,
              22.3281713
            ]
          ]
        ]
      },
      "id": "way/1342290403"
    },
    {
      "type": "Feature",
      "properties": {
        "@id": "way/1348691430",
        "building": "industrial",
        "location": "indoor",
        "power": "substation",
        "substation": "minor_distribution"
      },
      "geometry": {
        "type": "Polygon",
        "coordinates": [
          [
            [
              114.1896647,
              22.4528321
            ],
            [
              114.1896,
              22.4528321
            ],
            [
              114.189592,
              22.4528321
            ],
            [
              114.189592,
              22.4527766
            ],
            [
              114.1896647,
              22.4527766
            ],
            [
              114.1896648,
              22.4528213
            ],
            [
              114.1896647,
              22.4528321
            ]
          ]
        ]
      },
      "id": "way/1348691430"
    },
    {
      "type": "Feature",
      "properties": {
        "@id": "way/1348691431",
        "building": "industrial",
        "location": "indoor",
        "power": "substation",
        "substation": "minor_distribution"
      },
      "geometry": {
        "type": "Polygon",
        "coordinates": [
          [
            [
              114.1901686,
              22.4527587
            ],
            [
              114.1901678,
              22.4528217
            ],
            [
              114.1900795,
              22.4528208
            ],
            [
              114.1900803,
              22.4527578
            ],
            [
              114.1901686,
              22.4527587
            ]
          ]
        ]
      },
      "id": "way/1348691431"
    },
    {
      "type": "Feature",
      "properties": {
        "@id": "way/1349110222",
        "building": "industrial",
        "location": "indoor",
        "power": "substation"
      },
      "geometry": {
        "type": "Polygon",
        "coordinates": [
          [
            [
              113.9535427,
              22.2927856
            ],
            [
              113.953477,
              22.2927148
            ],
            [
              113.9535172,
              22.2926828
            ],
            [
              113.953583,
              22.2927536
            ],
            [
              113.9535427,
              22.2927856
            ]
          ]
        ]
      },
      "id": "way/1349110222"
    },
    {
      "type": "Feature",
      "properties": {
        "@id": "way/1357132938",
        "name": "黃大仙‵A‵變電站 Wong Tai Sin 'A' Substation",
        "name:en": "Wong Tai Sin 'A' Substation",
        "name:zh": "黃大仙‵A‵變電站",
        "operator": "中華電力有限公司 CLP Power Hong Kong Limited",
        "operator:en": "CLP Power Hong Kong Limited",
        "operator:short": "中華電力 CLP",
        "operator:short:en": "CLP",
        "operator:short:zh": "中華電力",
        "operator:short:zh-Hans": "中华电力",
        "operator:short:zh-Hant": "中華電力",
        "operator:wikidata": "Q977959",
        "operator:zh": "中華電力有限公司",
        "operator:zh-Hans": "中华电力有限公司",
        "operator:zh-Hant": "中華電力有限公司",
        "power": "substation"
      },
      "geometry": {
        "type": "Polygon",
        "coordinates": [
          [
            [
              114.1945351,
              22.3400968
            ],
            [
              114.1944914,
              22.3400436
            ],
            [
              114.1944785,
              22.3400278
            ],
            [
              114.1945272,
              22.339998
            ],
            [
              114.1945776,
              22.3400671
            ],
            [
              114.1945351,
              22.3400968
            ]
          ]
        ]
      },
      "id": "way/1357132938"
    },
    {
      "type": "Feature",
      "properties": {
        "@id": "way/1364656245",
        "building": "yes",
        "power": "substation"
      },
      "geometry": {
        "type": "Polygon",
        "coordinates": [
          [
            [
              114.2671265,
              22.3771964
            ],
            [
              114.2671074,
              22.377125
            ],
            [
              114.2671632,
              22.3771122
            ],
            [
              114.2671823,
              22.3771836
            ],
            [
              114.2671265,
              22.3771964
            ]
          ]
        ]
      },
      "id": "way/1364656245"
    },
    {
      "type": "Feature",
      "properties": {
        "@id": "way/1364656246",
        "building": "yes",
        "power": "substation"
      },
      "geometry": {
        "type": "Polygon",
        "coordinates": [
          [
            [
              114.266165,
              22.377156
            ],
            [
              114.2661414,
              22.3771438
            ],
            [
              114.2661494,
              22.3771308
            ],
            [
              114.2661265,
              22.3771189
            ],
            [
              114.2661414,
              22.3770943
            ],
            [
              114.2661878,
              22.3771184
            ],
            [
              114.266165,
              22.377156
            ]
          ]
        ]
      },
      "id": "way/1364656246"
    },
    {
      "type": "Feature",
      "properties": {
        "@id": "way/1364656247",
        "building": "yes",
        "power": "substation"
      },
      "geometry": {
        "type": "Polygon",
        "coordinates": [
          [
            [
              114.2662587,
              22.3771425
            ],
            [
              114.2662837,
              22.3770787
            ],
            [
              114.2662576,
              22.37707
            ],
            [
              114.2662759,
              22.3770232
            ],
            [
              114.266399,
              22.3770644
            ],
            [
              114.2663557,
              22.3771749
            ],
            [
              114.2662587,
              22.3771425
            ]
          ]
        ]
      },
      "id": "way/1364656247"
    },
    {
      "type": "Feature",
      "properties": {
        "@id": "way/1364656248",
        "building": "yes",
        "power": "substation"
      },
      "geometry": {
        "type": "Polygon",
        "coordinates": [
          [
            [
              114.2673152,
              22.3765443
            ],
            [
              114.2673341,
              22.3765005
            ],
            [
              114.267426,
              22.3765344
            ],
            [
              114.267407,
              22.3765782
            ],
            [
              114.2673152,
              22.3765443
            ]
          ]
        ]
      },
      "id": "way/1364656248"
    },
    {
      "type": "Feature",
      "properties": {
        "@id": "way/1364656249",
        "building": "yes",
        "power": "substation"
      },
      "geometry": {
        "type": "Polygon",
        "coordinates": [
          [
            [
              114.2675051,
              22.3766538
            ],
            [
              114.2674727,
              22.3766045
            ],
            [
              114.2674902,
              22.3765508
            ],
            [
              114.2675471,
              22.3765667
            ],
            [
              114.2675359,
              22.3766009
            ],
            [
              114.267553,
              22.3766269
            ],
            [
              114.2675051,
              22.3766538
            ]
          ]
        ]
      },
      "id": "way/1364656249"
    },
    {
      "type": "Feature",
      "properties": {
        "@id": "way/1364656250",
        "building": "yes",
        "power": "substation"
      },
      "geometry": {
        "type": "Polygon",
        "coordinates": [
          [
            [
              114.2685829,
              22.3765833
            ],
            [
              114.2686412,
              22.3765153
            ],
            [
              114.2686784,
              22.3765426
            ],
            [
              114.2686201,
              22.3766106
            ],
            [
              114.2685829,
              22.3765833
            ]
          ]
        ]
      },
      "id": "way/1364656250"
    },
    {
      "type": "Feature",
      "properties": {
        "@id": "way/1364656252",
        "building": "yes",
        "power": "substation"
      },
      "geometry": {
        "type": "Polygon",
        "coordinates": [
          [
            [
              114.2669349,
              22.3762397
            ],
            [
              114.2669491,
              22.3762057
            ],
            [
              114.2670407,
              22.3762385
            ],
            [
              114.2670265,
              22.3762725
            ],
            [
              114.2669349,
              22.3762397
            ]
          ]
        ]
      },
      "id": "way/1364656252"
    },
    {
      "type": "Feature",
      "properties": {
        "@id": "way/1378061845",
        "building": "industrial",
        "location": "indoor",
        "name": "黃泥涌道188號東變壓站 Wong Nai Chung Road 188 East Substation",
        "name:en": "Wong Nai Chung Road 188 East Substation",
        "name:zh": "黃泥涌道188號東變壓站",
        "power": "substation",
        "substation": "distribution"
      },
      "geometry": {
        "type": "Polygon",
        "coordinates": [
          [
            [
              114.1824964,
              22.2761571
            ],
            [
              114.1824615,
              22.2762304
            ],
            [
              114.182421,
              22.2762138
            ],
            [
              114.1824559,
              22.2761406
            ],
            [
              114.1824964,
              22.2761571
            ]
          ]
        ]
      },
      "id": "way/1378061845"
    },
    {
      "type": "Feature",
      "properties": {
        "@id": "way/1388476507",
        "addr:housenumber": "1",
        "addr:street": "渡華路 To Wah Road",
        "addr:street:en": "To Wah Road",
        "addr:street:zh": "渡華路",
        "brand": "中電 CLP",
        "brand:en": "CLP",
        "brand:wikidata": "Q977959",
        "brand:zh": "中電",
        "landuse": "industrial",
        "name": "百周年變電站 Centenary Substation",
        "name:en": "Centenary Substation",
        "name:zh": "百周年變電站",
        "operation": "private",
        "operator": "中華電力 CLP Power Hong Kong",
        "operator:en": "CLP Power Hong Kong",
        "operator:official_name": "中華電力有限公司 CLP Power Hong Kong Limited",
        "operator:official_name:en": "CLP Power Hong Kong Limited",
        "operator:official_name:zh": "中華電力有限公司",
        "operator:ref": "CLP",
        "operator:short": "中電 CLP Power",
        "operator:short:en": "CLP Power",
        "operator:short:zh": "中電",
        "operator:short_name": "中電 CLP Power",
        "operator:short_name:en": "CLP Power",
        "operator:short_name:zh": "中電",
        "operator:type": "private",
        "operator:wikidata": "Q977959",
        "operator:zh": "中華電力",
        "owner": "中華電力 CLP Power Hong Kong",
        "owner:en": "CLP Power Hong Kong",
        "owner:official_name": "中華電力有限公司 CLP Power Hong Kong Limited",
        "owner:official_name:en": "CLP Power Hong Kong Limited",
        "owner:official_name:zh": "中華電力有限公司",
        "owner:ref": "CLP",
        "owner:short_name": "中電 CLP Power",
        "owner:short_name:en": "CLP Power",
        "owner:short_name:zh": "中電",
        "owner:wikidata": "Q977959",
        "owner:zh": "中華電力",
        "ownership": "private",
        "power": "substation",
        "substation": "distribution"
      },
      "geometry": {
        "type": "Polygon",
        "coordinates": [
          [
            [
              114.1616195,
              22.3078872
            ],
            [
              114.1616226,
              22.3077689
            ],
            [
              114.1616783,
              22.3076142
            ],
            [
              114.1616904,
              22.307605
            ],
            [
              114.162191,
              22.307442
            ],
            [
              114.1622618,
              22.307628
            ],
            [
              114.1622416,
              22.307702
            ],
            [
              114.162055,
              22.3077627
            ],
            [
              114.161784,
              22.307851
            ],
            [
              114.1617774,
              22.3078544
            ],
            [
              114.1617443,
              22.3079221
            ],
            [
              114.1617042,
              22.3079549
            ],
            [
              114.161648,
              22.3079734
            ],
            [
              114.1616195,
              22.3078872
            ]
          ]
        ]
      },
      "id": "way/1388476507"
    },
    {
      "type": "Feature",
      "properties": {
        "@id": "way/1395700165",
        "building": "yes",
        "name": "坪石邨商鋪變電站 Ping Shek Retail Shops Substation",
        "name:en": "Ping Shek Retail Shops Substation",
        "name:zh": "坪石邨商鋪變電站",
        "operator": "中華電力有限公司 CLP Power Hong Kong Limited",
        "operator:en": "CLP Power Hong Kong Limited",
        "operator:short": "中華電力 CLP",
        "operator:short:en": "CLP",
        "operator:short:zh": "中華電力",
        "operator:short:zh-Hans": "中华电力",
        "operator:short:zh-Hant": "中華電力",
        "operator:wikidata": "Q977959",
        "operator:zh": "中華電力有限公司",
        "operator:zh-Hans": "中华电力有限公司",
        "operator:zh-Hant": "中華電力有限公司",
        "power": "substation"
      },
      "geometry": {
        "type": "Polygon",
        "coordinates": [
          [
            [
              114.208996,
              22.3338772
            ],
            [
              114.2091205,
              22.333902
            ],
            [
              114.2091072,
              22.3339562
            ],
            [
              114.2089836,
              22.3339207
            ],
            [
              114.208996,
              22.3338772
            ]
          ]
        ]
      },
      "id": "way/1395700165"
    },
    {
      "type": "Feature",
      "properties": {
        "@id": "way/1408955667",
        "building": "yes",
        "power": "substation"
      },
      "geometry": {
        "type": "Polygon",
        "coordinates": [
          [
            [
              114.1485386,
              22.3334617
            ],
            [
              114.1485927,
              22.3334637
            ],
            [
              114.1485908,
              22.3335064
            ],
            [
              114.1485614,
              22.3335367
            ],
            [
              114.1486232,
              22.3336077
            ],
            [
              114.1486478,
              22.3335931
            ],
            [
              114.1486773,
              22.3336195
            ],
            [
              114.1486772,
              22.3336557
            ],
            [
              114.1486027,
              22.3336536
            ],
            [
              114.1485845,
              22.3336536
            ],
            [
              114.1485489,
              22.3336352
            ],
            [
              114.1485379,
              22.333623
            ],
            [
              114.1485318,
              22.3336029
            ],
            [
              114.1485386,
              22.3334617
            ]
          ]
        ]
      },
      "id": "way/1408955667"
    },
    {
      "type": "Feature",
      "properties": {
        "@id": "way/1415407076",
        "building": "yes",
        "name": "大埔文娛中心變電站 Tai Po Civil Centre Substation",
        "power": "substation"
      },
      "geometry": {
        "type": "Polygon",
        "coordinates": [
          [
            [
              114.1684006,
              22.4518411
            ],
            [
              114.1683997,
              22.4519301
            ],
            [
              114.1683551,
              22.4519297
            ],
            [
              114.168356,
              22.4518408
            ],
            [
              114.1684006,
              22.4518411
            ]
          ]
        ]
      },
      "id": "way/1415407076"
    },
    {
      "type": "Feature",
      "properties": {
        "@id": "way/1415407082",
        "building": "yes",
        "name": "大埔官立中學B變壓站 Tai Po Government Secondary School 'B' Substation",
        "power": "substation"
      },
      "geometry": {
        "type": "Polygon",
        "coordinates": [
          [
            [
              114.1686534,
              22.4518447
            ],
            [
              114.1685977,
              22.4518441
            ],
            [
              114.1685984,
              22.4517912
            ],
            [
              114.1685767,
              22.451791
            ],
            [
              114.1685772,
              22.4517482
            ],
            [
              114.1686547,
              22.4517491
            ],
            [
              114.1686534,
              22.4518447
            ]
          ]
        ]
      },
      "id": "way/1415407082"
    },
    {
      "type": "Feature",
      "properties": {
        "@id": "way/1422842613",
        "landuse": "industrial",
        "name": "貝澳變電站 Pui O Substation",
        "name:en": "Pui O Substation",
        "name:zh": "貝澳變電站",
        "power": "substation"
      },
      "geometry": {
        "type": "Polygon",
        "coordinates": [
          [
            [
              113.9809437,
              22.2479148
            ],
            [
              113.9809919,
              22.2478606
            ],
            [
              113.981356,
              22.248138
            ],
            [
              113.9811079,
              22.2484171
            ],
            [
              113.9807623,
              22.2481538
            ],
            [
              113.9805345,
              22.2481863
            ],
            [
              113.9804999,
              22.247978
            ],
            [
              113.9809437,
              22.2479148
            ]
          ]
        ]
      },
      "id": "way/1422842613"
    },
    {
      "type": "Feature",
      "properties": {
        "@id": "way/1431338188",
        "name": "麗翔道變電站 Lai Cheung Road Substation",
        "name:en": "Lai Cheung Road Substation",
        "name:zh": "麗翔道變電站",
        "name:zh-Hans": "丽翔道变电站",
        "name:zh-Hant": "麗翔道變電站",
        "power": "substation",
        "substation": "distribution"
      },
      "geometry": {
        "type": "Polygon",
        "coordinates": [
          [
            [
              114.1639507,
              22.3118352
            ],
            [
              114.1639564,
              22.3116277
            ],
            [
              114.1640015,
              22.3116051
            ],
            [
              114.1639917,
              22.3115814
            ],
            [
              114.1642314,
              22.311474
            ],
            [
              114.1642341,
              22.3114462
            ],
            [
              114.1646579,
              22.3114372
            ],
            [
              114.16465,
              22.3117467
            ],
            [
              114.1646294,
              22.3118355
            ],
            [
              114.1645856,
              22.3118352
            ],
            [
              114.164037,
              22.3118352
            ],
            [
              114.1640142,
              22.3118352
            ],
            [
              114.1639905,
              22.3118352
            ],
            [
              114.1639507,
              22.3118352
            ]
          ]
        ]
      },
      "id": "way/1431338188"
    },
    {
      "type": "Feature",
      "properties": {
        "@id": "way/1441804773",
        "building": "yes",
        "name": "摩士公園游泳池變電站 Morse Park Swimming Pool Substation",
        "name:en": "Morse Park Swimming Pool Substation",
        "name:zh": "摩士公園游泳池變電站",
        "power": "substation"
      },
      "geometry": {
        "type": "Polygon",
        "coordinates": [
          [
            [
              114.1908034,
              22.3415144
            ],
            [
              114.1908054,
              22.3415491
            ],
            [
              114.190765,
              22.341552
            ],
            [
              114.1907659,
              22.3415667
            ],
            [
              114.1907036,
              22.3415711
            ],
            [
              114.1906988,
              22.3415226
            ],
            [
              114.1908034,
              22.3415144
            ]
          ]
        ]
      },
      "id": "way/1441804773"
    },
    {
      "type": "Feature",
      "properties": {
        "@id": "way/1442079916",
        "building": "yes",
        "name": "龍翔工業中學變電站 Lung Cheung Government Technical School Substation",
        "name:en": "Lung Cheung Government Technical School Substation",
        "name:zh": "龍翔工業中學變電站",
        "power": "substation"
      },
      "geometry": {
        "type": "Polygon",
        "coordinates": [
          [
            [
              114.1896049,
              22.3431232
            ],
            [
              114.1896446,
              22.343148
            ],
            [
              114.1895946,
              22.3432165
            ],
            [
              114.1895549,
              22.3431918
            ],
            [
              114.1896049,
              22.3431232
            ]
          ]
        ]
      },
      "id": "way/1442079916"
    },
    {
      "type": "Feature",
      "properties": {
        "@id": "way/1455106090",
        "name": "馬灣變電站 Ma Wan Substation",
        "name:en": "Ma Wan Substation",
        "name:zh": "馬灣變電站",
        "operator": "中華電力有限公司 CLP Power Hong Kong Limited",
        "operator:en": "CLP Power Hong Kong Limited",
        "operator:short": "中華電力 CLP",
        "operator:short:en": "CLP",
        "operator:short:zh": "中華電力",
        "operator:short:zh-Hans": "中华电力",
        "operator:short:zh-Hant": "中華電力",
        "operator:wikidata": "Q977959",
        "operator:zh": "中華電力有限公司",
        "operator:zh-Hans": "中华电力有限公司",
        "operator:zh-Hant": "中華電力有限公司",
        "power": "substation",
        "substation": "substation"
      },
      "geometry": {
        "type": "Polygon",
        "coordinates": [
          [
            [
              114.056139,
              22.3491015
            ],
            [
              114.0562991,
              22.3489228
            ],
            [
              114.0564396,
              22.3489815
            ],
            [
              114.0563165,
              22.3491744
            ],
            [
              114.0562937,
              22.3491811
            ],
            [
              114.056153,
              22.3491189
            ],
            [
              114.056139,
              22.3491015
            ]
          ]
        ]
      },
      "id": "way/1455106090"
    },
    {
      "type": "Feature",
      "properties": {
        "@id": "way/1459714815",
        "building": "industrial",
        "location": "indoor",
        "power": "substation",
        "substation": "distribution"
      },
      "geometry": {
        "type": "Polygon",
        "coordinates": [
          [
            [
              114.1506793,
              22.2810094
            ],
            [
              114.1507133,
              22.280972
            ],
            [
              114.1507742,
              22.2810193
            ],
            [
              114.1507509,
              22.2810449
            ],
            [
              114.1507281,
              22.2810272
            ],
            [
              114.1507174,
              22.281039
            ],
            [
              114.1506793,
              22.2810094
            ]
          ]
        ]
      },
      "id": "way/1459714815"
    },
    {
      "type": "Feature",
      "properties": {
        "@id": "way/1459714840",
        "building": "industrial",
        "location": "indoor",
        "power": "substation",
        "substation": "distribution"
      },
      "geometry": {
        "type": "Polygon",
        "coordinates": [
          [
            [
              114.1512922,
              22.2799086
            ],
            [
              114.1513145,
              22.2799299
            ],
            [
              114.1512876,
              22.279954
            ],
            [
              114.1512653,
              22.2799327
            ],
            [
              114.1512922,
              22.2799086
            ]
          ]
        ]
      },
      "id": "way/1459714840"
    },
    {
      "type": "Feature",
      "properties": {
        "@id": "way/1459714919",
        "addr:housenumber": "36",
        "addr:street": "羅便臣道 Robinson Road",
        "building": "industrial",
        "location": "indoor",
        "power": "substation",
        "substation": "converter"
      },
      "geometry": {
        "type": "Polygon",
        "coordinates": [
          [
            [
              114.1516293,
              22.2795525
            ],
            [
              114.1515791,
              22.2795948
            ],
            [
              114.1515541,
              22.2795694
            ],
            [
              114.1516042,
              22.2795271
            ],
            [
              114.1516161,
              22.2795391
            ],
            [
              114.1516293,
              22.2795525
            ]
          ]
        ]
      },
      "id": "way/1459714919"
    },
    {
      "type": "Feature",
      "properties": {
        "@id": "way/1464370371",
        "building": "yes",
        "power": "substation"
      },
      "geometry": {
        "type": "Polygon",
        "coordinates": [
          [
            [
              113.9365444,
              22.3188979
            ],
            [
              113.9365174,
              22.3188414
            ],
            [
              113.9365507,
              22.3188278
            ],
            [
              113.9365777,
              22.3188843
            ],
            [
              113.9365444,
              22.3188979
            ]
          ]
        ]
      },
      "id": "way/1464370371"
    },
    {
      "type": "Feature",
      "properties": {
        "@id": "way/1465634367",
        "addr:district": "觀塘 Kwun Tong",
        "addr:district:en": "Kwun Tong",
        "addr:district:zh": "觀塘",
        "addr:housenumber": "25",
        "addr:street": "成業街 Shing Yip Street",
        "addr:street:en": "Shing Yip Street",
        "addr:street:zh": "成業街",
        "alt_name:en": "Shing Yip Street CLP Substation",
        "building": "yes",
        "emergency:phone": "+852 27288333",
        "name": "成業街變電站 Shing Yip Street Substation",
        "name:en": "Shing Yip Street Substation",
        "name:zh": "成業街變電站",
        "operator": "中華電力有限公司 CLP Power Hong Kong Limited",
        "operator:en": "CLP Power Hong Kong Limited",
        "operator:zh": "中華電力有限公司",
        "power": "substation"
      },
      "geometry": {
        "type": "Polygon",
        "coordinates": [
          [
            [
              114.2269424,
              22.3097202
            ],
            [
              114.2270216,
              22.3096347
            ],
            [
              114.227084,
              22.3096827
            ],
            [
              114.2270069,
              22.3097685
            ],
            [
              114.2269424,
              22.3097202
            ]
          ]
        ]
      },
      "id": "way/1465634367"
    },
    {
      "type": "Feature",
      "properties": {
        "@id": "way/1467646969",
        "building": "yes",
        "power": "substation"
      },
      "geometry": {
        "type": "Polygon",
        "coordinates": [
          [
            [
              113.9702259,
              22.408965
            ],
            [
              113.9703155,
              22.4089824
            ],
            [
              113.9703044,
              22.409031
            ],
            [
              113.9702149,
              22.4090136
            ],
            [
              113.9702259,
              22.408965
            ]
          ]
        ]
      },
      "id": "way/1467646969"
    },
    {
      "type": "Feature",
      "properties": {
        "@id": "way/1475048095",
        "building": "yes",
        "name": "東涌海水抽水站變電站 Tung Chung SWPS Substation",
        "name:en": "Tung Chung SWPS Substation",
        "name:zh": "東涌海水抽水站變電站",
        "power": "substation"
      },
      "geometry": {
        "type": "Polygon",
        "coordinates": [
          [
            [
              113.9490139,
              22.2974081
            ],
            [
              113.9490342,
              22.2973647
            ],
            [
              113.9491852,
              22.2974254
            ],
            [
              113.9491469,
              22.297507
            ],
            [
              113.94904,
              22.2974641
            ],
            [
              113.9490579,
              22.2974258
            ],
            [
              113.9490139,
              22.2974081
            ]
          ]
        ]
      },
      "id": "way/1475048095"
    },
    {
      "type": "Feature",
      "properties": {
        "@id": "way/1483306591",
        "building": "industrial",
        "location": "indoor",
        "power": "substation",
        "substation": "distribution"
      },
      "geometry": {
        "type": "Polygon",
        "coordinates": [
          [
            [
              114.1818612,
              22.3242176
            ],
            [
              114.1818492,
              22.3242765
            ],
            [
              114.1818074,
              22.3242692
            ],
            [
              114.1818194,
              22.3242103
            ],
            [
              114.1818612,
              22.3242176
            ]
          ]
        ]
      },
      "id": "way/1483306591"
    },
    {
      "type": "Feature",
      "properties": {
        "@id": "way/1483306592",
        "building": "industrial",
        "location": "indoor",
        "name": "九龍醫院‵B‵變電站 Kowloon Hospital 'B' Subs",
        "name:en": "Kowloon Hospital 'B' Substation",
        "name:zh": "九龍醫院‵B‵變電站",
        "power": "substation",
        "roof:shape": "flat",
        "substation": "distribution"
      },
      "geometry": {
        "type": "Polygon",
        "coordinates": [
          [
            [
              114.1807688,
              22.3243088
            ],
            [
              114.1807293,
              22.3242745
            ],
            [
              114.1808137,
              22.3241914
            ],
            [
              114.1808532,
              22.3242257
            ],
            [
              114.1807688,
              22.3243088
            ]
          ]
        ]
      },
      "id": "way/1483306592"
    },
    {
      "type": "Feature",
      "properties": {
        "@id": "way/1483306665",
        "building": "industrial",
        "location": "indoor",
        "power": "substation",
        "roof:shape": "flat",
        "substation": "distribution"
      },
      "geometry": {
        "type": "Polygon",
        "coordinates": [
          [
            [
              114.1810464,
              22.3243732
            ],
            [
              114.1810322,
              22.324445
            ],
            [
              114.1809149,
              22.3244253
            ],
            [
              114.180929,
              22.3243534
            ],
            [
              114.1810464,
              22.3243732
            ]
          ]
        ]
      },
      "id": "way/1483306665"
    },
    {
      "type": "Feature",
      "properties": {
        "@id": "way/1483306675",
        "building": "industrial",
        "location": "indoor",
        "power": "substation",
        "substation": "distribution"
      },
      "geometry": {
        "type": "Polygon",
        "coordinates": [
          [
            [
              114.1802535,
              22.3251647
            ],
            [
              114.1802352,
              22.3252477
            ],
            [
              114.1801081,
              22.3252237
            ],
            [
              114.1801264,
              22.3251407
            ],
            [
              114.1802535,
              22.3251647
            ]
          ]
        ]
      },
      "id": "way/1483306675"
    },
    {
      "type": "Feature",
      "properties": {
        "@id": "way/1484125466",
        "operator": "中華電力有限公司 CLP Power Hong Kong Limited",
        "operator:en": "CLP Power Hong Kong Limited",
        "operator:short": "中華電力 CLP",
        "operator:short:en": "CLP",
        "operator:short:zh": "中華電力",
        "operator:short:zh-Hans": "中华电力",
        "operator:short:zh-Hant": "中華電力",
        "operator:wikidata": "Q977959",
        "operator:zh": "中華電力有限公司",
        "operator:zh-Hans": "中华电力有限公司",
        "operator:zh-Hant": "中華電力有限公司",
        "power": "substation"
      },
      "geometry": {
        "type": "Polygon",
        "coordinates": [
          [
            [
              114.2466008,
              22.342895
            ],
            [
              114.2465638,
              22.3428672
            ],
            [
              114.2465825,
              22.342846
            ],
            [
              114.2466194,
              22.3428738
            ],
            [
              114.2466008,
              22.342895
            ]
          ]
        ]
      },
      "id": "way/1484125466"
    },
    {
      "type": "Feature",
      "properties": {
        "@id": "way/1484715120",
        "operator": "中華電力有限公司 CLP Power Hong Kong Limited",
        "operator:en": "CLP Power Hong Kong Limited",
        "operator:short": "中華電力 CLP",
        "operator:short:en": "CLP",
        "operator:short:zh": "中華電力",
        "operator:short:zh-Hans": "中华电力",
        "operator:short:zh-Hant": "中華電力",
        "operator:wikidata": "Q977959",
        "operator:zh": "中華電力有限公司",
        "operator:zh-Hans": "中华电力有限公司",
        "operator:zh-Hant": "中華電力有限公司",
        "power": "substation"
      },
      "geometry": {
        "type": "Polygon",
        "coordinates": [
          [
            [
              114.2603982,
              22.3465222
            ],
            [
              114.2603606,
              22.3464719
            ],
            [
              114.2604157,
              22.3464335
            ],
            [
              114.2604265,
              22.3464467
            ],
            [
              114.2604821,
              22.3464079
            ],
            [
              114.2605132,
              22.3464427
            ],
            [
              114.2603982,
              22.3465222
            ]
          ]
        ]
      },
      "id": "way/1484715120"
    },
    {
      "type": "Feature",
      "properties": {
        "@id": "way/1485520979",
        "operator": "中華電力有限公司 CLP Power Hong Kong Limited",
        "operator:en": "CLP Power Hong Kong Limited",
        "operator:short": "中華電力 CLP",
        "operator:short:en": "CLP",
        "operator:short:zh": "中華電力",
        "operator:short:zh-Hans": "中华电力",
        "operator:short:zh-Hant": "中華電力",
        "operator:wikidata": "Q977959",
        "operator:zh": "中華電力有限公司",
        "operator:zh-Hans": "中华电力有限公司",
        "operator:zh-Hant": "中華電力有限公司",
        "power": "substation"
      },
      "geometry": {
        "type": "Polygon",
        "coordinates": [
          [
            [
              114.2704839,
              22.3161242
            ],
            [
              114.2705687,
              22.316101
            ],
            [
              114.2705809,
              22.3161391
            ],
            [
              114.2704961,
              22.3161624
            ],
            [
              114.2704839,
              22.3161242
            ]
          ]
        ]
      },
      "id": "way/1485520979"
    },
    {
      "type": "Feature",
      "properties": {
        "@id": "way/1485775268",
        "operator": "中華電力有限公司 CLP Power Hong Kong Limited",
        "operator:en": "CLP Power Hong Kong Limited",
        "operator:short": "中華電力 CLP",
        "operator:short:en": "CLP",
        "operator:short:zh": "中華電力",
        "operator:short:zh-Hans": "中华电力",
        "operator:short:zh-Hant": "中華電力",
        "operator:wikidata": "Q977959",
        "operator:zh": "中華電力有限公司",
        "operator:zh-Hans": "中华电力有限公司",
        "operator:zh-Hant": "中華電力有限公司",
        "power": "substation"
      },
      "geometry": {
        "type": "Polygon",
        "coordinates": [
          [
            [
              114.2659654,
              22.3208139
            ],
            [
              114.2660016,
              22.3207776
            ],
            [
              114.2660997,
              22.3208614
            ],
            [
              114.2660635,
              22.3208977
            ],
            [
              114.2659654,
              22.3208139
            ]
          ]
        ]
      },
      "id": "way/1485775268"
    },
    {
      "type": "Feature",
      "properties": {
        "@id": "way/1485775270",
        "operator": "中華電力有限公司 CLP Power Hong Kong Limited",
        "operator:en": "CLP Power Hong Kong Limited",
        "operator:short": "中華電力 CLP",
        "operator:short:en": "CLP",
        "operator:short:zh": "中華電力",
        "operator:short:zh-Hans": "中华电力",
        "operator:short:zh-Hant": "中華電力",
        "operator:wikidata": "Q977959",
        "operator:zh": "中華電力有限公司",
        "operator:zh-Hans": "中华电力有限公司",
        "operator:zh-Hant": "中華電力有限公司",
        "power": "substation"
      },
      "geometry": {
        "type": "Polygon",
        "coordinates": [
          [
            [
              114.2489062,
              22.3365001
            ],
            [
              114.2489114,
              22.3364541
            ],
            [
              114.2489679,
              22.3364595
            ],
            [
              114.2489627,
              22.3365056
            ],
            [
              114.2489062,
              22.3365001
            ]
          ]
        ]
      },
      "id": "way/1485775270"
    },
    {
      "type": "Feature",
      "properties": {
        "@id": "way/1485775274",
        "operator": "中華電力有限公司 CLP Power Hong Kong Limited",
        "operator:en": "CLP Power Hong Kong Limited",
        "operator:short": "中華電力 CLP",
        "operator:short:en": "CLP",
        "operator:short:zh": "中華電力",
        "operator:short:zh-Hans": "中华电力",
        "operator:short:zh-Hant": "中華電力",
        "operator:wikidata": "Q977959",
        "operator:zh": "中華電力有限公司",
        "operator:zh-Hans": "中华电力有限公司",
        "operator:zh-Hant": "中華電力有限公司",
        "power": "substation"
      },
      "geometry": {
        "type": "Polygon",
        "coordinates": [
          [
            [
              114.2422934,
              22.3367103
            ],
            [
              114.242319,
              22.3366249
            ],
            [
              114.2423614,
              22.3366748
            ],
            [
              114.2423467,
              22.336724
            ],
            [
              114.2422934,
              22.3367103
            ]
          ]
        ]
      },
      "id": "way/1485775274"
    },
    {
      "type": "Feature",
      "properties": {
        "@id": "way/1485782561",
        "operator": "中華電力有限公司 CLP Power Hong Kong Limited",
        "operator:en": "CLP Power Hong Kong Limited",
        "operator:short": "中華電力 CLP",
        "operator:short:en": "CLP",
        "operator:short:zh": "中華電力",
        "operator:short:zh-Hans": "中华电力",
        "operator:short:zh-Hant": "中華電力",
        "operator:wikidata": "Q977959",
        "operator:zh": "中華電力有限公司",
        "operator:zh-Hans": "中华电力有限公司",
        "operator:zh-Hant": "中華電力有限公司",
        "power": "substation"
      },
      "geometry": {
        "type": "Polygon",
        "coordinates": [
          [
            [
              114.2539374,
              22.3443665
            ],
            [
              114.2539813,
              22.3442766
            ],
            [
              114.2540162,
              22.3442912
            ],
            [
              114.2539954,
              22.3443337
            ],
            [
              114.2539492,
              22.3443715
            ],
            [
              114.2539374,
              22.3443665
            ]
          ]
        ]
      },
      "id": "way/1485782561"
    },
    {
      "type": "Feature",
      "properties": {
        "@id": "way/1485782563",
        "operator": "中華電力有限公司 CLP Power Hong Kong Limited",
        "operator:en": "CLP Power Hong Kong Limited",
        "operator:short": "中華電力 CLP",
        "operator:short:en": "CLP",
        "operator:short:zh": "中華電力",
        "operator:short:zh-Hans": "中华电力",
        "operator:short:zh-Hant": "中華電力",
        "operator:wikidata": "Q977959",
        "operator:zh": "中華電力有限公司",
        "operator:zh-Hans": "中华电力有限公司",
        "operator:zh-Hant": "中華電力有限公司",
        "power": "substation"
      },
      "geometry": {
        "type": "Polygon",
        "coordinates": [
          [
            [
              114.260743,
              22.3388461
            ],
            [
              114.2607378,
              22.3386514
            ],
            [
              114.2607837,
              22.3386504
            ],
            [
              114.2607848,
              22.3386945
            ],
            [
              114.2608266,
              22.3386935
            ],
            [
              114.2608305,
              22.3388441
            ],
            [
              114.260743,
              22.3388461
            ]
          ]
        ]
      },
      "id": "way/1485782563"
    },
    {
      "type": "Feature",
      "properties": {
        "@id": "way/1485782564",
        "operator": "中華電力有限公司 CLP Power Hong Kong Limited",
        "operator:en": "CLP Power Hong Kong Limited",
        "operator:short": "中華電力 CLP",
        "operator:short:en": "CLP",
        "operator:short:zh": "中華電力",
        "operator:short:zh-Hans": "中华电力",
        "operator:short:zh-Hant": "中華電力",
        "operator:wikidata": "Q977959",
        "operator:zh": "中華電力有限公司",
        "operator:zh-Hans": "中华电力有限公司",
        "operator:zh-Hant": "中華電力有限公司",
        "power": "substation"
      },
      "geometry": {
        "type": "Polygon",
        "coordinates": [
          [
            [
              114.2693651,
              22.3145973
            ],
            [
              114.2693783,
              22.3145336
            ],
            [
              114.2694347,
              22.3145435
            ],
            [
              114.2694216,
              22.3146072
            ],
            [
              114.2693651,
              22.3145973
            ]
          ]
        ]
      },
      "id": "way/1485782564"
    },
    {
      "type": "Feature",
      "properties": {
        "@id": "way/1486319503",
        "operator": "中華電力有限公司 CLP Power Hong Kong Limited",
        "operator:en": "CLP Power Hong Kong Limited",
        "operator:short": "中華電力 CLP",
        "operator:short:en": "CLP",
        "operator:short:zh": "中華電力",
        "operator:short:zh-Hans": "中华电力",
        "operator:short:zh-Hant": "中華電力",
        "operator:wikidata": "Q977959",
        "operator:zh": "中華電力有限公司",
        "operator:zh-Hans": "中华电力有限公司",
        "operator:zh-Hant": "中華電力有限公司",
        "power": "substation"
      },
      "geometry": {
        "type": "Polygon",
        "coordinates": [
          [
            [
              114.2746214,
              22.3142875
            ],
            [
              114.2746427,
              22.3142871
            ],
            [
              114.2746435,
              22.3143198
            ],
            [
              114.2746222,
              22.3143202
            ],
            [
              114.2746214,
              22.3142875
            ]
          ]
        ]
      },
      "id": "way/1486319503"
    },
    {
      "type": "Feature",
      "properties": {
        "@id": "way/1486346552",
        "name": "魷魚灣村變電站 Junk Bay Village Development Substation",
        "name:en": "Junk Bay Village Development Substation",
        "name:zh": "魷魚灣村變電站",
        "operator": "中華電力有限公司 CLP Power Hong Kong Limited",
        "operator:en": "CLP Power Hong Kong Limited",
        "operator:short": "中華電力 CLP",
        "operator:short:en": "CLP",
        "operator:short:zh": "中華電力",
        "operator:short:zh-Hans": "中华电力",
        "operator:short:zh-Hant": "中華電力",
        "operator:wikidata": "Q977959",
        "operator:zh": "中華電力有限公司",
        "operator:zh-Hans": "中华电力有限公司",
        "operator:zh-Hant": "中華電力有限公司",
        "power": "substation"
      },
      "geometry": {
        "type": "Polygon",
        "coordinates": [
          [
            [
              114.2601323,
              22.3273429
            ],
            [
              114.2600995,
              22.3273121
            ],
            [
              114.2601583,
              22.3272586
            ],
            [
              114.260191,
              22.3272893
            ],
            [
              114.2601323,
              22.3273429
            ]
          ]
        ]
      },
      "id": "way/1486346552"
    },
    {
      "type": "Feature",
      "properties": {
        "@id": "way/1486560076",
        "name": "聖公會聖約翰小學坪石村變電站 S.K.H. St. John's Primary School Substation",
        "name:en": "S.K.H. St. John's Primary School Substation",
        "name:zh": "聖公會聖約翰小學坪石村變電站",
        "operator": "中華電力有限公司 CLP Power Hong Kong Limited",
        "operator:en": "CLP Power Hong Kong Limited",
        "operator:short": "中華電力 CLP",
        "operator:short:en": "CLP",
        "operator:short:zh": "中華電力",
        "operator:short:zh-Hans": "中华电力",
        "operator:short:zh-Hant": "中華電力",
        "operator:wikidata": "Q977959",
        "operator:zh": "中華電力有限公司",
        "operator:zh-Hans": "中华电力有限公司",
        "operator:zh-Hant": "中華電力有限公司",
        "power": "substation"
      },
      "geometry": {
        "type": "Polygon",
        "coordinates": [
          [
            [
              114.2111265,
              22.3342163
            ],
            [
              114.211145,
              22.334108
            ],
            [
              114.2112016,
              22.3341162
            ],
            [
              114.2111854,
              22.3342107
            ],
            [
              114.2111265,
              22.3342163
            ]
          ]
        ]
      },
      "id": "way/1486560076"
    },
    {
      "type": "Feature",
      "properties": {
        "@id": "way/1486560078",
        "name": "金漢樓變電站 Kam Hon House Substation",
        "name:en": "Kam Hon House Substation",
        "name:zh": "金漢樓變電站",
        "operator": "中華電力有限公司 CLP Power Hong Kong Limited",
        "operator:en": "CLP Power Hong Kong Limited",
        "operator:short": "中華電力 CLP",
        "operator:short:en": "CLP",
        "operator:short:zh": "中華電力",
        "operator:short:zh-Hans": "中华电力",
        "operator:short:zh-Hant": "中華電力",
        "operator:wikidata": "Q977959",
        "operator:zh": "中華電力有限公司",
        "operator:zh-Hans": "中华电力有限公司",
        "operator:zh-Hant": "中華電力有限公司",
        "power": "substation"
      },
      "geometry": {
        "type": "Polygon",
        "coordinates": [
          [
            [
              114.2058205,
              22.3364202
            ],
            [
              114.205864,
              22.3363714
            ],
            [
              114.2059499,
              22.3364369
            ],
            [
              114.2059064,
              22.3364857
            ],
            [
              114.2058205,
              22.3364202
            ]
          ]
        ]
      },
      "id": "way/1486560078"
    },
    {
      "type": "Feature",
      "properties": {
        "@id": "way/1486861623",
        "name": "順利村消防局變電站 Shun Lee Tsuen Fire Station Substation",
        "name:en": "Shun Lee Tsuen Fire Station Substation",
        "name:zh": "順利村消防局變電站",
        "operator": "中華電力有限公司 CLP Power Hong Kong Limited",
        "operator:en": "CLP Power Hong Kong Limited",
        "operator:short": "中華電力 CLP",
        "operator:short:en": "CLP",
        "operator:short:zh": "中華電力",
        "operator:short:zh-Hans": "中华电力",
        "operator:short:zh-Hant": "中華電力",
        "operator:wikidata": "Q977959",
        "operator:zh": "中華電力有限公司",
        "operator:zh-Hans": "中华电力有限公司",
        "operator:zh-Hant": "中華電力有限公司",
        "power": "substation"
      },
      "geometry": {
        "type": "Polygon",
        "coordinates": [
          [
            [
              114.2225436,
              22.3313944
            ],
            [
              114.2225179,
              22.3313606
            ],
            [
              114.2225541,
              22.331337
            ],
            [
              114.222566,
              22.3313526
            ],
            [
              114.2225727,
              22.3313754
            ],
            [
              114.2225436,
              22.3313944
            ]
          ]
        ]
      },
      "id": "way/1486861623"
    },
    {
      "type": "Feature",
      "properties": {
        "@id": "way/1486861624",
        "name": "利安里中學變電站 Lee On Lane Two Sec Sch Substation",
        "name:en": "Lee On Lane Two Sec Sch Substation",
        "name:zh": "利安里中學變電站",
        "operator": "中華電力有限公司 CLP Power Hong Kong Limited",
        "operator:en": "CLP Power Hong Kong Limited",
        "operator:short": "中華電力 CLP",
        "operator:short:en": "CLP",
        "operator:short:zh": "中華電力",
        "operator:short:zh-Hans": "中华电力",
        "operator:short:zh-Hant": "中華電力",
        "operator:wikidata": "Q977959",
        "operator:zh": "中華電力有限公司",
        "operator:zh-Hans": "中华电力有限公司",
        "operator:zh-Hant": "中華電力有限公司",
        "power": "substation"
      },
      "geometry": {
        "type": "Polygon",
        "coordinates": [
          [
            [
              114.2228474,
              22.3308667
            ],
            [
              114.2229655,
              22.3308064
            ],
            [
              114.2230313,
              22.3309167
            ],
            [
              114.2229131,
              22.330977
            ],
            [
              114.2228474,
              22.3308667
            ]
          ]
        ]
      },
      "id": "way/1486861624"
    },
    {
      "type": "Feature",
      "properties": {
        "@id": "way/1486861625",
        "name": "順利村社區中心變電站 Shun Lee Tsuen Community Centre Substation",
        "name:en": "Shun Lee Tsuen Community Centre Substation",
        "name:zh": "順利村社區中心變電站",
        "operator": "中華電力有限公司 CLP Power Hong Kong Limited",
        "operator:en": "CLP Power Hong Kong Limited",
        "operator:short": "中華電力 CLP",
        "operator:short:en": "CLP",
        "operator:short:zh": "中華電力",
        "operator:short:zh-Hans": "中华电力",
        "operator:short:zh-Hant": "中華電力",
        "operator:wikidata": "Q977959",
        "operator:zh": "中華電力有限公司",
        "operator:zh-Hans": "中华电力有限公司",
        "operator:zh-Hant": "中華電力有限公司",
        "power": "substation"
      },
      "geometry": {
        "type": "Polygon",
        "coordinates": [
          [
            [
              114.2274304,
              22.3318484
            ],
            [
              114.2274618,
              22.3318236
            ],
            [
              114.2275073,
              22.3318729
            ],
            [
              114.227476,
              22.3318977
            ],
            [
              114.2274304,
              22.3318484
            ]
          ]
        ]
      },
      "id": "way/1486861625"
    },
    {
      "type": "Feature",
      "properties": {
        "@id": "way/1486861626",
        "name": "順利邨基順小學變電站 Shun Lee Estate Kei Shun Primary School Substation",
        "name:en": "Shun Lee Estate Kei Shun Primary School Substation",
        "name:zh": "順利邨基順小學變電站",
        "operator": "中華電力有限公司 CLP Power Hong Kong Limited",
        "operator:en": "CLP Power Hong Kong Limited",
        "operator:short": "中華電力 CLP",
        "operator:short:en": "CLP",
        "operator:short:zh": "中華電力",
        "operator:short:zh-Hans": "中华电力",
        "operator:short:zh-Hant": "中華電力",
        "operator:wikidata": "Q977959",
        "operator:zh": "中華電力有限公司",
        "operator:zh-Hans": "中华电力有限公司",
        "operator:zh-Hant": "中華電力有限公司",
        "power": "substation"
      },
      "geometry": {
        "type": "Polygon",
        "coordinates": [
          [
            [
              114.2237458,
              22.3328134
            ],
            [
              114.223779,
              22.3327854
            ],
            [
              114.2238355,
              22.3328425
            ],
            [
              114.2238023,
              22.3328706
            ],
            [
              114.2237458,
              22.3328134
            ]
          ]
        ]
      },
      "id": "way/1486861626"
    },
    {
      "type": "Feature",
      "properties": {
        "@id": "way/1486861627",
        "name": "順利邨商場變電站 Shun Lee Tsuen Commercial Complex Substation",
        "name:en": "Shun Lee Tsuen Commercial Complex Substation",
        "name:zh": "順利邨商場變電站",
        "operator": "中華電力有限公司 CLP Power Hong Kong Limited",
        "operator:en": "CLP Power Hong Kong Limited",
        "operator:short": "中華電力 CLP",
        "operator:short:en": "CLP",
        "operator:short:zh": "中華電力",
        "operator:short:zh-Hans": "中华电力",
        "operator:short:zh-Hant": "中華電力",
        "operator:wikidata": "Q977959",
        "operator:zh": "中華電力有限公司",
        "operator:zh-Hans": "中华电力有限公司",
        "operator:zh-Hant": "中華電力有限公司",
        "power": "substation"
      },
      "geometry": {
        "type": "Polygon",
        "coordinates": [
          [
            [
              114.2249166,
              22.3314948
            ],
            [
              114.225013,
              22.3314162
            ],
            [
              114.2250431,
              22.3314477
            ],
            [
              114.2249467,
              22.3315264
            ],
            [
              114.2249166,
              22.3314948
            ]
          ]
        ]
      },
      "id": "way/1486861627"
    },
    {
      "type": "Feature",
      "properties": {
        "@id": "way/1486861632",
        "operator": "中華電力有限公司 CLP Power Hong Kong Limited",
        "operator:en": "CLP Power Hong Kong Limited",
        "operator:short": "中華電力 CLP",
        "operator:short:en": "CLP",
        "operator:short:zh": "中華電力",
        "operator:short:zh-Hans": "中华电力",
        "operator:short:zh-Hant": "中華電力",
        "operator:wikidata": "Q977959",
        "operator:zh": "中華電力有限公司",
        "operator:zh-Hans": "中华电力有限公司",
        "operator:zh-Hant": "中華電力有限公司",
        "power": "substation"
      },
      "geometry": {
        "type": "Polygon",
        "coordinates": [
          [
            [
              114.2309372,
              22.3244965
            ],
            [
              114.2309052,
              22.3244794
            ],
            [
              114.2309385,
              22.3244261
            ],
            [
              114.2309705,
              22.3244433
            ],
            [
              114.2309372,
              22.3244965
            ]
          ]
        ]
      },
      "id": "way/1486861632"
    },
    {
      "type": "Feature",
      "properties": {
        "@id": "way/1486861633",
        "operator": "中華電力有限公司 CLP Power Hong Kong Limited",
        "operator:en": "CLP Power Hong Kong Limited",
        "operator:short": "中華電力 CLP",
        "operator:short:en": "CLP",
        "operator:short:zh": "中華電力",
        "operator:short:zh-Hans": "中华电力",
        "operator:short:zh-Hant": "中華電力",
        "operator:wikidata": "Q977959",
        "operator:zh": "中華電力有限公司",
        "operator:zh-Hans": "中华电力有限公司",
        "operator:zh-Hant": "中華電力有限公司",
        "power": "substation"
      },
      "geometry": {
        "type": "Polygon",
        "coordinates": [
          [
            [
              114.2314799,
              22.3254678
            ],
            [
              114.2314992,
              22.3253834
            ],
            [
              114.2315382,
              22.325391
            ],
            [
              114.2315189,
              22.3254754
            ],
            [
              114.2314799,
              22.3254678
            ]
          ]
        ]
      },
      "id": "way/1486861633"
    },
    {
      "type": "Feature",
      "properties": {
        "@id": "way/1486861634",
        "name": "楊頌銘小學變電站 Lok Sin Tong Yeung Chung Ming Primary School Substation",
        "name:en": "Lok Sin Tong Yeung Chung Ming Primary School Substation",
        "name:zh": "楊頌銘小學變電站",
        "operator": "中華電力有限公司 CLP Power Hong Kong Limited",
        "operator:en": "CLP Power Hong Kong Limited",
        "operator:short": "中華電力 CLP",
        "operator:short:en": "CLP",
        "operator:short:zh": "中華電力",
        "operator:short:zh-Hans": "中华电力",
        "operator:short:zh-Hant": "中華電力",
        "operator:wikidata": "Q977959",
        "operator:zh": "中華電力有限公司",
        "operator:zh-Hans": "中华电力有限公司",
        "operator:zh-Hant": "中華電力有限公司",
        "power": "substation"
      },
      "geometry": {
        "type": "Polygon",
        "coordinates": [
          [
            [
              114.2228921,
              22.3202708
            ],
            [
              114.2228468,
              22.3201971
            ],
            [
              114.2228851,
              22.3201769
            ],
            [
              114.2229304,
              22.3202507
            ],
            [
              114.2228921,
              22.3202708
            ]
          ]
        ]
      },
      "id": "way/1486861634"
    },
    {
      "type": "Feature",
      "properties": {
        "@id": "way/1486861635",
        "name": "樂華邨東牛頭角社區中心變電站 East Ngau Tau Kok Community Centre Substation",
        "name:en": "East Ngau Tau Kok Community Centre Substation",
        "name:zh": "樂華邨東牛頭角社區中心變電站",
        "operator": "中華電力有限公司 CLP Power Hong Kong Limited",
        "operator:en": "CLP Power Hong Kong Limited",
        "operator:short": "中華電力 CLP",
        "operator:short:en": "CLP",
        "operator:short:zh": "中華電力",
        "operator:short:zh-Hans": "中华电力",
        "operator:short:zh-Hant": "中華電力",
        "operator:wikidata": "Q977959",
        "operator:zh": "中華電力有限公司",
        "operator:zh-Hans": "中华电力有限公司",
        "operator:zh-Hant": "中華電力有限公司",
        "power": "substation"
      },
      "geometry": {
        "type": "Polygon",
        "coordinates": [
          [
            [
              114.2226269,
              22.3201704
            ],
            [
              114.2225945,
              22.3201215
            ],
            [
              114.2226245,
              22.3201045
            ],
            [
              114.2226569,
              22.3201534
            ],
            [
              114.2226269,
              22.3201704
            ]
          ]
        ]
      },
      "id": "way/1486861635"
    },
    {
      "type": "Feature",
      "properties": {
        "@id": "way/1486861636",
        "name": "聖傑靈女子中學變電站 St. Catharine's School for Girls Kwun Tong Substation",
        "name:en": "St. Catharine's School for Girls Kwun Tong Substation",
        "name:zh": "聖傑靈女子中學變電站",
        "operator": "中華電力有限公司 CLP Power Hong Kong Limited",
        "operator:en": "CLP Power Hong Kong Limited",
        "operator:short": "中華電力 CLP",
        "operator:short:en": "CLP",
        "operator:short:zh": "中華電力",
        "operator:short:zh-Hans": "中华电力",
        "operator:short:zh-Hant": "中華電力",
        "operator:wikidata": "Q977959",
        "operator:zh": "中華電力有限公司",
        "operator:zh-Hans": "中华电力有限公司",
        "operator:zh-Hant": "中華電力有限公司",
        "power": "substation"
      },
      "geometry": {
        "type": "Polygon",
        "coordinates": [
          [
            [
              114.2199743,
              22.3189587
            ],
            [
              114.2199443,
              22.3188654
            ],
            [
              114.219998,
              22.3188507
            ],
            [
              114.2200279,
              22.318944
            ],
            [
              114.2199743,
              22.3189587
            ]
          ]
        ]
      },
      "id": "way/1486861636"
    },
    {
      "type": "Feature",
      "properties": {
        "@id": "way/1486861637",
        "name": "燕子樓變電站 Yin Chee House Substation",
        "name:en": "Yin Chee House Substation",
        "name:zh": "燕子樓變電站",
        "operator": "中華電力有限公司 CLP Power Hong Kong Limited",
        "operator:en": "CLP Power Hong Kong Limited",
        "operator:short": "中華電力 CLP",
        "operator:short:en": "CLP",
        "operator:short:zh": "中華電力",
        "operator:short:zh-Hans": "中华电力",
        "operator:short:zh-Hant": "中華電力",
        "operator:wikidata": "Q977959",
        "operator:zh": "中華電力有限公司",
        "operator:zh-Hans": "中华电力有限公司",
        "operator:zh-Hant": "中華電力有限公司",
        "power": "substation"
      },
      "geometry": {
        "type": "Polygon",
        "coordinates": [
          [
            [
              114.2181021,
              22.318341
            ],
            [
              114.2181819,
              22.3183087
            ],
            [
              114.2181992,
              22.3183455
            ],
            [
              114.2181194,
              22.3183777
            ],
            [
              114.2181021,
              22.318341
            ]
          ]
        ]
      },
      "id": "way/1486861637"
    },
    {
      "type": "Feature",
      "properties": {
        "@id": "way/1486861638",
        "name": "燕子／畫眉增建變電站 Yin Chee/Wah Mei Addition Substation",
        "name:en": "Yin Chee/Wah Mei Addition Substation",
        "name:zh": "燕子／畫眉增建變電站",
        "operator": "中華電力有限公司 CLP Power Hong Kong Limited",
        "operator:en": "CLP Power Hong Kong Limited",
        "operator:short": "中華電力 CLP",
        "operator:short:en": "CLP",
        "operator:short:zh": "中華電力",
        "operator:short:zh-Hans": "中华电力",
        "operator:short:zh-Hant": "中華電力",
        "operator:wikidata": "Q977959",
        "operator:zh": "中華電力有限公司",
        "operator:zh-Hans": "中华电力有限公司",
        "operator:zh-Hant": "中華電力有限公司",
        "power": "substation"
      },
      "geometry": {
        "type": "Polygon",
        "coordinates": [
          [
            [
              114.2183479,
              22.3181409
            ],
            [
              114.2182952,
              22.3181115
            ],
            [
              114.2183612,
              22.3180101
            ],
            [
              114.218414,
              22.3180395
            ],
            [
              114.2183479,
              22.3181409
            ]
          ]
        ]
      },
      "id": "way/1486861638"
    },
    {
      "type": "Feature",
      "properties": {
        "@id": "way/1486861639",
        "name": "畫眉樓變電站 Wah Mei Lau Substation",
        "name:en": "Wah Mei Lau Substation",
        "name:zh": "畫眉樓變電站",
        "operator": "中華電力有限公司 CLP Power Hong Kong Limited",
        "operator:en": "CLP Power Hong Kong Limited",
        "operator:short": "中華電力 CLP",
        "operator:short:en": "CLP",
        "operator:short:zh": "中華電力",
        "operator:short:zh-Hans": "中华电力",
        "operator:short:zh-Hant": "中華電力",
        "operator:wikidata": "Q977959",
        "operator:zh": "中華電力有限公司",
        "operator:zh-Hans": "中华电力有限公司",
        "operator:zh-Hant": "中華電力有限公司",
        "power": "substation"
      },
      "geometry": {
        "type": "Polygon",
        "coordinates": [
          [
            [
              114.2186738,
              22.3174803
            ],
            [
              114.2187403,
              22.3174249
            ],
            [
              114.2187731,
              22.3174585
            ],
            [
              114.2187333,
              22.3174918
            ],
            [
              114.2187213,
              22.3174795
            ],
            [
              114.2186947,
              22.3175018
            ],
            [
              114.2186738,
              22.3174803
            ]
          ]
        ]
      },
      "id": "way/1486861639"
    },
    {
      "type": "Feature",
      "properties": {
        "@id": "way/1486861640",
        "name": "花園大廈‵C‵變電站 Garden Estate 'C' Substation",
        "name:en": "Garden Estate 'C' Substation",
        "name:zh": "花園大廈‵C‵變電站",
        "operator": "中華電力有限公司 CLP Power Hong Kong Limited",
        "operator:en": "CLP Power Hong Kong Limited",
        "operator:short": "中華電力 CLP",
        "operator:short:en": "CLP",
        "operator:short:zh": "中華電力",
        "operator:short:zh-Hans": "中华电力",
        "operator:short:zh-Hant": "中華電力",
        "operator:wikidata": "Q977959",
        "operator:zh": "中華電力有限公司",
        "operator:zh-Hans": "中华电力有限公司",
        "operator:zh-Hant": "中華電力有限公司",
        "power": "substation"
      },
      "geometry": {
        "type": "Polygon",
        "coordinates": [
          [
            [
              114.2183846,
              22.3174185
            ],
            [
              114.2183552,
              22.3173897
            ],
            [
              114.2184068,
              22.3173446
            ],
            [
              114.2184362,
              22.3173734
            ],
            [
              114.2183846,
              22.3174185
            ]
          ]
        ]
      },
      "id": "way/1486861640"
    },
    {
      "type": "Feature",
      "properties": {
        "@id": "way/1486861641",
        "name": "花園大廈‵D‵變電站 Garden Estate 'D' Substation",
        "name:en": "Garden Estate 'D' Substation",
        "name:zh": "花園大廈‵D‵變電站",
        "operator": "中華電力有限公司 CLP Power Hong Kong Limited",
        "operator:en": "CLP Power Hong Kong Limited",
        "operator:short": "中華電力 CLP",
        "operator:short:en": "CLP",
        "operator:short:zh": "中華電力",
        "operator:short:zh-Hans": "中华电力",
        "operator:short:zh-Hant": "中華電力",
        "operator:wikidata": "Q977959",
        "operator:zh": "中華電力有限公司",
        "operator:zh-Hans": "中华电力有限公司",
        "operator:zh-Hant": "中華電力有限公司",
        "power": "substation"
      },
      "geometry": {
        "type": "Polygon",
        "coordinates": [
          [
            [
              114.2183272,
              22.3173417
            ],
            [
              114.218367,
              22.3173081
            ],
            [
              114.2183946,
              22.3173361
            ],
            [
              114.2183548,
              22.3173697
            ],
            [
              114.2183272,
              22.3173417
            ]
          ]
        ]
      },
      "id": "way/1486861641"
    },
    {
      "type": "Feature",
      "properties": {
        "@id": "way/1486861642",
        "name": "百靈樓變電站 Pak Ling Lau Substation",
        "name:en": "Pak Ling Lau Substation",
        "name:zh": "百靈樓變電站",
        "operator": "中華電力有限公司 CLP Power Hong Kong Limited",
        "operator:en": "CLP Power Hong Kong Limited",
        "operator:short": "中華電力 CLP",
        "operator:short:en": "CLP",
        "operator:short:zh": "中華電力",
        "operator:short:zh-Hans": "中华电力",
        "operator:short:zh-Hant": "中華電力",
        "operator:wikidata": "Q977959",
        "operator:zh": "中華電力有限公司",
        "operator:zh-Hans": "中华电力有限公司",
        "operator:zh-Hant": "中華電力有限公司",
        "power": "substation"
      },
      "geometry": {
        "type": "Polygon",
        "coordinates": [
          [
            [
              114.218229,
              22.3172129
            ],
            [
              114.2182739,
              22.3171798
            ],
            [
              114.2183671,
              22.3172879
            ],
            [
              114.2183223,
              22.317321
            ],
            [
              114.218229,
              22.3172129
            ]
          ]
        ]
      },
      "id": "way/1486861642"
    },
    {
      "type": "Feature",
      "properties": {
        "@id": "way/1486861643",
        "name": "孔雀樓變電站 Hung Cheuk Lau Substation",
        "name:en": "Hung Cheuk Lau Substation",
        "name:zh": "孔雀樓變電站",
        "operator": "中華電力有限公司 CLP Power Hong Kong Limited",
        "operator:en": "CLP Power Hong Kong Limited",
        "operator:short": "中華電力 CLP",
        "operator:short:en": "CLP",
        "operator:short:zh": "中華電力",
        "operator:short:zh-Hans": "中华电力",
        "operator:short:zh-Hant": "中華電力",
        "operator:wikidata": "Q977959",
        "operator:zh": "中華電力有限公司",
        "operator:zh-Hans": "中华电力有限公司",
        "operator:zh-Hant": "中華電力有限公司",
        "power": "substation"
      },
      "geometry": {
        "type": "Polygon",
        "coordinates": [
          [
            [
              114.2187309,
              22.3168824
            ],
            [
              114.2186903,
              22.3168275
            ],
            [
              114.2187734,
              22.3167749
            ],
            [
              114.2187497,
              22.3167428
            ],
            [
              114.2187882,
              22.3167185
            ],
            [
              114.2188525,
              22.3168055
            ],
            [
              114.2187309,
              22.3168824
            ]
          ]
        ]
      },
      "id": "way/1486861643"
    },
    {
      "type": "Feature",
      "properties": {
        "@id": "way/1486880633",
        "name": "堅樂小學變電站 The Mission Covenant Church Holm Glad Primary School Substation",
        "name:en": "The Mission Covenant Church Holm Glad Primary School Substation",
        "name:zh": "堅樂小學變電站",
        "operator": "中華電力有限公司 CLP Power Hong Kong Limited",
        "operator:en": "CLP Power Hong Kong Limited",
        "operator:short": "中華電力 CLP",
        "operator:short:en": "CLP",
        "operator:short:zh": "中華電力",
        "operator:short:zh-Hans": "中华电力",
        "operator:short:zh-Hant": "中華電力",
        "operator:wikidata": "Q977959",
        "operator:zh": "中華電力有限公司",
        "operator:zh-Hans": "中华电力有限公司",
        "operator:zh-Hant": "中華電力有限公司",
        "power": "substation"
      },
      "geometry": {
        "type": "Polygon",
        "coordinates": [
          [
            [
              114.2314939,
              22.320858
            ],
            [
              114.2315554,
              22.3208684
            ],
            [
              114.2315175,
              22.3210615
            ],
            [
              114.2314612,
              22.3210534
            ],
            [
              114.2314939,
              22.320858
            ]
          ]
        ]
      },
      "id": "way/1486880633"
    },
    {
      "type": "Feature",
      "properties": {
        "@id": "way/1486880634",
        "name": "秀茂坪R／E‵ 'H‵ Blk26 變電站 Sau Man Ping R/E 'H' Substation",
        "name:en": "Sau Man Ping R/E 'H' Substation",
        "name:zh": "秀茂坪R／E‵ 'H‵ Blk26 變電站",
        "operator": "中華電力有限公司 CLP Power Hong Kong Limited",
        "operator:en": "CLP Power Hong Kong Limited",
        "operator:short": "中華電力 CLP",
        "operator:short:en": "CLP",
        "operator:short:zh": "中華電力",
        "operator:short:zh-Hans": "中华电力",
        "operator:short:zh-Hant": "中華電力",
        "operator:wikidata": "Q977959",
        "operator:zh": "中華電力有限公司",
        "operator:zh-Hans": "中华电力有限公司",
        "operator:zh-Hant": "中華電力有限公司",
        "power": "substation"
      },
      "geometry": {
        "type": "Polygon",
        "coordinates": [
          [
            [
              114.2336131,
              22.3163064
            ],
            [
              114.2335583,
              22.3162662
            ],
            [
              114.2335953,
              22.3162231
            ],
            [
              114.2336501,
              22.3162633
            ],
            [
              114.2336131,
              22.3163064
            ]
          ]
        ]
      },
      "id": "way/1486880634"
    },
    {
      "type": "Feature",
      "properties": {
        "@id": "way/1486880635",
        "operator": "中華電力有限公司 CLP Power Hong Kong Limited",
        "operator:en": "CLP Power Hong Kong Limited",
        "operator:short": "中華電力 CLP",
        "operator:short:en": "CLP",
        "operator:short:zh": "中華電力",
        "operator:short:zh-Hans": "中华电力",
        "operator:short:zh-Hant": "中華電力",
        "operator:wikidata": "Q977959",
        "operator:zh": "中華電力有限公司",
        "operator:zh-Hans": "中华电力有限公司",
        "operator:zh-Hant": "中華電力有限公司",
        "power": "substation"
      },
      "geometry": {
        "type": "Polygon",
        "coordinates": [
          [
            [
              114.2332469,
              22.3138721
            ],
            [
              114.2332798,
              22.3138372
            ],
            [
              114.2333509,
              22.3138946
            ],
            [
              114.233318,
              22.3139295
            ],
            [
              114.2332469,
              22.3138721
            ]
          ]
        ]
      },
      "id": "way/1486880635"
    },
    {
      "type": "Feature",
      "properties": {
        "@id": "way/1486883854",
        "operator": "中華電力有限公司 CLP Power Hong Kong Limited",
        "operator:en": "CLP Power Hong Kong Limited",
        "operator:short": "中華電力 CLP",
        "operator:short:en": "CLP",
        "operator:short:zh": "中華電力",
        "operator:short:zh-Hans": "中华电力",
        "operator:short:zh-Hant": "中華電力",
        "operator:wikidata": "Q977959",
        "operator:zh": "中華電力有限公司",
        "operator:zh-Hans": "中华电力有限公司",
        "operator:zh-Hant": "中華電力有限公司",
        "power": "substation"
      },
      "geometry": {
        "type": "Polygon",
        "coordinates": [
          [
            [
              114.2526819,
              22.3173304
            ],
            [
              114.2526833,
              22.3172877
            ],
            [
              114.2527031,
              22.3172883
            ],
            [
              114.2527017,
              22.317331
            ],
            [
              114.2526819,
              22.3173304
            ]
          ]
        ]
      },
      "id": "way/1486883854"
    },
    {
      "type": "Feature",
      "properties": {
        "@id": "way/1486883855",
        "operator": "中華電力有限公司 CLP Power Hong Kong Limited",
        "operator:en": "CLP Power Hong Kong Limited",
        "operator:short": "中華電力 CLP",
        "operator:short:en": "CLP",
        "operator:short:zh": "中華電力",
        "operator:short:zh-Hans": "中华电力",
        "operator:short:zh-Hant": "中華電力",
        "operator:wikidata": "Q977959",
        "operator:zh": "中華電力有限公司",
        "operator:zh-Hans": "中华电力有限公司",
        "operator:zh-Hant": "中華電力有限公司",
        "power": "substation"
      },
      "geometry": {
        "type": "Polygon",
        "coordinates": [
          [
            [
              114.2536093,
              22.3187751
            ],
            [
              114.2536095,
              22.3186662
            ],
            [
              114.2536544,
              22.3186663
            ],
            [
              114.2536543,
              22.3187751
            ],
            [
              114.2536093,
              22.3187751
            ]
          ]
        ]
      },
      "id": "way/1486883855"
    },
    {
      "type": "Feature",
      "properties": {
        "@id": "way/1486883856",
        "operator": "中華電力有限公司 CLP Power Hong Kong Limited",
        "operator:en": "CLP Power Hong Kong Limited",
        "operator:short": "中華電力 CLP",
        "operator:short:en": "CLP",
        "operator:short:zh": "中華電力",
        "operator:short:zh-Hans": "中华电力",
        "operator:short:zh-Hant": "中華電力",
        "operator:wikidata": "Q977959",
        "operator:zh": "中華電力有限公司",
        "operator:zh-Hans": "中华电力有限公司",
        "operator:zh-Hant": "中華電力有限公司",
        "power": "substation"
      },
      "geometry": {
        "type": "Polygon",
        "coordinates": [
          [
            [
              114.2483189,
              22.3247257
            ],
            [
              114.2483793,
              22.3247376
            ],
            [
              114.24836,
              22.3248218
            ],
            [
              114.2482996,
              22.32481
            ],
            [
              114.2483189,
              22.3247257
            ]
          ]
        ]
      },
      "id": "way/1486883856"
    },
    {
      "type": "Feature",
      "properties": {
        "@id": "way/1486883857",
        "operator": "中華電力有限公司 CLP Power Hong Kong Limited",
        "operator:en": "CLP Power Hong Kong Limited",
        "operator:short": "中華電力 CLP",
        "operator:short:en": "CLP",
        "operator:short:zh": "中華電力",
        "operator:short:zh-Hans": "中华电力",
        "operator:short:zh-Hant": "中華電力",
        "operator:wikidata": "Q977959",
        "operator:zh": "中華電力有限公司",
        "operator:zh-Hans": "中华电力有限公司",
        "operator:zh-Hant": "中華電力有限公司",
        "power": "substation"
      },
      "geometry": {
        "type": "Polygon",
        "coordinates": [
          [
            [
              114.2524923,
              22.3234076
            ],
            [
              114.2524561,
              22.3233282
            ],
            [
              114.2525728,
              22.3232922
            ],
            [
              114.2525916,
              22.3233443
            ],
            [
              114.2524923,
              22.3234076
            ]
          ]
        ]
      },
      "id": "way/1486883857"
    },
    {
      "type": "Feature",
      "properties": {
        "@id": "way/1486883858",
        "operator": "中華電力有限公司 CLP Power Hong Kong Limited",
        "operator:en": "CLP Power Hong Kong Limited",
        "operator:short": "中華電力 CLP",
        "operator:short:en": "CLP",
        "operator:short:zh": "中華電力",
        "operator:short:zh-Hans": "中华电力",
        "operator:short:zh-Hant": "中華電力",
        "operator:wikidata": "Q977959",
        "operator:zh": "中華電力有限公司",
        "operator:zh-Hans": "中华电力有限公司",
        "operator:zh-Hant": "中華電力有限公司",
        "power": "substation"
      },
      "geometry": {
        "type": "Polygon",
        "coordinates": [
          [
            [
              114.252555,
              22.3224148
            ],
            [
              114.2525321,
              22.322374
            ],
            [
              114.2527108,
              22.322288
            ],
            [
              114.2527338,
              22.3223288
            ],
            [
              114.252555,
              22.3224148
            ]
          ]
        ]
      },
      "id": "way/1486883858"
    },
    {
      "type": "Feature",
      "properties": {
        "@id": "way/1486892827",
        "name": "郭得勝中學變電站 Kwok Tak Seng Secondary School Substation",
        "name:en": "Kwok Tak Seng Secondary School Substation",
        "name:zh": "郭得勝中學變電站",
        "operator": "中華電力有限公司 CLP Power Hong Kong Limited",
        "operator:en": "CLP Power Hong Kong Limited",
        "operator:short": "中華電力 CLP",
        "operator:short:en": "CLP",
        "operator:short:zh": "中華電力",
        "operator:short:zh-Hans": "中华电力",
        "operator:short:zh-Hant": "中華電力",
        "operator:wikidata": "Q977959",
        "operator:zh": "中華電力有限公司",
        "operator:zh-Hans": "中华电力有限公司",
        "operator:zh-Hant": "中華電力有限公司",
        "power": "substation"
      },
      "geometry": {
        "type": "Polygon",
        "coordinates": [
          [
            [
              114.1873506,
              22.3725598
            ],
            [
              114.1873908,
              22.3724948
            ],
            [
              114.1874343,
              22.3725178
            ],
            [
              114.1873941,
              22.3725828
            ],
            [
              114.1873506,
              22.3725598
            ]
          ]
        ]
      },
      "id": "way/1486892827"
    },
    {
      "type": "Feature",
      "properties": {
        "@id": "way/1489246869",
        "operator": "中華電力有限公司 CLP Power Hong Kong Limited",
        "operator:en": "CLP Power Hong Kong Limited",
        "operator:short": "中華電力 CLP",
        "operator:short:en": "CLP",
        "operator:short:zh": "中華電力",
        "operator:short:zh-Hans": "中华电力",
        "operator:short:zh-Hant": "中華電力",
        "operator:wikidata": "Q977959",
        "operator:zh": "中華電力有限公司",
        "operator:zh-Hans": "中华电力有限公司",
        "operator:zh-Hant": "中華電力有限公司",
        "power": "substation"
      },
      "geometry": {
        "type": "Polygon",
        "coordinates": [
          [
            [
              114.2860083,
              22.3176983
            ],
            [
              114.2859917,
              22.3176667
            ],
            [
              114.2860561,
              22.3176378
            ],
            [
              114.2860727,
              22.3176695
            ],
            [
              114.2860083,
              22.3176983
            ]
          ]
        ]
      },
      "id": "way/1489246869"
    },
    {
      "type": "Feature",
      "properties": {
        "@id": "way/1489483366",
        "operator": "中華電力有限公司 CLP Power Hong Kong Limited",
        "operator:en": "CLP Power Hong Kong Limited",
        "operator:short": "中華電力 CLP",
        "operator:short:en": "CLP",
        "operator:short:zh": "中華電力",
        "operator:short:zh-Hans": "中华电力",
        "operator:short:zh-Hant": "中華電力",
        "operator:wikidata": "Q977959",
        "operator:zh": "中華電力有限公司",
        "operator:zh-Hans": "中华电力有限公司",
        "operator:zh-Hant": "中華電力有限公司",
        "power": "substation"
      },
      "geometry": {
        "type": "Polygon",
        "coordinates": [
          [
            [
              114.2860536,
              22.3110499
            ],
            [
              114.2860849,
              22.3110374
            ],
            [
              114.2860921,
              22.3110528
            ],
            [
              114.2860608,
              22.3110653
            ],
            [
              114.2860536,
              22.3110499
            ]
          ]
        ]
      },
      "id": "way/1489483366"
    },
    {
      "type": "Feature",
      "properties": {
        "@id": "way/1489521422",
        "operator": "中華電力有限公司 CLP Power Hong Kong Limited",
        "operator:en": "CLP Power Hong Kong Limited",
        "operator:short": "中華電力 CLP",
        "operator:short:en": "CLP",
        "operator:short:zh": "中華電力",
        "operator:short:zh-Hans": "中华电力",
        "operator:short:zh-Hant": "中華電力",
        "operator:wikidata": "Q977959",
        "operator:zh": "中華電力有限公司",
        "operator:zh-Hans": "中华电力有限公司",
        "operator:zh-Hant": "中華電力有限公司",
        "power": "substation"
      },
      "geometry": {
        "type": "Polygon",
        "coordinates": [
          [
            [
              114.2854129,
              22.3079502
            ],
            [
              114.285428,
              22.3079084
            ],
            [
              114.2855178,
              22.3079361
            ],
            [
              114.2855028,
              22.3079779
            ],
            [
              114.2854129,
              22.3079502
            ]
          ]
        ]
      },
      "id": "way/1489521422"
    },
    {
      "type": "Feature",
      "properties": {
        "@id": "node/4338532726",
        "name": "海濤閣變電站 Hoi Tao Mansion Substation",
        "name:en": "Hoi Tao Mansion Substation",
        "name:zh": "海濤閣變電站",
        "operator": "中華電力有限公司 CLP Power Hong Kong Limited",
        "operator:en": "CLP Power Hong Kong Limited",
        "operator:short": "中華電力 CLP",
        "operator:short:en": "CLP",
        "operator:short:zh": "中華電力",
        "operator:short:zh-Hans": "中华电力",
        "operator:short:zh-Hant": "中華電力",
        "operator:wikidata": "Q977959",
        "operator:wikipedia": "zh:中華電力",
        "operator:zh": "中華電力有限公司",
        "operator:zh-Hans": "中华电力有限公司",
        "operator:zh-Hant": "中華電力有限公司",
        "power": "substation"
      },
      "geometry": {
        "type": "Point",
        "coordinates": [
          114.112938,
          22.3622339
        ]
      },
      "id": "node/4338532726"
    },
    {
      "type": "Feature",
      "properties": {
        "@id": "node/4338532727",
        "name": "海裕閣變電站 Hoi Yue Mansion Substation",
        "name:en": "Hoi Yue Mansion Substation",
        "name:zh": "海裕閣變電站",
        "operator": "中華電力有限公司 CLP Power Hong Kong Limited",
        "operator:en": "CLP Power Hong Kong Limited",
        "operator:short": "中華電力 CLP",
        "operator:short:en": "CLP",
        "operator:short:zh": "中華電力",
        "operator:short:zh-Hans": "中华电力",
        "operator:short:zh-Hant": "中華電力",
        "operator:wikidata": "Q977959",
        "operator:wikipedia": "zh:中華電力",
        "operator:zh": "中華電力有限公司",
        "operator:zh-Hans": "中华电力有限公司",
        "operator:zh-Hant": "中華電力有限公司",
        "power": "substation"
      },
      "geometry": {
        "type": "Point",
        "coordinates": [
          114.1148138,
          22.3626112
        ]
      },
      "id": "node/4338532727"
    },
    {
      "type": "Feature",
      "properties": {
        "@id": "node/4850638673",
        "addr:street": "聯合道 Junction Road",
        "name": "老虎岩變電站 Lo Fu Ngam Substation",
        "name:en": "Lo Fu Ngam Substation",
        "name:zh": "老虎岩變電站",
        "power": "substation",
        "source": "Kaart Ground Survey 2017"
      },
      "geometry": {
        "type": "Point",
        "coordinates": [
          114.1873416,
          22.3358201
        ]
      },
      "id": "node/4850638673"
    },
    {
      "type": "Feature",
      "properties": {
        "@id": "node/4865244898",
        "name": "廣利道變電站 Kwong Lee Road Substation",
        "name:en": "Kwong Lee Road Substation",
        "name:zh": "廣利道變電站",
        "operator": "中華電力 CLP",
        "operator:en": "CLP",
        "operator:wikidata": "Q977959",
        "operator:zh": "中華電力",
        "operator:zh-Hans": "中华电力",
        "operator:zh-Hant": "中華電力",
        "power": "substation",
        "source": "Kaart Ground Survey 2017",
        "substation": "substation"
      },
      "geometry": {
        "type": "Point",
        "coordinates": [
          114.1601898,
          22.3397413
        ]
      },
      "id": "node/4865244898"
    },
    {
      "type": "Feature",
      "properties": {
        "@id": "node/5758077509",
        "power": "transformer"
      },
      "geometry": {
        "type": "Point",
        "coordinates": [
          114.2653079,
          22.2997627
        ]
      },
      "id": "node/5758077509"
    },
    {
      "type": "Feature",
      "properties": {
        "@id": "node/7884098990",
        "power": "transformer"
      },
      "geometry": {
        "type": "Point",
        "coordinates": [
          114.1022488,
          22.5035453
        ]
      },
      "id": "node/7884098990"
    },
    {
      "type": "Feature",
      "properties": {
        "@id": "node/8540174110",
        "name": "青衣臨時巴士停泊站變電站 Tsing Yi Temporary Bus Depot Substation",
        "name:en": "Tsing Yi Temporary Bus Depot Substation",
        "name:zh": "青衣臨時巴士停泊站變電站",
        "power": "substation"
      },
      "geometry": {
        "type": "Point",
        "coordinates": [
          114.0944613,
          22.3413957
        ]
      },
      "id": "node/8540174110"
    },
    {
      "type": "Feature",
      "properties": {
        "@id": "node/9375974518",
        "name": "西鐵荃灣火牛房A變電站 West Rail Tsuen Wan Station TX Room A Substation",
        "name:en": "West Rail Tsuen Wan Station TX Room A Substation",
        "name:zh": "西鐵荃灣火牛房A變電站",
        "operator": "中華電力有限公司 CLP Power Hong Kong Limited",
        "operator:en": "CLP Power Hong Kong Limited",
        "operator:short": "中華電力 CLP",
        "operator:short:en": "CLP",
        "operator:short:zh": "中華電力",
        "operator:short:zh-Hans": "中华电力",
        "operator:short:zh-Hant": "中華電力",
        "operator:wikidata": "Q977959",
        "operator:wikipedia": "zh:中華電力",
        "operator:zh": "中華電力有限公司",
        "operator:zh-Hans": "中华电力有限公司",
        "operator:zh-Hant": "中華電力有限公司",
        "power": "substation",
        "ref": "30743-6",
        "substation": "substation"
      },
      "geometry": {
        "type": "Point",
        "coordinates": [
          114.1113622,
          22.3668167
        ]
      },
      "id": "node/9375974518"
    },
    {
      "type": "Feature",
      "properties": {
        "@id": "node/9866285550",
        "fixme": "Need verification on what device this is",
        "power": "transformer"
      },
      "geometry": {
        "type": "Point",
        "coordinates": [
          114.1270469,
          22.3623058
        ]
      },
      "id": "node/9866285550"
    },
    {
      "type": "Feature",
      "properties": {
        "@id": "node/9866285551",
        "fixme": "Need verification on what device this is",
        "power": "transformer"
      },
      "geometry": {
        "type": "Point",
        "coordinates": [
          114.1271185,
          22.3623294
        ]
      },
      "id": "node/9866285551"
    },
    {
      "type": "Feature",
      "properties": {
        "@id": "node/9866285552",
        "fixme": "Need verification on what device this is",
        "power": "transformer"
      },
      "geometry": {
        "type": "Point",
        "coordinates": [
          114.1271889,
          22.3623542
        ]
      },
      "id": "node/9866285552"
    },
    {
      "type": "Feature",
      "properties": {
        "@id": "node/11262838473",
        "power": "transformer"
      },
      "geometry": {
        "type": "Point",
        "coordinates": [
          114.3231975,
          22.402849
        ]
      },
      "id": "node/11262838473"
    },
    {
      "type": "Feature",
      "properties": {
        "@id": "node/12889110085",
        "power": "transformer"
      },
      "geometry": {
        "type": "Point",
        "coordinates": [
          114.1505896,
          22.4639559
        ]
      },
      "id": "node/12889110085"
    },
    {
      "type": "Feature",
      "properties": {
        "@id": "node/12889110088",
        "power": "transformer"
      },
      "geometry": {
        "type": "Point",
        "coordinates": [
          114.1506147,
          22.4640963
        ]
      },
      "id": "node/12889110088"
    },
    {
      "type": "Feature",
      "properties": {
        "@id": "node/12889118896",
        "power": "transformer"
      },
      "geometry": {
        "type": "Point",
        "coordinates": [
          114.1942494,
          22.3485981
        ]
      },
      "id": "node/12889118896"
    },
    {
      "type": "Feature",
      "properties": {
        "@id": "node/12889118897",
        "power": "transformer"
      },
      "geometry": {
        "type": "Point",
        "coordinates": [
          114.1941153,
          22.3485022
        ]
      },
      "id": "node/12889118897"
    },
    {
      "type": "Feature",
      "properties": {
        "@id": "node/12889125931",
        "power": "transformer"
      },
      "geometry": {
        "type": "Point",
        "coordinates": [
          114.1423612,
          22.3413523
        ]
      },
      "id": "node/12889125931"
    },
    {
      "type": "Feature",
      "properties": {
        "@id": "node/12889125932",
        "power": "transformer"
      },
      "geometry": {
        "type": "Point",
        "coordinates": [
          114.1424703,
          22.3414366
        ]
      },
      "id": "node/12889125932"
    },
    {
      "type": "Feature",
      "properties": {
        "@id": "node/12889125933",
        "power": "transformer"
      },
      "geometry": {
        "type": "Point",
        "coordinates": [
          114.1425812,
          22.3415334
        ]
      },
      "id": "node/12889125933"
    },
    {
      "type": "Feature",
      "properties": {
        "@id": "node/13450022963",
        "addr:housenumber": "1",
        "addr:street": "鳳凰臺 Fung Wong Terrace",
        "location": "indoor",
        "power": "substation",
        "substation": "distribution"
      },
      "geometry": {
        "type": "Point",
        "coordinates": [
          114.1720456,
          22.2741702
        ]
      },
      "id": "node/13450022963"
    }
  ]
}