{"type":"FeatureCollection","features":[{"type":"Feature","geometry":{"type":"Point","coordinates":[114.0021002,22.4345694]},"properties":{"id":"6062673923","node_id":"6062673923","type":"highway_exit","lng":114.0021002,"lat":22.4345694}},{"type":"Feature","geometry":{"type":"Point","coordinates":[114.1545118,22.4479787]},"properties":{"id":"11254616067","node_id":"11254616067","type":"highway_exit","lng":114.1545118,"lat":22.4479787}},{"type":"Feature","geometry":{"type":"Point","coordinates":[114.1248202,22.3540973]},"properties":{"id":"1272684550","node_id":"1272684550","type":"highway_exit","lng":114.1248202,"lat":22.3540973}},{"type":"Feature","geometry":{"type":"Point","coordinates":[114.123642,22.3550194]},"properties":{"id":"1272684551","node_id":"1272684551","type":"highway_exit","lng":114.123642,"lat":22.3550194}},{"type":"Feature","geometry":{"type":"Point","coordinates":[114.1238277,22.356044]},"properties":{"id":"1272684553","node_id":"1272684553","type":"highway_exit","lng":114.1238277,"lat":22.356044}},{"type":"Feature","geometry":{"type":"Point","coordinates":[114.1317874,22.3396627]},"properties":{"id":"1271091214","node_id":"1271091214","type":"highway_exit","lng":114.1317874,"lat":22.3396627}},{"type":"Feature","geometry":{"type":"Point","coordinates":[114.0839693,22.3536666]},"properties":{"id":"6001086478","node_id":"6001086478","type":"highway_exit","lng":114.0839693,"lat":22.3536666}},{"type":"Feature","geometry":{"type":"Point","coordinates":[114.1226347,22.3551424]},"properties":{"id":"1272684560","node_id":"1272684560","type":"highway_exit","lng":114.1226347,"lat":22.3551424}},{"type":"Feature","geometry":{"type":"Point","coordinates":[114.0827796,22.5036203]},"properties":{"id":"5084610584","node_id":"5084610584","type":"highway_exit","lng":114.0827796,"lat":22.5036203}},{"type":"Feature","geometry":{"type":"Point","coordinates":[114.1317824,22.3399501]},"properties":{"id":"1271091225","node_id":"1271091225","type":"highway_exit","lng":114.1317824,"lat":22.3399501}},{"type":"Feature","geometry":{"type":"Point","coordinates":[114.1654362,22.3418939]},"properties":{"id":"1641766938","node_id":"1641766938","type":"highway_exit","lng":114.1654362,"lat":22.3418939}},{"type":"Feature","geometry":{"type":"Point","coordinates":[114.1088464,22.3705263]},"properties":{"id":"496783386","node_id":"496783386","type":"highway_exit","lng":114.1088464,"lat":22.3705263}},{"type":"Feature","geometry":{"type":"Point","coordinates":[114.1227386,22.3557595]},"properties":{"id":"1272684570","node_id":"1272684570","type":"highway_exit","lng":114.1227386,"lat":22.3557595}},{"type":"Feature","geometry":{"type":"Point","coordinates":[114.1810393,22.2777848]},"properties":{"id":"7298920480","node_id":"7298920480","type":"highway_exit","lng":114.1810393,"lat":22.2777848}},{"type":"Feature","geometry":{"type":"Point","coordinates":[114.1599272,22.247846]},"properties":{"id":"564633635","node_id":"564633635","type":"highway_exit","lng":114.1599272,"lat":22.247846}},{"type":"Feature","geometry":{"type":"Point","coordinates":[114.1611839,22.2484109]},"properties":{"id":"564633636","node_id":"564633636","type":"highway_exit","lng":114.1611839,"lat":22.2484109}},{"type":"Feature","geometry":{"type":"Point","coordinates":[114.1668315,22.3152846]},"properties":{"id":"11256303653","node_id":"11256303653","type":"highway_exit","lng":114.1668315,"lat":22.3152846}},{"type":"Feature","geometry":{"type":"Point","coordinates":[114.1231602,22.3554987]},"properties":{"id":"1272684582","node_id":"1272684582","type":"highway_exit","lng":114.1231602,"lat":22.3554987}},{"type":"Feature","geometry":{"type":"Point","coordinates":[114.1231818,22.3556673]},"properties":{"id":"1272684583","node_id":"1272684583","type":"highway_exit","lng":114.1231818,"lat":22.3556673}},{"type":"Feature","geometry":{"type":"Point","coordinates":[114.1482543,22.4630934]},"properties":{"id":"11949932585","node_id":"11949932585","type":"highway_exit","lng":114.1482543,"lat":22.4630934}},{"type":"Feature","geometry":{"type":"Point","coordinates":[113.9895839,22.4163128]},"properties":{"id":"287535146","node_id":"287535146","type":"highway_exit","lng":113.9895839,"lat":22.4163128}},{"type":"Feature","geometry":{"type":"Point","coordinates":[114.1707199,22.2821974]},"properties":{"id":"5433421867","node_id":"5433421867","type":"highway_exit","lng":114.1707199,"lat":22.2821974}},{"type":"Feature","geometry":{"type":"Point","coordinates":[114.1711749,22.2822919]},"properties":{"id":"5433421868","node_id":"5433421868","type":"highway_exit","lng":114.1711749,"lat":22.2822919}},{"type":"Feature","geometry":{"type":"Point","coordinates":[114.1638689,22.3088061]},"properties":{"id":"4928401468","node_id":"4928401468","type":"highway_exit","lng":114.1638689,"lat":22.3088061}},{"type":"Feature","geometry":{"type":"Point","coordinates":[114.123436,22.3558948]},"properties":{"id":"1272684609","node_id":"1272684609","type":"highway_exit","lng":114.123436,"lat":22.3558948}},{"type":"Feature","geometry":{"type":"Point","coordinates":[114.1227906,22.3550656]},"properties":{"id":"1272684613","node_id":"1272684613","type":"highway_exit","lng":114.1227906,"lat":22.3550656}},{"type":"Feature","geometry":{"type":"Point","coordinates":[114.1233206,22.3555672]},"properties":{"id":"1272684614","node_id":"1272684614","type":"highway_exit","lng":114.1233206,"lat":22.3555672}},{"type":"Feature","geometry":{"type":"Point","coordinates":[114.1244988,22.35426]},"properties":{"id":"1272684617","node_id":"1272684617","type":"highway_exit","lng":114.1244988,"lat":22.35426}},{"type":"Feature","geometry":{"type":"Point","coordinates":[114.1230516,22.3553231]},"properties":{"id":"1272684618","node_id":"1272684618","type":"highway_exit","lng":114.1230516,"lat":22.3553231}},{"type":"Feature","geometry":{"type":"Point","coordinates":[114.1226604,22.3565001]},"properties":{"id":"1272684620","node_id":"1272684620","type":"highway_exit","lng":114.1226604,"lat":22.3565001}},{"type":"Feature","geometry":{"type":"Point","coordinates":[114.2026547,22.3234848]},"properties":{"id":"473886800","node_id":"473886800","type":"highway_exit","lng":114.2026547,"lat":22.3234848}},{"type":"Feature","geometry":{"type":"Point","coordinates":[114.1672117,22.3090769]},"properties":{"id":"5035159635","node_id":"5035159635","type":"highway_exit","lng":114.1672117,"lat":22.3090769}},{"type":"Feature","geometry":{"type":"Point","coordinates":[114.1237232,22.3553953]},"properties":{"id":"1272684627","node_id":"1272684627","type":"highway_exit","lng":114.1237232,"lat":22.3553953}},{"type":"Feature","geometry":{"type":"Point","coordinates":[114.2174521,22.4064835]},"properties":{"id":"4087914581","node_id":"4087914581","type":"highway_exit","lng":114.2174521,"lat":22.4064835}},{"type":"Feature","geometry":{"type":"Point","coordinates":[114.1215492,22.357154]},"properties":{"id":"1272684634","node_id":"1272684634","type":"highway_exit","lng":114.1215492,"lat":22.357154}},{"type":"Feature","geometry":{"type":"Point","coordinates":[114.1359771,22.3377299]},"properties":{"id":"1271091292","node_id":"1271091292","type":"highway_exit","lng":114.1359771,"lat":22.3377299}},{"type":"Feature","geometry":{"type":"Point","coordinates":[114.1249086,22.3539357]},"properties":{"id":"1272684638","node_id":"1272684638","type":"highway_exit","lng":114.1249086,"lat":22.3539357}},{"type":"Feature","geometry":{"type":"Point","coordinates":[114.1341942,22.3382308]},"properties":{"id":"1271091296","node_id":"1271091296","type":"highway_exit","lng":114.1341942,"lat":22.3382308}},{"type":"Feature","geometry":{"type":"Point","coordinates":[114.1233629,22.3557305]},"properties":{"id":"1272684647","node_id":"1272684647","type":"highway_exit","lng":114.1233629,"lat":22.3557305}},{"type":"Feature","geometry":{"type":"Point","coordinates":[114.0790028,22.4983306]},"properties":{"id":"513675371","node_id":"513675371","type":"highway_exit","lng":114.0790028,"lat":22.4983306}},{"type":"Feature","geometry":{"type":"Point","coordinates":[114.1536841,22.4828228]},"properties":{"id":"6482325612","node_id":"6482325612","type":"highway_exit","lng":114.1536841,"lat":22.4828228}},{"type":"Feature","geometry":{"type":"Point","coordinates":[114.1899859,22.3843906]},"properties":{"id":"366198898","node_id":"366198898","type":"highway_exit","lng":114.1899859,"lat":22.3843906}},{"type":"Feature","geometry":{"type":"Point","coordinates":[114.1895281,22.384812]},"properties":{"id":"366198900","node_id":"366198900","type":"highway_exit","lng":114.1895281,"lat":22.384812}},{"type":"Feature","geometry":{"type":"Point","coordinates":[113.9764127,22.3947065]},"properties":{"id":"1710825590","node_id":"1710825590","type":"highway_exit","lng":113.9764127,"lat":22.3947065}},{"type":"Feature","geometry":{"type":"Point","coordinates":[114.1765422,22.3741083]},"properties":{"id":"439996535","node_id":"439996535","type":"highway_exit","lng":114.1765422,"lat":22.3741083}},{"type":"Feature","geometry":{"type":"Point","coordinates":[113.9760515,22.3946962]},"properties":{"id":"1710825592","node_id":"1710825592","type":"highway_exit","lng":113.9760515,"lat":22.3946962}},{"type":"Feature","geometry":{"type":"Point","coordinates":[114.2120818,22.4123536]},"properties":{"id":"378019961","node_id":"378019961","type":"highway_exit","lng":114.2120818,"lat":22.4123536}},{"type":"Feature","geometry":{"type":"Point","coordinates":[114.0858264,22.5037281]},"properties":{"id":"513675386","node_id":"513675386","type":"highway_exit","lng":114.0858264,"lat":22.5037281}},{"type":"Feature","geometry":{"type":"Point","coordinates":[114.1846457,22.3430756]},"properties":{"id":"5098889340","node_id":"5098889340","type":"highway_exit","lng":114.1846457,"lat":22.3430756}},{"type":"Feature","geometry":{"type":"Point","coordinates":[114.0826618,22.5025678]},"properties":{"id":"513675390","node_id":"513675390","type":"highway_exit","lng":114.0826618,"lat":22.5025678}},{"type":"Feature","geometry":{"type":"Point","coordinates":[114.1892328,22.3431935]},"properties":{"id":"5098889345","node_id":"5098889345","type":"highway_exit","lng":114.1892328,"lat":22.3431935}},{"type":"Feature","geometry":{"type":"Point","coordinates":[114.1537006,22.481207]},"properties":{"id":"7782678657","node_id":"7782678657","type":"highway_exit","lng":114.1537006,"lat":22.481207}},{"type":"Feature","geometry":{"type":"Point","coordinates":[114.1800359,22.2819255]},"properties":{"id":"11088736391","node_id":"11088736391","type":"highway_exit","lng":114.1800359,"lat":22.2819255}},{"type":"Feature","geometry":{"type":"Point","coordinates":[114.0857309,22.5035644]},"properties":{"id":"513675401","node_id":"513675401","type":"highway_exit","lng":114.0857309,"lat":22.5035644}},{"type":"Feature","geometry":{"type":"Point","coordinates":[114.1507994,22.454812]},"properties":{"id":"2567790730","node_id":"2567790730","type":"highway_exit","lng":114.1507994,"lat":22.454812}},{"type":"Feature","geometry":{"type":"Point","coordinates":[114.1524791,22.452514]},"properties":{"id":"2567790733","node_id":"2567790733","type":"highway_exit","lng":114.1524791,"lat":22.452514}},{"type":"Feature","geometry":{"type":"Point","coordinates":[113.9767994,22.3948325]},"properties":{"id":"1710825613","node_id":"1710825613","type":"highway_exit","lng":113.9767994,"lat":22.3948325}},{"type":"Feature","geometry":{"type":"Point","coordinates":[113.9768378,22.3949525]},"properties":{"id":"1710825615","node_id":"1710825615","type":"highway_exit","lng":113.9768378,"lat":22.3949525}},{"type":"Feature","geometry":{"type":"Point","coordinates":[114.2112155,22.3870911]},"properties":{"id":"581279888","node_id":"581279888","type":"highway_exit","lng":114.2112155,"lat":22.3870911}},{"type":"Feature","geometry":{"type":"Point","coordinates":[113.9771191,22.39505]},"properties":{"id":"1710825618","node_id":"1710825618","type":"highway_exit","lng":113.9771191,"lat":22.39505}},{"type":"Feature","geometry":{"type":"Point","coordinates":[114.0792664,22.4984399]},"properties":{"id":"513675414","node_id":"513675414","type":"highway_exit","lng":114.0792664,"lat":22.4984399}},{"type":"Feature","geometry":{"type":"Point","coordinates":[114.1528001,22.5464003]},"properties":{"id":"7328919703","node_id":"7328919703","type":"highway_exit","lng":114.1528001,"lat":22.5464003}},{"type":"Feature","geometry":{"type":"Point","coordinates":[114.0813193,22.500476]},"properties":{"id":"513675417","node_id":"513675417","type":"highway_exit","lng":114.0813193,"lat":22.500476}},{"type":"Feature","geometry":{"type":"Point","coordinates":[114.0806827,22.499913]},"properties":{"id":"513675420","node_id":"513675420","type":"highway_exit","lng":114.0806827,"lat":22.499913}},{"type":"Feature","geometry":{"type":"Point","coordinates":[114.1312986,22.3391059]},"properties":{"id":"1704984738","node_id":"1704984738","type":"highway_exit","lng":114.1312986,"lat":22.3391059}},{"type":"Feature","geometry":{"type":"Point","coordinates":[113.9768274,22.3951542]},"properties":{"id":"1710825642","node_id":"1710825642","type":"highway_exit","lng":113.9768274,"lat":22.3951542}},{"type":"Feature","geometry":{"type":"Point","coordinates":[114.1892035,22.3423407]},"properties":{"id":"441606320","node_id":"441606320","type":"highway_exit","lng":114.1892035,"lat":22.3423407}},{"type":"Feature","geometry":{"type":"Point","coordinates":[114.084649,22.353544]},"properties":{"id":"1701617843","node_id":"1701617843","type":"highway_exit","lng":114.084649,"lat":22.353544}},{"type":"Feature","geometry":{"type":"Point","coordinates":[114.1902402,22.3851121]},"properties":{"id":"366198967","node_id":"366198967","type":"highway_exit","lng":114.1902402,"lat":22.3851121}},{"type":"Feature","geometry":{"type":"Point","coordinates":[114.0840646,22.3558195]},"properties":{"id":"525275326","node_id":"525275326","type":"highway_exit","lng":114.0840646,"lat":22.3558195}},{"type":"Feature","geometry":{"type":"Point","coordinates":[114.0858037,22.3524014]},"properties":{"id":"525275327","node_id":"525275327","type":"highway_exit","lng":114.0858037,"lat":22.3524014}},{"type":"Feature","geometry":{"type":"Point","coordinates":[114.0859365,22.3544841]},"properties":{"id":"1701617860","node_id":"1701617860","type":"highway_exit","lng":114.0859365,"lat":22.3544841}},{"type":"Feature","geometry":{"type":"Point","coordinates":[114.1800028,22.2751656]},"properties":{"id":"982761668","node_id":"982761668","type":"highway_exit","lng":114.1800028,"lat":22.2751656}},{"type":"Feature","geometry":{"type":"Point","coordinates":[114.2091952,22.3938562]},"properties":{"id":"1630236871","node_id":"1630236871","type":"highway_exit","lng":114.2091952,"lat":22.3938562}},{"type":"Feature","geometry":{"type":"Point","coordinates":[113.9764636,22.3969264]},"properties":{"id":"1710825675","node_id":"1710825675","type":"highway_exit","lng":113.9764636,"lat":22.3969264}},{"type":"Feature","geometry":{"type":"Point","coordinates":[114.2086659,22.3813086]},"properties":{"id":"581279956","node_id":"581279956","type":"highway_exit","lng":114.2086659,"lat":22.3813086}},{"type":"Feature","geometry":{"type":"Point","coordinates":[114.1727802,22.3429586]},"properties":{"id":"574304469","node_id":"574304469","type":"highway_exit","lng":114.1727802,"lat":22.3429586}},{"type":"Feature","geometry":{"type":"Point","coordinates":[114.0837532,22.3570688]},"properties":{"id":"525312214","node_id":"525312214","type":"highway_exit","lng":114.0837532,"lat":22.3570688}},{"type":"Feature","geometry":{"type":"Point","coordinates":[114.1520922,22.5455927]},"properties":{"id":"7509086424","node_id":"7509086424","type":"highway_exit","lng":114.1520922,"lat":22.5455927}},{"type":"Feature","geometry":{"type":"Point","coordinates":[114.1447759,22.3356031]},"properties":{"id":"384192729","node_id":"384192729","type":"highway_exit","lng":114.1447759,"lat":22.3356031}},{"type":"Feature","geometry":{"type":"Point","coordinates":[114.1557413,22.2872011]},"properties":{"id":"5087359193","node_id":"5087359193","type":"highway_exit","lng":114.1557413,"lat":22.2872011}},{"type":"Feature","geometry":{"type":"Point","coordinates":[114.0828451,22.358444]},"properties":{"id":"1701617882","node_id":"1701617882","type":"highway_exit","lng":114.0828451,"lat":22.358444}},{"type":"Feature","geometry":{"type":"Point","coordinates":[114.1310664,22.3402167]},"properties":{"id":"1704984795","node_id":"1704984795","type":"highway_exit","lng":114.1310664,"lat":22.3402167}},{"type":"Feature","geometry":{"type":"Point","coordinates":[114.1303288,22.3409738]},"properties":{"id":"1704984809","node_id":"1704984809","type":"highway_exit","lng":114.1303288,"lat":22.3409738}},{"type":"Feature","geometry":{"type":"Point","coordinates":[114.0835021,22.5022221]},"properties":{"id":"513675501","node_id":"513675501","type":"highway_exit","lng":114.0835021,"lat":22.5022221}},{"type":"Feature","geometry":{"type":"Point","coordinates":[114.1709294,22.2812734]},"properties":{"id":"271053039","node_id":"271053039","type":"highway_exit","lng":114.1709294,"lat":22.2812734}},{"type":"Feature","geometry":{"type":"Point","coordinates":[114.0866458,22.3503119]},"properties":{"id":"525275380","node_id":"525275380","type":"highway_exit","lng":114.0866458,"lat":22.3503119}},{"type":"Feature","geometry":{"type":"Point","coordinates":[114.2104904,22.3951173]},"properties":{"id":"1630236917","node_id":"1630236917","type":"highway_exit","lng":114.2104904,"lat":22.3951173}},{"type":"Feature","geometry":{"type":"Point","coordinates":[114.117645,22.3626332]},"properties":{"id":"1646788861","node_id":"1646788861","type":"highway_exit","lng":114.117645,"lat":22.3626332}},{"type":"Feature","geometry":{"type":"Point","coordinates":[114.1877546,22.3425342]},"properties":{"id":"441606399","node_id":"441606399","type":"highway_exit","lng":114.1877546,"lat":22.3425342}},{"type":"Feature","geometry":{"type":"Point","coordinates":[114.1788411,22.3056672]},"properties":{"id":"4862185729","node_id":"4862185729","type":"highway_exit","lng":114.1788411,"lat":22.3056672}},{"type":"Feature","geometry":{"type":"Point","coordinates":[114.1377319,22.2880132]},"properties":{"id":"11097166083","node_id":"11097166083","type":"highway_exit","lng":114.1377319,"lat":22.2880132}},{"type":"Feature","geometry":{"type":"Point","coordinates":[114.1181439,22.362937]},"properties":{"id":"1646788873","node_id":"1646788873","type":"highway_exit","lng":114.1181439,"lat":22.362937}},{"type":"Feature","geometry":{"type":"Point","coordinates":[114.2100133,22.3938661]},"properties":{"id":"7712751884","node_id":"7712751884","type":"highway_exit","lng":114.2100133,"lat":22.3938661}},{"type":"Feature","geometry":{"type":"Point","coordinates":[114.0524668,22.4418905]},"properties":{"id":"600359196","node_id":"600359196","type":"highway_exit","lng":114.0524668,"lat":22.4418905}},{"type":"Feature","geometry":{"type":"Point","coordinates":[114.1450112,22.3305713]},"properties":{"id":"279077150","node_id":"279077150","type":"highway_exit","lng":114.1450112,"lat":22.3305713}},{"type":"Feature","geometry":{"type":"Point","coordinates":[114.1813708,22.3038526]},"properties":{"id":"384377131","node_id":"384377131","type":"highway_exit","lng":114.1813708,"lat":22.3038526}},{"type":"Feature","geometry":{"type":"Point","coordinates":[114.0762186,22.3716429]},"properties":{"id":"2476609844","node_id":"2476609844","type":"highway_exit","lng":114.0762186,"lat":22.3716429}},{"type":"Feature","geometry":{"type":"Point","coordinates":[114.1146477,22.3649528]},"properties":{"id":"1646788921","node_id":"1646788921","type":"highway_exit","lng":114.1146477,"lat":22.3649528}},{"type":"Feature","geometry":{"type":"Point","coordinates":[114.1606471,22.3104228]},"properties":{"id":"339050813","node_id":"339050813","type":"highway_exit","lng":114.1606471,"lat":22.3104228}},{"type":"Feature","geometry":{"type":"Point","coordinates":[114.1299975,22.3422657]},"properties":{"id":"1704984897","node_id":"1704984897","type":"highway_exit","lng":114.1299975,"lat":22.3422657}},{"type":"Feature","geometry":{"type":"Point","coordinates":[113.9793592,22.3850674]},"properties":{"id":"546222408","node_id":"546222408","type":"highway_exit","lng":113.9793592,"lat":22.3850674}},{"type":"Feature","geometry":{"type":"Point","coordinates":[114.1111108,22.3682538]},"properties":{"id":"1646788945","node_id":"1646788945","type":"highway_exit","lng":114.1111108,"lat":22.3682538}},{"type":"Feature","geometry":{"type":"Point","coordinates":[114.1401607,22.3322794]},"properties":{"id":"11007512918","node_id":"11007512918","type":"highway_exit","lng":114.1401607,"lat":22.3322794}},{"type":"Feature","geometry":{"type":"Point","coordinates":[114.1415076,22.3409097]},"properties":{"id":"7183487320","node_id":"7183487320","type":"highway_exit","lng":114.1415076,"lat":22.3409097}},{"type":"Feature","geometry":{"type":"Point","coordinates":[114.1309564,22.3220851]},"properties":{"id":"11309125977","node_id":"11309125977","type":"highway_exit","lng":114.1309564,"lat":22.3220851}},{"type":"Feature","geometry":{"type":"Point","coordinates":[114.0797943,22.4996768]},"properties":{"id":"513675616","node_id":"513675616","type":"highway_exit","lng":114.0797943,"lat":22.4996768}},{"type":"Feature","geometry":{"type":"Point","coordinates":[113.9953852,22.4234124]},"properties":{"id":"287535463","node_id":"287535463","type":"highway_exit","lng":113.9953852,"lat":22.4234124}},{"type":"Feature","geometry":{"type":"Point","coordinates":[114.2655544,22.3121463]},"properties":{"id":"1354207593","node_id":"1354207593","type":"highway_exit","lng":114.2655544,"lat":22.3121463}},{"type":"Feature","geometry":{"type":"Point","coordinates":[114.1394388,22.3328746]},"properties":{"id":"279077226","node_id":"279077226","type":"highway_exit","lng":114.1394388,"lat":22.3328746}},{"type":"Feature","geometry":{"type":"Point","coordinates":[114.1892086,22.3846537]},"properties":{"id":"6421061998","node_id":"6421061998","type":"highway_exit","lng":114.1892086,"lat":22.3846537}},{"type":"Feature","geometry":{"type":"Point","coordinates":[114.2020964,22.2940873]},"properties":{"id":"295821679","node_id":"295821679","type":"highway_exit","lng":114.2020964,"lat":22.2940873}},{"type":"Feature","geometry":{"type":"Point","coordinates":[113.9778623,22.4041424]},"properties":{"id":"1710825841","node_id":"1710825841","type":"highway_exit","lng":113.9778623,"lat":22.4041424}},{"type":"Feature","geometry":{"type":"Point","coordinates":[114.1999525,22.3775203]},"properties":{"id":"7849988466","node_id":"7849988466","type":"highway_exit","lng":114.1999525,"lat":22.3775203}},{"type":"Feature","geometry":{"type":"Point","coordinates":[114.1525238,22.5451363]},"properties":{"id":"5210763634","node_id":"5210763634","type":"highway_exit","lng":114.1525238,"lat":22.5451363}},{"type":"Feature","geometry":{"type":"Point","coordinates":[114.1895704,22.3848869]},"properties":{"id":"12795253108","node_id":"12795253108","type":"highway_exit","lng":114.1895704,"lat":22.3848869}},{"type":"Feature","geometry":{"type":"Point","coordinates":[114.2641465,22.3131756]},"properties":{"id":"1354207606","node_id":"1354207606","type":"highway_exit","lng":114.2641465,"lat":22.3131756}},{"type":"Feature","geometry":{"type":"Point","coordinates":[114.2228744,22.2828885]},"properties":{"id":"2694738295","node_id":"2694738295","type":"highway_exit","lng":114.2228744,"lat":22.2828885}},{"type":"Feature","geometry":{"type":"Point","coordinates":[114.17907,22.3412544]},"properties":{"id":"2973413752","node_id":"2973413752","type":"highway_exit","lng":114.17907,"lat":22.3412544}},{"type":"Feature","geometry":{"type":"Point","coordinates":[114.017276,22.4369524]},"properties":{"id":"287535480","node_id":"287535480","type":"highway_exit","lng":114.017276,"lat":22.4369524}},{"type":"Feature","geometry":{"type":"Point","coordinates":[114.1522747,22.5485967]},"properties":{"id":"5210763647","node_id":"5210763647","type":"highway_exit","lng":114.1522747,"lat":22.5485967}},{"type":"Feature","geometry":{"type":"Point","coordinates":[114.1840473,22.3106758]},"properties":{"id":"989118852","node_id":"989118852","type":"highway_exit","lng":114.1840473,"lat":22.3106758}},{"type":"Feature","geometry":{"type":"Point","coordinates":[114.1620469,22.3199468]},"properties":{"id":"332235143","node_id":"332235143","type":"highway_exit","lng":114.1620469,"lat":22.3199468}},{"type":"Feature","geometry":{"type":"Point","coordinates":[114.1105802,22.3299507]},"properties":{"id":"598458765","node_id":"598458765","type":"highway_exit","lng":114.1105802,"lat":22.3299507}},{"type":"Feature","geometry":{"type":"Point","coordinates":[114.1958367,22.4384641]},"properties":{"id":"631550352","node_id":"631550352","type":"highway_exit","lng":114.1958367,"lat":22.4384641}},{"type":"Feature","geometry":{"type":"Point","coordinates":[114.2328959,22.3115808]},"properties":{"id":"491581842","node_id":"491581842","type":"highway_exit","lng":114.2328959,"lat":22.3115808}},{"type":"Feature","geometry":{"type":"Point","coordinates":[114.108591,22.3331785]},"properties":{"id":"598458770","node_id":"598458770","type":"highway_exit","lng":114.108591,"lat":22.3331785}},{"type":"Feature","geometry":{"type":"Point","coordinates":[114.1629874,22.3122049]},"properties":{"id":"339050900","node_id":"339050900","type":"highway_exit","lng":114.1629874,"lat":22.3122049}},{"type":"Feature","geometry":{"type":"Point","coordinates":[114.2238282,22.2820368]},"properties":{"id":"2694689181","node_id":"2694689181","type":"highway_exit","lng":114.2238282,"lat":22.2820368}},{"type":"Feature","geometry":{"type":"Point","coordinates":[114.1288143,22.3432896]},"properties":{"id":"1704984990","node_id":"1704984990","type":"highway_exit","lng":114.1288143,"lat":22.3432896}},{"type":"Feature","geometry":{"type":"Point","coordinates":[113.9564736,22.3122]},"properties":{"id":"5622370726","node_id":"5622370726","type":"highway_exit","lng":113.9564736,"lat":22.3122}},{"type":"Feature","geometry":{"type":"Point","coordinates":[113.9809804,22.3828193]},"properties":{"id":"9931866537","node_id":"9931866537","type":"highway_exit","lng":113.9809804,"lat":22.3828193}},{"type":"Feature","geometry":{"type":"Point","coordinates":[113.9799489,22.3842875]},"properties":{"id":"9931866540","node_id":"9931866540","type":"highway_exit","lng":113.9799489,"lat":22.3842875}},{"type":"Feature","geometry":{"type":"Point","coordinates":[114.239953,22.3146686]},"properties":{"id":"7645712815","node_id":"7645712815","type":"highway_exit","lng":114.239953,"lat":22.3146686}},{"type":"Feature","geometry":{"type":"Point","coordinates":[114.1750468,22.3726502]},"properties":{"id":"2338361776","node_id":"2338361776","type":"highway_exit","lng":114.1750468,"lat":22.3726502}},{"type":"Feature","geometry":{"type":"Point","coordinates":[114.1067817,22.3723562]},"properties":{"id":"1646789047","node_id":"1646789047","type":"highway_exit","lng":114.1067817,"lat":22.3723562}},{"type":"Feature","geometry":{"type":"Point","coordinates":[114.1663641,22.3124191]},"properties":{"id":"9125470649","node_id":"9125470649","type":"highway_exit","lng":114.1663641,"lat":22.3124191}},{"type":"Feature","geometry":{"type":"Point","coordinates":[114.055246,22.4716361]},"properties":{"id":"600211902","node_id":"600211902","type":"highway_exit","lng":114.055246,"lat":22.4716361}},{"type":"Feature","geometry":{"type":"Point","coordinates":[113.9390671,22.2921127]},"properties":{"id":"288375233","node_id":"288375233","type":"highway_exit","lng":113.9390671,"lat":22.2921127}},{"type":"Feature","geometry":{"type":"Point","coordinates":[114.1990048,22.3894609]},"properties":{"id":"366203330","node_id":"366203330","type":"highway_exit","lng":114.1990048,"lat":22.3894609}},{"type":"Feature","geometry":{"type":"Point","coordinates":[114.180248,22.5212363]},"properties":{"id":"6566015427","node_id":"6566015427","type":"highway_exit","lng":114.180248,"lat":22.5212363}},{"type":"Feature","geometry":{"type":"Point","coordinates":[114.1788269,22.5217045]},"properties":{"id":"6566015428","node_id":"6566015428","type":"highway_exit","lng":114.1788269,"lat":22.5217045}},{"type":"Feature","geometry":{"type":"Point","coordinates":[114.1615141,22.5390984]},"properties":{"id":"6566015429","node_id":"6566015429","type":"highway_exit","lng":114.1615141,"lat":22.5390984}},{"type":"Feature","geometry":{"type":"Point","coordinates":[114.1609699,22.5388533]},"properties":{"id":"6566015430","node_id":"6566015430","type":"highway_exit","lng":114.1609699,"lat":22.5388533}},{"type":"Feature","geometry":{"type":"Point","coordinates":[114.0541642,22.4666497]},"properties":{"id":"600211909","node_id":"600211909","type":"highway_exit","lng":114.0541642,"lat":22.4666497}},{"type":"Feature","geometry":{"type":"Point","coordinates":[114.1993922,22.3894603]},"properties":{"id":"366203332","node_id":"366203332","type":"highway_exit","lng":114.1993922,"lat":22.3894603}},{"type":"Feature","geometry":{"type":"Point","coordinates":[114.0572412,22.4766067]},"properties":{"id":"600211908","node_id":"600211908","type":"highway_exit","lng":114.0572412,"lat":22.4766067}},{"type":"Feature","geometry":{"type":"Point","coordinates":[114.1521791,22.5485532]},"properties":{"id":"6566015434","node_id":"6566015434","type":"highway_exit","lng":114.1521791,"lat":22.5485532}},{"type":"Feature","geometry":{"type":"Point","coordinates":[114.0549515,22.4706076]},"properties":{"id":"600211916","node_id":"600211916","type":"highway_exit","lng":114.0549515,"lat":22.4706076}},{"type":"Feature","geometry":{"type":"Point","coordinates":[114.0555839,22.4704832]},"properties":{"id":"600211917","node_id":"600211917","type":"highway_exit","lng":114.0555839,"lat":22.4704832}},{"type":"Feature","geometry":{"type":"Point","coordinates":[114.2218854,22.4072486]},"properties":{"id":"1635553742","node_id":"1635553742","type":"highway_exit","lng":114.2218854,"lat":22.4072486}},{"type":"Feature","geometry":{"type":"Point","coordinates":[114.1314881,22.4980896]},"properties":{"id":"5870932432","node_id":"5870932432","type":"highway_exit","lng":114.1314881,"lat":22.4980896}},{"type":"Feature","geometry":{"type":"Point","coordinates":[114.2217582,22.4066469]},"properties":{"id":"1635553746","node_id":"1635553746","type":"highway_exit","lng":114.2217582,"lat":22.4066469}},{"type":"Feature","geometry":{"type":"Point","coordinates":[114.0546552,22.4678415]},"properties":{"id":"600211922","node_id":"600211922","type":"highway_exit","lng":114.0546552,"lat":22.4678415}},{"type":"Feature","geometry":{"type":"Point","coordinates":[114.2021659,22.3253521]},"properties":{"id":"5436649940","node_id":"5436649940","type":"highway_exit","lng":114.2021659,"lat":22.3253521}},{"type":"Feature","geometry":{"type":"Point","coordinates":[114.1601899,22.3062489]},"properties":{"id":"2861666771","node_id":"2861666771","type":"highway_exit","lng":114.1601899,"lat":22.3062489}},{"type":"Feature","geometry":{"type":"Point","coordinates":[114.1535639,22.4806162]},"properties":{"id":"4841066967","node_id":"4841066967","type":"highway_exit","lng":114.1535639,"lat":22.4806162}},{"type":"Feature","geometry":{"type":"Point","coordinates":[114.1618229,22.309007]},"properties":{"id":"2861666781","node_id":"2861666781","type":"highway_exit","lng":114.1618229,"lat":22.309007}},{"type":"Feature","geometry":{"type":"Point","coordinates":[114.1617576,22.3090323]},"properties":{"id":"2861666783","node_id":"2861666783","type":"highway_exit","lng":114.1617576,"lat":22.3090323}},{"type":"Feature","geometry":{"type":"Point","coordinates":[113.9418883,22.3139341]},"properties":{"id":"253338081","node_id":"253338081","type":"highway_exit","lng":113.9418883,"lat":22.3139341}},{"type":"Feature","geometry":{"type":"Point","coordinates":[114.202162,22.3255026]},"properties":{"id":"5436649954","node_id":"5436649954","type":"highway_exit","lng":114.202162,"lat":22.3255026}},{"type":"Feature","geometry":{"type":"Point","coordinates":[114.1976791,22.4374389]},"properties":{"id":"631550436","node_id":"631550436","type":"highway_exit","lng":114.1976791,"lat":22.4374389}},{"type":"Feature","geometry":{"type":"Point","coordinates":[114.177519,22.3707701]},"properties":{"id":"5059039716","node_id":"5059039716","type":"highway_exit","lng":114.177519,"lat":22.3707701}},{"type":"Feature","geometry":{"type":"Point","coordinates":[114.1710551,22.2491511]},"properties":{"id":"11114881517","node_id":"11114881517","type":"highway_exit","lng":114.1710551,"lat":22.2491511}},{"type":"Feature","geometry":{"type":"Point","coordinates":[114.1794853,22.5219888]},"properties":{"id":"6466728431","node_id":"6466728431","type":"highway_exit","lng":114.1794853,"lat":22.5219888}},{"type":"Feature","geometry":{"type":"Point","coordinates":[114.190385,22.3212644]},"properties":{"id":"574312945","node_id":"574312945","type":"highway_exit","lng":114.190385,"lat":22.3212644}},{"type":"Feature","geometry":{"type":"Point","coordinates":[114.0820132,22.3590491]},"properties":{"id":"525312499","node_id":"525312499","type":"highway_exit","lng":114.0820132,"lat":22.3590491}},{"type":"Feature","geometry":{"type":"Point","coordinates":[114.2378975,22.2686233]},"properties":{"id":"261738996","node_id":"261738996","type":"highway_exit","lng":114.2378975,"lat":22.2686233}},{"type":"Feature","geometry":{"type":"Point","coordinates":[114.2393283,22.2723539]},"properties":{"id":"261738997","node_id":"261738997","type":"highway_exit","lng":114.2393283,"lat":22.2723539}},{"type":"Feature","geometry":{"type":"Point","coordinates":[114.1524772,22.5481616]},"properties":{"id":"6478643705","node_id":"6478643705","type":"highway_exit","lng":114.1524772,"lat":22.5481616}},{"type":"Feature","geometry":{"type":"Point","coordinates":[114.0557962,22.4715099]},"properties":{"id":"600211961","node_id":"600211961","type":"highway_exit","lng":114.0557962,"lat":22.4715099}},{"type":"Feature","geometry":{"type":"Point","coordinates":[114.0832991,22.35838]},"properties":{"id":"525312506","node_id":"525312506","type":"highway_exit","lng":114.0832991,"lat":22.35838}},{"type":"Feature","geometry":{"type":"Point","coordinates":[114.2030654,22.3227199]},"properties":{"id":"5436649982","node_id":"5436649982","type":"highway_exit","lng":114.2030654,"lat":22.3227199}},{"type":"Feature","geometry":{"type":"Point","coordinates":[114.1898263,22.3197666]},"properties":{"id":"574312961","node_id":"574312961","type":"highway_exit","lng":114.1898263,"lat":22.3197666}},{"type":"Feature","geometry":{"type":"Point","coordinates":[114.1793938,22.5210707]},"properties":{"id":"6466728457","node_id":"6466728457","type":"highway_exit","lng":114.1793938,"lat":22.5210707}},{"type":"Feature","geometry":{"type":"Point","coordinates":[114.1667867,22.3150558]},"properties":{"id":"4501979659","node_id":"4501979659","type":"highway_exit","lng":114.1667867,"lat":22.3150558}},{"type":"Feature","geometry":{"type":"Point","coordinates":[114.1896395,22.3193568]},"properties":{"id":"574312973","node_id":"574312973","type":"highway_exit","lng":114.1896395,"lat":22.3193568}},{"type":"Feature","geometry":{"type":"Point","coordinates":[114.2020607,22.3227241]},"properties":{"id":"5436650007","node_id":"5436650007","type":"highway_exit","lng":114.2020607,"lat":22.3227241}},{"type":"Feature","geometry":{"type":"Point","coordinates":[114.0645565,22.4214102]},"properties":{"id":"1721496088","node_id":"1721496088","type":"highway_exit","lng":114.0645565,"lat":22.4214102}},{"type":"Feature","geometry":{"type":"Point","coordinates":[114.2038361,22.3408527]},"properties":{"id":"7746503192","node_id":"7746503192","type":"highway_exit","lng":114.2038361,"lat":22.3408527}},{"type":"Feature","geometry":{"type":"Point","coordinates":[114.202109,22.3237803]},"properties":{"id":"5436650015","node_id":"5436650015","type":"highway_exit","lng":114.202109,"lat":22.3237803}},{"type":"Feature","geometry":{"type":"Point","coordinates":[114.1544297,22.4819181]},"properties":{"id":"4841067047","node_id":"4841067047","type":"highway_exit","lng":114.1544297,"lat":22.4819181}},{"type":"Feature","geometry":{"type":"Point","coordinates":[114.117026,22.3757135]},"properties":{"id":"1646789161","node_id":"1646789161","type":"highway_exit","lng":114.117026,"lat":22.3757135}},{"type":"Feature","geometry":{"type":"Point","coordinates":[114.1303521,22.3418383]},"properties":{"id":"7589802540","node_id":"7589802540","type":"highway_exit","lng":114.1303521,"lat":22.3418383}},{"type":"Feature","geometry":{"type":"Point","coordinates":[114.2245358,22.4121542]},"properties":{"id":"517607983","node_id":"517607983","type":"highway_exit","lng":114.2245358,"lat":22.4121542}},{"type":"Feature","geometry":{"type":"Point","coordinates":[114.1162568,22.3758396]},"properties":{"id":"1646789170","node_id":"1646789170","type":"highway_exit","lng":114.1162568,"lat":22.3758396}},{"type":"Feature","geometry":{"type":"Point","coordinates":[114.1543107,22.4822321]},"properties":{"id":"4841067059","node_id":"4841067059","type":"highway_exit","lng":114.1543107,"lat":22.4822321}},{"type":"Feature","geometry":{"type":"Point","coordinates":[114.1572725,22.3429061]},"properties":{"id":"5843309109","node_id":"5843309109","type":"highway_exit","lng":114.1572725,"lat":22.3429061}},{"type":"Feature","geometry":{"type":"Point","coordinates":[114.1099777,22.3412615]},"properties":{"id":"1268458038","node_id":"1268458038","type":"highway_exit","lng":114.1099777,"lat":22.3412615}},{"type":"Feature","geometry":{"type":"Point","coordinates":[114.2386609,22.3138121]},"properties":{"id":"1694241335","node_id":"1694241335","type":"highway_exit","lng":114.2386609,"lat":22.3138121}},{"type":"Feature","geometry":{"type":"Point","coordinates":[114.0565904,22.4749993]},"properties":{"id":"600212026","node_id":"600212026","type":"highway_exit","lng":114.0565904,"lat":22.4749993}},{"type":"Feature","geometry":{"type":"Point","coordinates":[114.1993454,22.3897354]},"properties":{"id":"5175394878","node_id":"5175394878","type":"highway_exit","lng":114.1993454,"lat":22.3897354}},{"type":"Feature","geometry":{"type":"Point","coordinates":[114.1588182,22.4522432]},"properties":{"id":"623891007","node_id":"623891007","type":"highway_exit","lng":114.1588182,"lat":22.4522432}},{"type":"Feature","geometry":{"type":"Point","coordinates":[114.1230288,22.3764284]},"properties":{"id":"325710400","node_id":"325710400","type":"highway_exit","lng":114.1230288,"lat":22.3764284}},{"type":"Feature","geometry":{"type":"Point","coordinates":[114.1563671,22.3294393]},"properties":{"id":"9377026629","node_id":"9377026629","type":"highway_exit","lng":114.1563671,"lat":22.3294393}},{"type":"Feature","geometry":{"type":"Point","coordinates":[114.1572026,22.3019131]},"properties":{"id":"334647880","node_id":"334647880","type":"highway_exit","lng":114.1572026,"lat":22.3019131}},{"type":"Feature","geometry":{"type":"Point","coordinates":[114.1829312,22.308638]},"properties":{"id":"5026755148","node_id":"5026755148","type":"highway_exit","lng":114.1829312,"lat":22.308638}},{"type":"Feature","geometry":{"type":"Point","coordinates":[114.1995114,22.3782725]},"properties":{"id":"6744814159","node_id":"6744814159","type":"highway_exit","lng":114.1995114,"lat":22.3782725}},{"type":"Feature","geometry":{"type":"Point","coordinates":[113.9390804,22.2919048]},"properties":{"id":"288375380","node_id":"288375380","type":"highway_exit","lng":113.9390804,"lat":22.2919048}},{"type":"Feature","geometry":{"type":"Point","coordinates":[114.1083425,22.3709586]},"properties":{"id":"4864852566","node_id":"4864852566","type":"highway_exit","lng":114.1083425,"lat":22.3709586}},{"type":"Feature","geometry":{"type":"Point","coordinates":[114.1609698,22.3146094]},"properties":{"id":"334647895","node_id":"334647895","type":"highway_exit","lng":114.1609698,"lat":22.3146094}},{"type":"Feature","geometry":{"type":"Point","coordinates":[114.160232,22.3165049]},"properties":{"id":"334647897","node_id":"334647897","type":"highway_exit","lng":114.160232,"lat":22.3165049}},{"type":"Feature","geometry":{"type":"Point","coordinates":[114.0945404,22.3428979]},"properties":{"id":"3080352352","node_id":"3080352352","type":"highway_exit","lng":114.0945404,"lat":22.3428979}},{"type":"Feature","geometry":{"type":"Point","coordinates":[114.213169,22.2900722]},"properties":{"id":"471196272","node_id":"471196272","type":"highway_exit","lng":114.213169,"lat":22.2900722}},{"type":"Feature","geometry":{"type":"Point","coordinates":[114.0332297,22.4344363]},"properties":{"id":"5067215475","node_id":"5067215475","type":"highway_exit","lng":114.0332297,"lat":22.4344363}},{"type":"Feature","geometry":{"type":"Point","coordinates":[114.2389253,22.3142073]},"properties":{"id":"1694241396","node_id":"1694241396","type":"highway_exit","lng":114.2389253,"lat":22.3142073}},{"type":"Feature","geometry":{"type":"Point","coordinates":[114.1587169,22.4522787]},"properties":{"id":"623891063","node_id":"623891063","type":"highway_exit","lng":114.1587169,"lat":22.4522787}},{"type":"Feature","geometry":{"type":"Point","coordinates":[114.170864,22.2505348]},"properties":{"id":"26411641","node_id":"26411641","type":"highway_exit","lng":114.170864,"lat":22.2505348}},{"type":"Feature","geometry":{"type":"Point","coordinates":[114.0886081,22.3463533]},"properties":{"id":"3080352381","node_id":"3080352381","type":"highway_exit","lng":114.0886081,"lat":22.3463533}},{"type":"Feature","geometry":{"type":"Point","coordinates":[114.181029,22.2800307]},"properties":{"id":"983470722","node_id":"983470722","type":"highway_exit","lng":114.181029,"lat":22.2800307}},{"type":"Feature","geometry":{"type":"Point","coordinates":[114.1813377,22.277647]},"properties":{"id":"983470728","node_id":"983470728","type":"highway_exit","lng":114.1813377,"lat":22.277647}},{"type":"Feature","geometry":{"type":"Point","coordinates":[114.1170643,22.3632971]},"properties":{"id":"3972170381","node_id":"3972170381","type":"highway_exit","lng":114.1170643,"lat":22.3632971}},{"type":"Feature","geometry":{"type":"Point","coordinates":[113.9764099,22.4058192]},"properties":{"id":"1710826135","node_id":"1710826135","type":"highway_exit","lng":113.9764099,"lat":22.4058192}},{"type":"Feature","geometry":{"type":"Point","coordinates":[114.2033123,22.3375124]},"properties":{"id":"998478488","node_id":"998478488","type":"highway_exit","lng":114.2033123,"lat":22.3375124}},{"type":"Feature","geometry":{"type":"Point","coordinates":[114.1101487,22.3416746]},"properties":{"id":"1268458145","node_id":"1268458145","type":"highway_exit","lng":114.1101487,"lat":22.3416746}},{"type":"Feature","geometry":{"type":"Point","coordinates":[114.2582293,22.3171216]},"properties":{"id":"3070120612","node_id":"3070120612","type":"highway_exit","lng":114.2582293,"lat":22.3171216}},{"type":"Feature","geometry":{"type":"Point","coordinates":[114.0611429,22.3687135]},"properties":{"id":"3972170409","node_id":"3972170409","type":"highway_exit","lng":114.0611429,"lat":22.3687135}},{"type":"Feature","geometry":{"type":"Point","coordinates":[114.1723072,22.283651]},"properties":{"id":"5010367146","node_id":"5010367146","type":"highway_exit","lng":114.1723072,"lat":22.283651}},{"type":"Feature","geometry":{"type":"Point","coordinates":[114.1515588,22.454055]},"properties":{"id":"623891116","node_id":"623891116","type":"highway_exit","lng":114.1515588,"lat":22.454055}},{"type":"Feature","geometry":{"type":"Point","coordinates":[114.0064892,22.436226]},"properties":{"id":"1296057005","node_id":"1296057005","type":"highway_exit","lng":114.0064892,"lat":22.436226}},{"type":"Feature","geometry":{"type":"Point","coordinates":[114.1236847,22.356118]},"properties":{"id":"6410429100","node_id":"6410429100","type":"highway_exit","lng":114.1236847,"lat":22.356118}},{"type":"Feature","geometry":{"type":"Point","coordinates":[114.0847351,22.35388]},"properties":{"id":"7595721388","node_id":"7595721388","type":"highway_exit","lng":114.0847351,"lat":22.35388}},{"type":"Feature","geometry":{"type":"Point","coordinates":[114.0846864,22.3541271]},"properties":{"id":"7595721391","node_id":"7595721391","type":"highway_exit","lng":114.0846864,"lat":22.3541271}},{"type":"Feature","geometry":{"type":"Point","coordinates":[114.0851979,22.35326]},"properties":{"id":"7595721394","node_id":"7595721394","type":"highway_exit","lng":114.0851979,"lat":22.35326}},{"type":"Feature","geometry":{"type":"Point","coordinates":[114.1795554,22.2749245]},"properties":{"id":"257503927","node_id":"257503927","type":"highway_exit","lng":114.1795554,"lat":22.2749245}},{"type":"Feature","geometry":{"type":"Point","coordinates":[114.148507,22.46306]},"properties":{"id":"1597833915","node_id":"1597833915","type":"highway_exit","lng":114.148507,"lat":22.46306}},{"type":"Feature","geometry":{"type":"Point","coordinates":[114.0777438,22.3680996]},"properties":{"id":"525271739","node_id":"525271739","type":"highway_exit","lng":114.0777438,"lat":22.3680996}},{"type":"Feature","geometry":{"type":"Point","coordinates":[114.1903515,22.3239101]},"properties":{"id":"519918268","node_id":"519918268","type":"highway_exit","lng":114.1903515,"lat":22.3239101}},{"type":"Feature","geometry":{"type":"Point","coordinates":[114.1643154,22.3419689]},"properties":{"id":"8050541246","node_id":"8050541246","type":"highway_exit","lng":114.1643154,"lat":22.3419689}},{"type":"Feature","geometry":{"type":"Point","coordinates":[114.1532311,22.4521756]},"properties":{"id":"623891137","node_id":"623891137","type":"highway_exit","lng":114.1532311,"lat":22.4521756}},{"type":"Feature","geometry":{"type":"Point","coordinates":[114.177219,22.3769879]},"properties":{"id":"482906818","node_id":"482906818","type":"highway_exit","lng":114.177219,"lat":22.3769879}},{"type":"Feature","geometry":{"type":"Point","coordinates":[114.1515975,22.4859937]},"properties":{"id":"11159216838","node_id":"11159216838","type":"highway_exit","lng":114.1515975,"lat":22.4859937}},{"type":"Feature","geometry":{"type":"Point","coordinates":[114.1229755,22.3567176]},"properties":{"id":"1704465094","node_id":"1704465094","type":"highway_exit","lng":114.1229755,"lat":22.3567176}},{"type":"Feature","geometry":{"type":"Point","coordinates":[113.9511936,22.2910463]},"properties":{"id":"3088552656","node_id":"3088552656","type":"highway_exit","lng":113.9511936,"lat":22.2910463}},{"type":"Feature","geometry":{"type":"Point","coordinates":[114.1843594,22.3658687]},"properties":{"id":"6172607185","node_id":"6172607185","type":"highway_exit","lng":114.1843594,"lat":22.3658687}},{"type":"Feature","geometry":{"type":"Point","coordinates":[114.0037487,22.4342728]},"properties":{"id":"1296057042","node_id":"1296057042","type":"highway_exit","lng":114.0037487,"lat":22.4342728}},{"type":"Feature","geometry":{"type":"Point","coordinates":[114.1820135,22.3644004]},"properties":{"id":"568095445","node_id":"568095445","type":"highway_exit","lng":114.1820135,"lat":22.3644004}},{"type":"Feature","geometry":{"type":"Point","coordinates":[113.9537327,22.3137742]},"properties":{"id":"4783235802","node_id":"4783235802","type":"highway_exit","lng":113.9537327,"lat":22.3137742}},{"type":"Feature","geometry":{"type":"Point","coordinates":[114.1574038,22.4501742]},"properties":{"id":"623891169","node_id":"623891169","type":"highway_exit","lng":114.1574038,"lat":22.4501742}},{"type":"Feature","geometry":{"type":"Point","coordinates":[114.1569221,22.5401626]},"properties":{"id":"4841226977","node_id":"4841226977","type":"highway_exit","lng":114.1569221,"lat":22.5401626}},{"type":"Feature","geometry":{"type":"Point","coordinates":[113.9593463,22.3139789]},"properties":{"id":"4783235811","node_id":"4783235811","type":"highway_exit","lng":113.9593463,"lat":22.3139789}},{"type":"Feature","geometry":{"type":"Point","coordinates":[114.017347,22.4367755]},"properties":{"id":"1296057061","node_id":"1296057061","type":"highway_exit","lng":114.017347,"lat":22.4367755}},{"type":"Feature","geometry":{"type":"Point","coordinates":[114.0350286,22.3362883]},"properties":{"id":"4620931814","node_id":"4620931814","type":"highway_exit","lng":114.0350286,"lat":22.3362883}},{"type":"Feature","geometry":{"type":"Point","coordinates":[114.1567861,22.5403027]},"properties":{"id":"4841226986","node_id":"4841226986","type":"highway_exit","lng":114.1567861,"lat":22.5403027}},{"type":"Feature","geometry":{"type":"Point","coordinates":[114.0605557,22.3473309]},"properties":{"id":"2355888876","node_id":"2355888876","type":"highway_exit","lng":114.0605557,"lat":22.3473309}},{"type":"Feature","geometry":{"type":"Point","coordinates":[113.9782913,22.406247]},"properties":{"id":"1710826221","node_id":"1710826221","type":"highway_exit","lng":113.9782913,"lat":22.406247}},{"type":"Feature","geometry":{"type":"Point","coordinates":[113.9843199,22.30679]},"properties":{"id":"3088552686","node_id":"3088552686","type":"highway_exit","lng":113.9843199,"lat":22.30679}},{"type":"Feature","geometry":{"type":"Point","coordinates":[113.9782191,22.4067391]},"properties":{"id":"1710826226","node_id":"1710826226","type":"highway_exit","lng":113.9782191,"lat":22.4067391}},{"type":"Feature","geometry":{"type":"Point","coordinates":[114.161354,22.5387649]},"properties":{"id":"4841226999","node_id":"4841226999","type":"highway_exit","lng":114.161354,"lat":22.5387649}},{"type":"Feature","geometry":{"type":"Point","coordinates":[114.1666281,22.3121802]},"properties":{"id":"1168380668","node_id":"1168380668","type":"highway_exit","lng":114.1666281,"lat":22.3121802}},{"type":"Feature","geometry":{"type":"Point","coordinates":[114.1610727,22.5392694]},"properties":{"id":"4841227006","node_id":"4841227006","type":"highway_exit","lng":114.1610727,"lat":22.5392694}},{"type":"Feature","geometry":{"type":"Point","coordinates":[114.1666465,22.3132112]},"properties":{"id":"1168380684","node_id":"1168380684","type":"highway_exit","lng":114.1666465,"lat":22.3132112}},{"type":"Feature","geometry":{"type":"Point","coordinates":[114.266404,22.3099261]},"properties":{"id":"7973360397","node_id":"7973360397","type":"highway_exit","lng":114.266404,"lat":22.3099261}},{"type":"Feature","geometry":{"type":"Point","coordinates":[114.0907882,22.3451393]},"properties":{"id":"525275919","node_id":"525275919","type":"highway_exit","lng":114.0907882,"lat":22.3451393}},{"type":"Feature","geometry":{"type":"Point","coordinates":[114.1670711,22.3129257]},"properties":{"id":"1168380691","node_id":"1168380691","type":"highway_exit","lng":114.1670711,"lat":22.3129257}},{"type":"Feature","geometry":{"type":"Point","coordinates":[114.1442679,22.3311797]},"properties":{"id":"5070230303","node_id":"5070230303","type":"highway_exit","lng":114.1442679,"lat":22.3311797}},{"type":"Feature","geometry":{"type":"Point","coordinates":[113.9776106,22.3901689]},"properties":{"id":"3071501091","node_id":"3071501091","type":"highway_exit","lng":113.9776106,"lat":22.3901689}},{"type":"Feature","geometry":{"type":"Point","coordinates":[113.9782257,22.390397]},"properties":{"id":"3071501096","node_id":"3071501096","type":"highway_exit","lng":113.9782257,"lat":22.390397}},{"type":"Feature","geometry":{"type":"Point","coordinates":[114.1391642,22.3275955]},"properties":{"id":"2832941871","node_id":"2832941871","type":"highway_exit","lng":114.1391642,"lat":22.3275955}},{"type":"Feature","geometry":{"type":"Point","coordinates":[114.1332628,22.4961485]},"properties":{"id":"600068915","node_id":"600068915","type":"highway_exit","lng":114.1332628,"lat":22.4961485}},{"type":"Feature","geometry":{"type":"Point","coordinates":[114.1311724,22.4971138]},"properties":{"id":"600068921","node_id":"600068921","type":"highway_exit","lng":114.1311724,"lat":22.4971138}},{"type":"Feature","geometry":{"type":"Point","coordinates":[114.1315514,22.4980284]},"properties":{"id":"600068924","node_id":"600068924","type":"highway_exit","lng":114.1315514,"lat":22.4980284}},{"type":"Feature","geometry":{"type":"Point","coordinates":[114.2345517,22.3013832]},"properties":{"id":"5098603328","node_id":"5098603328","type":"highway_exit","lng":114.2345517,"lat":22.3013832}},{"type":"Feature","geometry":{"type":"Point","coordinates":[114.2364217,22.3033889]},"properties":{"id":"6337917763","node_id":"6337917763","type":"highway_exit","lng":114.2364217,"lat":22.3033889}},{"type":"Feature","geometry":{"type":"Point","coordinates":[114.1824818,22.3650744]},"properties":{"id":"568095565","node_id":"568095565","type":"highway_exit","lng":114.1824818,"lat":22.3650744}},{"type":"Feature","geometry":{"type":"Point","coordinates":[114.1311362,22.4979141]},"properties":{"id":"600068945","node_id":"600068945","type":"highway_exit","lng":114.1311362,"lat":22.4979141}},{"type":"Feature","geometry":{"type":"Point","coordinates":[114.1315308,22.4976955]},"properties":{"id":"600068947","node_id":"600068947","type":"highway_exit","lng":114.1315308,"lat":22.4976955}},{"type":"Feature","geometry":{"type":"Point","coordinates":[114.1317003,22.4975701]},"properties":{"id":"600068957","node_id":"600068957","type":"highway_exit","lng":114.1317003,"lat":22.4975701}},{"type":"Feature","geometry":{"type":"Point","coordinates":[114.1743593,22.3072019]},"properties":{"id":"485659486","node_id":"485659486","type":"highway_exit","lng":114.1743593,"lat":22.3072019}},{"type":"Feature","geometry":{"type":"Point","coordinates":[114.1333278,22.4962994]},"properties":{"id":"600068963","node_id":"600068963","type":"highway_exit","lng":114.1333278,"lat":22.4962994}},{"type":"Feature","geometry":{"type":"Point","coordinates":[114.1290943,22.4986226]},"properties":{"id":"600068968","node_id":"600068968","type":"highway_exit","lng":114.1290943,"lat":22.4986226}},{"type":"Feature","geometry":{"type":"Point","coordinates":[114.0787403,22.3715552]},"properties":{"id":"274260842","node_id":"274260842","type":"highway_exit","lng":114.0787403,"lat":22.3715552}},{"type":"Feature","geometry":{"type":"Point","coordinates":[114.2072663,22.319417]},"properties":{"id":"274244466","node_id":"274244466","type":"highway_exit","lng":114.2072663,"lat":22.319417}},{"type":"Feature","geometry":{"type":"Point","coordinates":[114.1307259,22.4980715]},"properties":{"id":"600068980","node_id":"600068980","type":"highway_exit","lng":114.1307259,"lat":22.4980715}},{"type":"Feature","geometry":{"type":"Point","coordinates":[114.2117751,22.3181435]},"properties":{"id":"274244473","node_id":"274244473","type":"highway_exit","lng":114.2117751,"lat":22.3181435}},{"type":"Feature","geometry":{"type":"Point","coordinates":[114.1392997,22.2882493]},"properties":{"id":"10175595387","node_id":"10175595387","type":"highway_exit","lng":114.1392997,"lat":22.2882493}},{"type":"Feature","geometry":{"type":"Point","coordinates":[114.1891755,22.3432922]},"properties":{"id":"7775576959","node_id":"7775576959","type":"highway_exit","lng":114.1891755,"lat":22.3432922}},{"type":"Feature","geometry":{"type":"Point","coordinates":[114.1659927,22.5370203]},"properties":{"id":"6490358656","node_id":"6490358656","type":"highway_exit","lng":114.1659927,"lat":22.5370203}},{"type":"Feature","geometry":{"type":"Point","coordinates":[114.1287911,22.4985424]},"properties":{"id":"600068991","node_id":"600068991","type":"highway_exit","lng":114.1287911,"lat":22.4985424}},{"type":"Feature","geometry":{"type":"Point","coordinates":[113.9527434,22.31388]},"properties":{"id":"4784534402","node_id":"4784534402","type":"highway_exit","lng":113.9527434,"lat":22.31388}},{"type":"Feature","geometry":{"type":"Point","coordinates":[114.1465989,22.4600732]},"properties":{"id":"4997694339","node_id":"4997694339","type":"highway_exit","lng":114.1465989,"lat":22.4600732}},{"type":"Feature","geometry":{"type":"Point","coordinates":[114.1463365,22.4601951]},"properties":{"id":"4997694337","node_id":"4997694337","type":"highway_exit","lng":114.1463365,"lat":22.4601951}},{"type":"Feature","geometry":{"type":"Point","coordinates":[114.1468484,22.4607673]},"properties":{"id":"4997694345","node_id":"4997694345","type":"highway_exit","lng":114.1468484,"lat":22.4607673}},{"type":"Feature","geometry":{"type":"Point","coordinates":[113.9525452,22.3136108]},"properties":{"id":"4784534415","node_id":"4784534415","type":"highway_exit","lng":113.9525452,"lat":22.3136108}},{"type":"Feature","geometry":{"type":"Point","coordinates":[114.1565,22.286969]},"properties":{"id":"4331840400","node_id":"4331840400","type":"highway_exit","lng":114.1565,"lat":22.286969}},{"type":"Feature","geometry":{"type":"Point","coordinates":[114.1770271,22.306237]},"properties":{"id":"5026796433","node_id":"5026796433","type":"highway_exit","lng":114.1770271,"lat":22.306237}},{"type":"Feature","geometry":{"type":"Point","coordinates":[113.9527208,22.3133633]},"properties":{"id":"4784534416","node_id":"4784534416","type":"highway_exit","lng":113.9527208,"lat":22.3133633}},{"type":"Feature","geometry":{"type":"Point","coordinates":[113.9779932,22.3033425]},"properties":{"id":"1703830420","node_id":"1703830420","type":"highway_exit","lng":113.9779932,"lat":22.3033425}},{"type":"Feature","geometry":{"type":"Point","coordinates":[114.1233589,22.5000347]},"properties":{"id":"9385538460","node_id":"9385538460","type":"highway_exit","lng":114.1233589,"lat":22.5000347}},{"type":"Feature","geometry":{"type":"Point","coordinates":[114.0152386,22.3627773]},"properties":{"id":"496792483","node_id":"496792483","type":"highway_exit","lng":114.0152386,"lat":22.3627773}},{"type":"Feature","geometry":{"type":"Point","coordinates":[114.1086351,22.3707557]},"properties":{"id":"4892316582","node_id":"4892316582","type":"highway_exit","lng":114.1086351,"lat":22.3707557}},{"type":"Feature","geometry":{"type":"Point","coordinates":[114.1282492,22.3543972]},"properties":{"id":"1271128999","node_id":"1271128999","type":"highway_exit","lng":114.1282492,"lat":22.3543972}},{"type":"Feature","geometry":{"type":"Point","coordinates":[113.9777472,22.3035499]},"properties":{"id":"1703830441","node_id":"1703830441","type":"highway_exit","lng":113.9777472,"lat":22.3035499}},{"type":"Feature","geometry":{"type":"Point","coordinates":[113.981616,22.3050932]},"properties":{"id":"1703830448","node_id":"1703830448","type":"highway_exit","lng":113.981616,"lat":22.3050932}},{"type":"Feature","geometry":{"type":"Point","coordinates":[114.057283,22.4399589]},"properties":{"id":"3063940023","node_id":"3063940023","type":"highway_exit","lng":114.057283,"lat":22.4399589}},{"type":"Feature","geometry":{"type":"Point","coordinates":[114.1287651,22.3551401]},"properties":{"id":"1271129017","node_id":"1271129017","type":"highway_exit","lng":114.1287651,"lat":22.3551401}},{"type":"Feature","geometry":{"type":"Point","coordinates":[114.2375752,22.3154861]},"properties":{"id":"12035974076","node_id":"12035974076","type":"highway_exit","lng":114.2375752,"lat":22.3154861}},{"type":"Feature","geometry":{"type":"Point","coordinates":[114.1789666,22.3340676]},"properties":{"id":"1141756864","node_id":"1141756864","type":"highway_exit","lng":114.1789666,"lat":22.3340676}},{"type":"Feature","geometry":{"type":"Point","coordinates":[114.1788876,22.3325386]},"properties":{"id":"1141756868","node_id":"1141756868","type":"highway_exit","lng":114.1788876,"lat":22.3325386}},{"type":"Feature","geometry":{"type":"Point","coordinates":[114.1985125,22.2927029]},"properties":{"id":"2917458890","node_id":"2917458890","type":"highway_exit","lng":114.1985125,"lat":22.2927029}},{"type":"Feature","geometry":{"type":"Point","coordinates":[113.9818596,22.3050898]},"properties":{"id":"1703830479","node_id":"1703830479","type":"highway_exit","lng":113.9818596,"lat":22.3050898}},{"type":"Feature","geometry":{"type":"Point","coordinates":[114.222974,22.2827722]},"properties":{"id":"2694685648","node_id":"2694685648","type":"highway_exit","lng":114.222974,"lat":22.2827722}},{"type":"Feature","geometry":{"type":"Point","coordinates":[114.1984945,22.2924678]},"properties":{"id":"296293329","node_id":"296293329","type":"highway_exit","lng":114.1984945,"lat":22.2924678}},{"type":"Feature","geometry":{"type":"Point","coordinates":[114.126265,22.3444917]},"properties":{"id":"1270178773","node_id":"1270178773","type":"highway_exit","lng":114.126265,"lat":22.3444917}},{"type":"Feature","geometry":{"type":"Point","coordinates":[114.2405159,22.3144492]},"properties":{"id":"12035974105","node_id":"12035974105","type":"highway_exit","lng":114.2405159,"lat":22.3144492}},{"type":"Feature","geometry":{"type":"Point","coordinates":[114.2276242,22.2792832]},"properties":{"id":"1004684255","node_id":"1004684255","type":"highway_exit","lng":114.2276242,"lat":22.2792832}},{"type":"Feature","geometry":{"type":"Point","coordinates":[114.2221155,22.2838694]},"properties":{"id":"1004684261","node_id":"1004684261","type":"highway_exit","lng":114.2221155,"lat":22.2838694}},{"type":"Feature","geometry":{"type":"Point","coordinates":[114.1677692,22.3097381]},"properties":{"id":"13108528108","node_id":"13108528108","type":"highway_exit","lng":114.1677692,"lat":22.3097381}},{"type":"Feature","geometry":{"type":"Point","coordinates":[114.231823,22.3011109]},"properties":{"id":"10252452846","node_id":"10252452846","type":"highway_exit","lng":114.231823,"lat":22.3011109}},{"type":"Feature","geometry":{"type":"Point","coordinates":[114.2001392,22.4356232]},"properties":{"id":"1492198386","node_id":"1492198386","type":"highway_exit","lng":114.2001392,"lat":22.4356232}},{"type":"Feature","geometry":{"type":"Point","coordinates":[113.97768,22.4039941]},"properties":{"id":"1196782592","node_id":"1196782592","type":"highway_exit","lng":113.97768,"lat":22.4039941}},{"type":"Feature","geometry":{"type":"Point","coordinates":[114.1240462,22.5003446]},"properties":{"id":"598635527","node_id":"598635527","type":"highway_exit","lng":114.1240462,"lat":22.5003446}},{"type":"Feature","geometry":{"type":"Point","coordinates":[114.190636,22.2853919]},"properties":{"id":"5145990155","node_id":"5145990155","type":"highway_exit","lng":114.190636,"lat":22.2853919}},{"type":"Feature","geometry":{"type":"Point","coordinates":[113.9760867,22.4057256]},"properties":{"id":"1196782604","node_id":"1196782604","type":"highway_exit","lng":113.9760867,"lat":22.4057256}},{"type":"Feature","geometry":{"type":"Point","coordinates":[114.1264647,22.4993446]},"properties":{"id":"598635534","node_id":"598635534","type":"highway_exit","lng":114.1264647,"lat":22.4993446}},{"type":"Feature","geometry":{"type":"Point","coordinates":[114.1262152,22.4992201]},"properties":{"id":"598635535","node_id":"598635535","type":"highway_exit","lng":114.1262152,"lat":22.4992201}},{"type":"Feature","geometry":{"type":"Point","coordinates":[114.1238305,22.4998598]},"properties":{"id":"598635541","node_id":"598635541","type":"highway_exit","lng":114.1238305,"lat":22.4998598}},{"type":"Feature","geometry":{"type":"Point","coordinates":[114.1900513,22.341992]},"properties":{"id":"3977810969","node_id":"3977810969","type":"highway_exit","lng":114.1900513,"lat":22.341992}},{"type":"Feature","geometry":{"type":"Point","coordinates":[114.1205391,22.5015568]},"properties":{"id":"598635549","node_id":"598635549","type":"highway_exit","lng":114.1205391,"lat":22.5015568}},{"type":"Feature","geometry":{"type":"Point","coordinates":[114.1214485,22.5012801]},"properties":{"id":"598635550","node_id":"598635550","type":"highway_exit","lng":114.1214485,"lat":22.5012801}},{"type":"Feature","geometry":{"type":"Point","coordinates":[114.1235326,22.5004955]},"properties":{"id":"598635556","node_id":"598635556","type":"highway_exit","lng":114.1235326,"lat":22.5004955}},{"type":"Feature","geometry":{"type":"Point","coordinates":[114.2059191,22.3384476]},"properties":{"id":"441611305","node_id":"441611305","type":"highway_exit","lng":114.2059191,"lat":22.3384476}},{"type":"Feature","geometry":{"type":"Point","coordinates":[114.1448435,22.3316664]},"properties":{"id":"289334324","node_id":"289334324","type":"highway_exit","lng":114.1448435,"lat":22.3316664}},{"type":"Feature","geometry":{"type":"Point","coordinates":[114.2062133,22.3372517]},"properties":{"id":"441611319","node_id":"441611319","type":"highway_exit","lng":114.2062133,"lat":22.3372517}},{"type":"Feature","geometry":{"type":"Point","coordinates":[114.0827202,22.3571335]},"properties":{"id":"1296356412","node_id":"1296356412","type":"highway_exit","lng":114.0827202,"lat":22.3571335}},{"type":"Feature","geometry":{"type":"Point","coordinates":[114.1343087,22.3354174]},"properties":{"id":"6059447359","node_id":"6059447359","type":"highway_exit","lng":114.1343087,"lat":22.3354174}},{"type":"Feature","geometry":{"type":"Point","coordinates":[114.2047181,22.2941961]},"properties":{"id":"1004684357","node_id":"1004684357","type":"highway_exit","lng":114.2047181,"lat":22.2941961}},{"type":"Feature","geometry":{"type":"Point","coordinates":[114.1609236,22.3119364]},"properties":{"id":"339051594","node_id":"339051594","type":"highway_exit","lng":114.1609236,"lat":22.3119364}},{"type":"Feature","geometry":{"type":"Point","coordinates":[114.1553116,22.2859164]},"properties":{"id":"365827150","node_id":"365827150","type":"highway_exit","lng":114.1553116,"lat":22.2859164}},{"type":"Feature","geometry":{"type":"Point","coordinates":[113.9372416,22.3080585]},"properties":{"id":"232076366","node_id":"232076366","type":"highway_exit","lng":113.9372416,"lat":22.3080585}},{"type":"Feature","geometry":{"type":"Point","coordinates":[114.2133734,22.4140335]},"properties":{"id":"1490080848","node_id":"1490080848","type":"highway_exit","lng":114.2133734,"lat":22.4140335}},{"type":"Feature","geometry":{"type":"Point","coordinates":[114.1610633,22.3138199]},"properties":{"id":"339051602","node_id":"339051602","type":"highway_exit","lng":114.1610633,"lat":22.3138199}},{"type":"Feature","geometry":{"type":"Point","coordinates":[114.2137632,22.4180466]},"properties":{"id":"1490080851","node_id":"1490080851","type":"highway_exit","lng":114.2137632,"lat":22.4180466}},{"type":"Feature","geometry":{"type":"Point","coordinates":[114.2213105,22.2877156]},"properties":{"id":"1004684390","node_id":"1004684390","type":"highway_exit","lng":114.2213105,"lat":22.2877156}},{"type":"Feature","geometry":{"type":"Point","coordinates":[114.1609654,22.309333]},"properties":{"id":"334648424","node_id":"334648424","type":"highway_exit","lng":114.1609654,"lat":22.309333}},{"type":"Feature","geometry":{"type":"Point","coordinates":[114.1608956,22.307781]},"properties":{"id":"334648426","node_id":"334648426","type":"highway_exit","lng":114.1608956,"lat":22.307781}},{"type":"Feature","geometry":{"type":"Point","coordinates":[114.1583991,22.4524669]},"properties":{"id":"2351268971","node_id":"2351268971","type":"highway_exit","lng":114.1583991,"lat":22.4524669}},{"type":"Feature","geometry":{"type":"Point","coordinates":[114.1229516,22.3562671]},"properties":{"id":"5067588718","node_id":"5067588718","type":"highway_exit","lng":114.1229516,"lat":22.3562671}},{"type":"Feature","geometry":{"type":"Point","coordinates":[114.2213593,22.2853568]},"properties":{"id":"8588391542","node_id":"8588391542","type":"highway_exit","lng":114.2213593,"lat":22.2853568}},{"type":"Feature","geometry":{"type":"Point","coordinates":[114.1585754,22.4519872]},"properties":{"id":"2351268988","node_id":"2351268988","type":"highway_exit","lng":114.1585754,"lat":22.4519872}},{"type":"Feature","geometry":{"type":"Point","coordinates":[114.1896903,22.3419327]},"properties":{"id":"567538821","node_id":"567538821","type":"highway_exit","lng":114.1896903,"lat":22.3419327}},{"type":"Feature","geometry":{"type":"Point","coordinates":[114.2395558,22.2693694]},"properties":{"id":"316732551","node_id":"316732551","type":"highway_exit","lng":114.2395558,"lat":22.2693694}},{"type":"Feature","geometry":{"type":"Point","coordinates":[114.2393712,22.269322]},"properties":{"id":"316732552","node_id":"316732552","type":"highway_exit","lng":114.2393712,"lat":22.269322}},{"type":"Feature","geometry":{"type":"Point","coordinates":[114.1882951,22.3427983]},"properties":{"id":"567538828","node_id":"567538828","type":"highway_exit","lng":114.1882951,"lat":22.3427983}},{"type":"Feature","geometry":{"type":"Point","coordinates":[114.1905304,22.3210452]},"properties":{"id":"1651827852","node_id":"1651827852","type":"highway_exit","lng":114.1905304,"lat":22.3210452}},{"type":"Feature","geometry":{"type":"Point","coordinates":[114.2311354,22.3101916]},"properties":{"id":"491586702","node_id":"491586702","type":"highway_exit","lng":114.2311354,"lat":22.3101916}},{"type":"Feature","geometry":{"type":"Point","coordinates":[114.1812267,22.2773467]},"properties":{"id":"2978940046","node_id":"2978940046","type":"highway_exit","lng":114.1812267,"lat":22.2773467}},{"type":"Feature","geometry":{"type":"Point","coordinates":[114.227061,22.278536]},"properties":{"id":"1004684432","node_id":"1004684432","type":"highway_exit","lng":114.227061,"lat":22.278536}},{"type":"Feature","geometry":{"type":"Point","coordinates":[114.2004911,22.3226926]},"properties":{"id":"5416465552","node_id":"5416465552","type":"highway_exit","lng":114.2004911,"lat":22.3226926}},{"type":"Feature","geometry":{"type":"Point","coordinates":[114.182049,22.2828633]},"properties":{"id":"4577535120","node_id":"4577535120","type":"highway_exit","lng":114.182049,"lat":22.2828633}},{"type":"Feature","geometry":{"type":"Point","coordinates":[114.2305354,22.3096814]},"properties":{"id":"491586713","node_id":"491586713","type":"highway_exit","lng":114.2305354,"lat":22.3096814}},{"type":"Feature","geometry":{"type":"Point","coordinates":[114.1635082,22.3091955]},"properties":{"id":"339051674","node_id":"339051674","type":"highway_exit","lng":114.1635082,"lat":22.3091955}},{"type":"Feature","geometry":{"type":"Point","coordinates":[114.2315831,22.3089535]},"properties":{"id":"491586715","node_id":"491586715","type":"highway_exit","lng":114.2315831,"lat":22.3089535}},{"type":"Feature","geometry":{"type":"Point","coordinates":[114.1831157,22.3087541]},"properties":{"id":"989119644","node_id":"989119644","type":"highway_exit","lng":114.1831157,"lat":22.3087541}},{"type":"Feature","geometry":{"type":"Point","coordinates":[114.2402914,22.2701485]},"properties":{"id":"316732570","node_id":"316732570","type":"highway_exit","lng":114.2402914,"lat":22.2701485}},{"type":"Feature","geometry":{"type":"Point","coordinates":[114.1811862,22.2792297]},"properties":{"id":"2978940057","node_id":"2978940057","type":"highway_exit","lng":114.1811862,"lat":22.2792297}},{"type":"Feature","geometry":{"type":"Point","coordinates":[114.2309612,22.310358]},"properties":{"id":"491586716","node_id":"491586716","type":"highway_exit","lng":114.2309612,"lat":22.310358}},{"type":"Feature","geometry":{"type":"Point","coordinates":[114.2319942,22.3112129]},"properties":{"id":"491586721","node_id":"491586721","type":"highway_exit","lng":114.2319942,"lat":22.3112129}},{"type":"Feature","geometry":{"type":"Point","coordinates":[114.1730465,22.3426541]},"properties":{"id":"4775679142","node_id":"4775679142","type":"highway_exit","lng":114.1730465,"lat":22.3426541}},{"type":"Feature","geometry":{"type":"Point","coordinates":[114.2317825,22.3084863]},"properties":{"id":"491586728","node_id":"491586728","type":"highway_exit","lng":114.2317825,"lat":22.3084863}},{"type":"Feature","geometry":{"type":"Point","coordinates":[114.1483385,22.3309427]},"properties":{"id":"1196893354","node_id":"1196893354","type":"highway_exit","lng":114.1483385,"lat":22.3309427}},{"type":"Feature","geometry":{"type":"Point","coordinates":[114.1908878,22.3866229]},"properties":{"id":"268637360","node_id":"268637360","type":"highway_exit","lng":114.1908878,"lat":22.3866229}},{"type":"Feature","geometry":{"type":"Point","coordinates":[114.0355005,22.4356025]},"properties":{"id":"1239635122","node_id":"1239635122","type":"highway_exit","lng":114.0355005,"lat":22.4356025}},{"type":"Feature","geometry":{"type":"Point","coordinates":[114.1782499,22.379028]},"properties":{"id":"1628452019","node_id":"1628452019","type":"highway_exit","lng":114.1782499,"lat":22.379028}},{"type":"Feature","geometry":{"type":"Point","coordinates":[114.2276216,22.2782521]},"properties":{"id":"1004684468","node_id":"1004684468","type":"highway_exit","lng":114.2276216,"lat":22.2782521}},{"type":"Feature","geometry":{"type":"Point","coordinates":[114.1914074,22.3233264]},"properties":{"id":"1651827893","node_id":"1651827893","type":"highway_exit","lng":114.1914074,"lat":22.3233264}},{"type":"Feature","geometry":{"type":"Point","coordinates":[114.194331,22.3898885]},"properties":{"id":"268637364","node_id":"268637364","type":"highway_exit","lng":114.194331,"lat":22.3898885}},{"type":"Feature","geometry":{"type":"Point","coordinates":[114.1986926,22.2923377]},"properties":{"id":"296293561","node_id":"296293561","type":"highway_exit","lng":114.1986926,"lat":22.2923377}},{"type":"Feature","geometry":{"type":"Point","coordinates":[114.2293757,22.2761512]},"properties":{"id":"1653118140","node_id":"1653118140","type":"highway_exit","lng":114.2293757,"lat":22.2761512}},{"type":"Feature","geometry":{"type":"Point","coordinates":[114.209105,22.3314444]},"properties":{"id":"5086971074","node_id":"5086971074","type":"highway_exit","lng":114.209105,"lat":22.3314444}},{"type":"Feature","geometry":{"type":"Point","coordinates":[114.2224784,22.2838169]},"properties":{"id":"1004684482","node_id":"1004684482","type":"highway_exit","lng":114.2224784,"lat":22.2838169}},{"type":"Feature","geometry":{"type":"Point","coordinates":[114.2040847,22.4019187]},"properties":{"id":"268637380","node_id":"268637380","type":"highway_exit","lng":114.2040847,"lat":22.4019187}},{"type":"Feature","geometry":{"type":"Point","coordinates":[114.2050857,22.4030662]},"properties":{"id":"268637381","node_id":"268637381","type":"highway_exit","lng":114.2050857,"lat":22.4030662}},{"type":"Feature","geometry":{"type":"Point","coordinates":[114.1307783,22.4973467]},"properties":{"id":"6478709956","node_id":"6478709956","type":"highway_exit","lng":114.1307783,"lat":22.4973467}},{"type":"Feature","geometry":{"type":"Point","coordinates":[113.9360582,22.3044508]},"properties":{"id":"232076485","node_id":"232076485","type":"highway_exit","lng":113.9360582,"lat":22.3044508}},{"type":"Feature","geometry":{"type":"Point","coordinates":[114.2294123,22.2762796]},"properties":{"id":"1653118151","node_id":"1653118151","type":"highway_exit","lng":114.2294123,"lat":22.2762796}},{"type":"Feature","geometry":{"type":"Point","coordinates":[114.1591108,22.2858505]},"properties":{"id":"365548743","node_id":"365548743","type":"highway_exit","lng":114.1591108,"lat":22.2858505}},{"type":"Feature","geometry":{"type":"Point","coordinates":[114.1431408,22.3365712]},"properties":{"id":"274244810","node_id":"274244810","type":"highway_exit","lng":114.1431408,"lat":22.3365712}},{"type":"Feature","geometry":{"type":"Point","coordinates":[114.2083593,22.4055784]},"properties":{"id":"268637386","node_id":"268637386","type":"highway_exit","lng":114.2083593,"lat":22.4055784}},{"type":"Feature","geometry":{"type":"Point","coordinates":[114.2115661,22.4085526]},"properties":{"id":"268637389","node_id":"268637389","type":"highway_exit","lng":114.2115661,"lat":22.4085526}},{"type":"Feature","geometry":{"type":"Point","coordinates":[114.1731826,22.3427332]},"properties":{"id":"4775679183","node_id":"4775679183","type":"highway_exit","lng":114.1731826,"lat":22.3427332}},{"type":"Feature","geometry":{"type":"Point","coordinates":[114.145723,22.3308809]},"properties":{"id":"1196893393","node_id":"1196893393","type":"highway_exit","lng":114.145723,"lat":22.3308809}},{"type":"Feature","geometry":{"type":"Point","coordinates":[114.1246784,22.3462408]},"properties":{"id":"506475730","node_id":"506475730","type":"highway_exit","lng":114.1246784,"lat":22.3462408}},{"type":"Feature","geometry":{"type":"Point","coordinates":[114.0627529,22.3683803]},"properties":{"id":"1707529427","node_id":"1707529427","type":"highway_exit","lng":114.0627529,"lat":22.3683803}},{"type":"Feature","geometry":{"type":"Point","coordinates":[114.1721772,22.3433071]},"properties":{"id":"4775679188","node_id":"4775679188","type":"highway_exit","lng":114.1721772,"lat":22.3433071}},{"type":"Feature","geometry":{"type":"Point","coordinates":[114.2330381,22.2826834]},"properties":{"id":"984409301","node_id":"984409301","type":"highway_exit","lng":114.2330381,"lat":22.2826834}},{"type":"Feature","geometry":{"type":"Point","coordinates":[114.0624734,22.3685435]},"properties":{"id":"1707529433","node_id":"1707529433","type":"highway_exit","lng":114.0624734,"lat":22.3685435}},{"type":"Feature","geometry":{"type":"Point","coordinates":[114.2301835,22.3099059]},"properties":{"id":"2408584411","node_id":"2408584411","type":"highway_exit","lng":114.2301835,"lat":22.3099059}},{"type":"Feature","geometry":{"type":"Point","coordinates":[113.9609211,22.3088086]},"properties":{"id":"4783236322","node_id":"4783236322","type":"highway_exit","lng":113.9609211,"lat":22.3088086}},{"type":"Feature","geometry":{"type":"Point","coordinates":[114.2038462,22.335332]},"properties":{"id":"4846167267","node_id":"4846167267","type":"highway_exit","lng":114.2038462,"lat":22.335332}},{"type":"Feature","geometry":{"type":"Point","coordinates":[114.0131703,22.3638161]},"properties":{"id":"5070329060","node_id":"5070329060","type":"highway_exit","lng":114.0131703,"lat":22.3638161}},{"type":"Feature","geometry":{"type":"Point","coordinates":[114.0626461,22.3685332]},"properties":{"id":"1707529445","node_id":"1707529445","type":"highway_exit","lng":114.0626461,"lat":22.3685332}},{"type":"Feature","geometry":{"type":"Point","coordinates":[113.9575932,22.3105684]},"properties":{"id":"4783236329","node_id":"4783236329","type":"highway_exit","lng":113.9575932,"lat":22.3105684}},{"type":"Feature","geometry":{"type":"Point","coordinates":[114.0621763,22.3686595]},"properties":{"id":"1707529468","node_id":"1707529468","type":"highway_exit","lng":114.0621763,"lat":22.3686595}},{"type":"Feature","geometry":{"type":"Point","coordinates":[114.1448704,22.3321187]},"properties":{"id":"1196893440","node_id":"1196893440","type":"highway_exit","lng":114.1448704,"lat":22.3321187}},{"type":"Feature","geometry":{"type":"Point","coordinates":[114.0624178,22.3686239]},"properties":{"id":"1707529473","node_id":"1707529473","type":"highway_exit","lng":114.0624178,"lat":22.3686239}},{"type":"Feature","geometry":{"type":"Point","coordinates":[113.9813034,22.4166682]},"properties":{"id":"502957318","node_id":"502957318","type":"highway_exit","lng":113.9813034,"lat":22.4166682}},{"type":"Feature","geometry":{"type":"Point","coordinates":[114.0134961,22.3640735]},"properties":{"id":"1709229321","node_id":"1709229321","type":"highway_exit","lng":114.0134961,"lat":22.3640735}},{"type":"Feature","geometry":{"type":"Point","coordinates":[114.0602776,22.3687784]},"properties":{"id":"1707529491","node_id":"1707529491","type":"highway_exit","lng":114.0602776,"lat":22.3687784}},{"type":"Feature","geometry":{"type":"Point","coordinates":[114.1624524,22.3132076]},"properties":{"id":"6046364952","node_id":"6046364952","type":"highway_exit","lng":114.1624524,"lat":22.3132076}},{"type":"Feature","geometry":{"type":"Point","coordinates":[114.2010818,22.3405186]},"properties":{"id":"998475033","node_id":"998475033","type":"highway_exit","lng":114.2010818,"lat":22.3405186}},{"type":"Feature","geometry":{"type":"Point","coordinates":[114.2401194,22.2698458]},"properties":{"id":"316732700","node_id":"316732700","type":"highway_exit","lng":114.2401194,"lat":22.2698458}},{"type":"Feature","geometry":{"type":"Point","coordinates":[114.0881539,22.3467648]},"properties":{"id":"7744591132","node_id":"7744591132","type":"highway_exit","lng":114.0881539,"lat":22.3467648}},{"type":"Feature","geometry":{"type":"Point","coordinates":[113.9813256,22.4152322]},"properties":{"id":"5102011677","node_id":"5102011677","type":"highway_exit","lng":113.9813256,"lat":22.4152322}},{"type":"Feature","geometry":{"type":"Point","coordinates":[114.0133396,22.3642469]},"properties":{"id":"1709229340","node_id":"1709229340","type":"highway_exit","lng":114.0133396,"lat":22.3642469}},{"type":"Feature","geometry":{"type":"Point","coordinates":[114.1416054,22.3402139]},"properties":{"id":"7695336737","node_id":"7695336737","type":"highway_exit","lng":114.1416054,"lat":22.3402139}},{"type":"Feature","geometry":{"type":"Point","coordinates":[114.0824419,22.3568952]},"properties":{"id":"7744591142","node_id":"7744591142","type":"highway_exit","lng":114.0824419,"lat":22.3568952}},{"type":"Feature","geometry":{"type":"Point","coordinates":[114.2002955,22.4352587]},"properties":{"id":"1490081064","node_id":"1490081064","type":"highway_exit","lng":114.2002955,"lat":22.4352587}},{"type":"Feature","geometry":{"type":"Point","coordinates":[114.2000196,22.4353272]},"properties":{"id":"1490081067","node_id":"1490081067","type":"highway_exit","lng":114.2000196,"lat":22.4353272}},{"type":"Feature","geometry":{"type":"Point","coordinates":[114.2664782,22.3098285]},"properties":{"id":"7580063021","node_id":"7580063021","type":"highway_exit","lng":114.2664782,"lat":22.3098285}},{"type":"Feature","geometry":{"type":"Point","coordinates":[114.0611178,22.3692689]},"properties":{"id":"1707529533","node_id":"1707529533","type":"highway_exit","lng":114.0611178,"lat":22.3692689}},{"type":"Feature","geometry":{"type":"Point","coordinates":[113.9493831,22.31381]},"properties":{"id":"4783056197","node_id":"4783056197","type":"highway_exit","lng":113.9493831,"lat":22.31381}},{"type":"Feature","geometry":{"type":"Point","coordinates":[114.2135749,22.3171925]},"properties":{"id":"991294790","node_id":"991294790","type":"highway_exit","lng":114.2135749,"lat":22.3171925}},{"type":"Feature","geometry":{"type":"Point","coordinates":[114.1760214,22.4510013]},"properties":{"id":"630949193","node_id":"630949193","type":"highway_exit","lng":114.1760214,"lat":22.4510013}},{"type":"Feature","geometry":{"type":"Point","coordinates":[114.1318765,22.3412679]},"properties":{"id":"7580063052","node_id":"7580063052","type":"highway_exit","lng":114.1318765,"lat":22.3412679}},{"type":"Feature","geometry":{"type":"Point","coordinates":[114.1321496,22.3408333]},"properties":{"id":"7580063053","node_id":"7580063053","type":"highway_exit","lng":114.1321496,"lat":22.3408333}},{"type":"Feature","geometry":{"type":"Point","coordinates":[114.2384252,22.2690915]},"properties":{"id":"1654580567","node_id":"1654580567","type":"highway_exit","lng":114.2384252,"lat":22.2690915}},{"type":"Feature","geometry":{"type":"Point","coordinates":[114.0626609,22.369527]},"properties":{"id":"1707529566","node_id":"1707529566","type":"highway_exit","lng":114.0626609,"lat":22.369527}},{"type":"Feature","geometry":{"type":"Point","coordinates":[114.2200177,22.2883513]},"properties":{"id":"8579257700","node_id":"8579257700","type":"highway_exit","lng":114.2200177,"lat":22.2883513}},{"type":"Feature","geometry":{"type":"Point","coordinates":[114.2367877,22.278401]},"properties":{"id":"316732778","node_id":"316732778","type":"highway_exit","lng":114.2367877,"lat":22.278401}},{"type":"Feature","geometry":{"type":"Point","coordinates":[114.2243187,22.3064425]},"properties":{"id":"474719598","node_id":"474719598","type":"highway_exit","lng":114.2243187,"lat":22.3064425}},{"type":"Feature","geometry":{"type":"Point","coordinates":[113.9921855,22.4177602]},"properties":{"id":"2634618234","node_id":"2634618234","type":"highway_exit","lng":113.9921855,"lat":22.4177602}},{"type":"Feature","geometry":{"type":"Point","coordinates":[114.1767199,22.3738849]},"properties":{"id":"2051466619","node_id":"2051466619","type":"highway_exit","lng":114.1767199,"lat":22.3738849}},{"type":"Feature","geometry":{"type":"Point","coordinates":[114.2382439,22.2696403]},"properties":{"id":"1654580612","node_id":"1654580612","type":"highway_exit","lng":114.2382439,"lat":22.2696403}},{"type":"Feature","geometry":{"type":"Point","coordinates":[114.1807465,22.2811963]},"properties":{"id":"7199810948","node_id":"7199810948","type":"highway_exit","lng":114.1807465,"lat":22.2811963}},{"type":"Feature","geometry":{"type":"Point","coordinates":[114.0912879,22.503781]},"properties":{"id":"7591257482","node_id":"7591257482","type":"highway_exit","lng":114.0912879,"lat":22.503781}},{"type":"Feature","geometry":{"type":"Point","coordinates":[113.9356652,22.3023797]},"properties":{"id":"232076687","node_id":"232076687","type":"highway_exit","lng":113.9356652,"lat":22.3023797}},{"type":"Feature","geometry":{"type":"Point","coordinates":[114.1751051,22.3735545]},"properties":{"id":"482907537","node_id":"482907537","type":"highway_exit","lng":114.1751051,"lat":22.3735545}},{"type":"Feature","geometry":{"type":"Point","coordinates":[114.2135782,22.4185204]},"properties":{"id":"2337019285","node_id":"2337019285","type":"highway_exit","lng":114.2135782,"lat":22.4185204}},{"type":"Feature","geometry":{"type":"Point","coordinates":[114.1607421,22.3110543]},"properties":{"id":"334648727","node_id":"334648727","type":"highway_exit","lng":114.1607421,"lat":22.3110543}},{"type":"Feature","geometry":{"type":"Point","coordinates":[114.1894527,22.3424042]},"properties":{"id":"7765497245","node_id":"7765497245","type":"highway_exit","lng":114.1894527,"lat":22.3424042}},{"type":"Feature","geometry":{"type":"Point","coordinates":[114.2019347,22.3982952]},"properties":{"id":"2194466212","node_id":"2194466212","type":"highway_exit","lng":114.2019347,"lat":22.3982952}},{"type":"Feature","geometry":{"type":"Point","coordinates":[114.207751,22.3192656]},"properties":{"id":"10539054524","node_id":"10539054524","type":"highway_exit","lng":114.207751,"lat":22.3192656}},{"type":"Feature","geometry":{"type":"Point","coordinates":[114.1412363,22.2889784]},"properties":{"id":"5122954685","node_id":"5122954685","type":"highway_exit","lng":114.1412363,"lat":22.2889784}},{"type":"Feature","geometry":{"type":"Point","coordinates":[114.217271,22.28793]},"properties":{"id":"317146570","node_id":"317146570","type":"highway_exit","lng":114.217271,"lat":22.28793}},{"type":"Feature","geometry":{"type":"Point","coordinates":[114.1355404,22.287561]},"properties":{"id":"253330892","node_id":"253330892","type":"highway_exit","lng":114.1355404,"lat":22.287561}},{"type":"Feature","geometry":{"type":"Point","coordinates":[114.2148974,22.2893678]},"properties":{"id":"317146573","node_id":"317146573","type":"highway_exit","lng":114.2148974,"lat":22.2893678}},{"type":"Feature","geometry":{"type":"Point","coordinates":[114.1610049,22.3178523]},"properties":{"id":"332228056","node_id":"332228056","type":"highway_exit","lng":114.1610049,"lat":22.3178523}},{"type":"Feature","geometry":{"type":"Point","coordinates":[114.198651,22.3785119]},"properties":{"id":"574412250","node_id":"574412250","type":"highway_exit","lng":114.198651,"lat":22.3785119}},{"type":"Feature","geometry":{"type":"Point","coordinates":[114.1991403,22.378383]},"properties":{"id":"574412253","node_id":"574412253","type":"highway_exit","lng":114.1991403,"lat":22.378383}},{"type":"Feature","geometry":{"type":"Point","coordinates":[114.1609081,22.2475811]},"properties":{"id":"7618606558","node_id":"7618606558","type":"highway_exit","lng":114.1609081,"lat":22.2475811}},{"type":"Feature","geometry":{"type":"Point","coordinates":[114.1998689,22.3781855]},"properties":{"id":"574412255","node_id":"574412255","type":"highway_exit","lng":114.1998689,"lat":22.3781855}},{"type":"Feature","geometry":{"type":"Point","coordinates":[114.1089715,22.3703833]},"properties":{"id":"1273177573","node_id":"1273177573","type":"highway_exit","lng":114.1089715,"lat":22.3703833}},{"type":"Feature","geometry":{"type":"Point","coordinates":[114.2278672,22.2787791]},"properties":{"id":"1653118444","node_id":"1653118444","type":"highway_exit","lng":114.2278672,"lat":22.2787791}},{"type":"Feature","geometry":{"type":"Point","coordinates":[114.1180445,22.3501244]},"properties":{"id":"7235110382","node_id":"7235110382","type":"highway_exit","lng":114.1180445,"lat":22.3501244}},{"type":"Feature","geometry":{"type":"Point","coordinates":[114.1994064,22.3788698]},"properties":{"id":"574412271","node_id":"574412271","type":"highway_exit","lng":114.1994064,"lat":22.3788698}},{"type":"Feature","geometry":{"type":"Point","coordinates":[114.1661482,22.5370354]},"properties":{"id":"6490396149","node_id":"6490396149","type":"highway_exit","lng":114.1661482,"lat":22.5370354}},{"type":"Feature","geometry":{"type":"Point","coordinates":[114.1432503,22.3410801]},"properties":{"id":"7682123258","node_id":"7682123258","type":"highway_exit","lng":114.1432503,"lat":22.3410801}},{"type":"Feature","geometry":{"type":"Point","coordinates":[114.14371,22.3410318]},"properties":{"id":"7682123261","node_id":"7682123261","type":"highway_exit","lng":114.14371,"lat":22.3410318}},{"type":"Feature","geometry":{"type":"Point","coordinates":[114.22835,22.27904]},"properties":{"id":"1653118463","node_id":"1653118463","type":"highway_exit","lng":114.22835,"lat":22.27904}},{"type":"Feature","geometry":{"type":"Point","coordinates":[114.2034237,22.3376693]},"properties":{"id":"474367490","node_id":"474367490","type":"highway_exit","lng":114.2034237,"lat":22.3376693}},{"type":"Feature","geometry":{"type":"Point","coordinates":[114.2004736,22.3805685]},"properties":{"id":"574412290","node_id":"574412290","type":"highway_exit","lng":114.2004736,"lat":22.3805685}},{"type":"Feature","geometry":{"type":"Point","coordinates":[114.1544217,22.2871496]},"properties":{"id":"274241036","node_id":"274241036","type":"highway_exit","lng":114.1544217,"lat":22.2871496}},{"type":"Feature","geometry":{"type":"Point","coordinates":[114.1669625,22.3128275]},"properties":{"id":"1168315919","node_id":"1168315919","type":"highway_exit","lng":114.1669625,"lat":22.3128275}},{"type":"Feature","geometry":{"type":"Point","coordinates":[114.1610374,22.2475022]},"properties":{"id":"5159654929","node_id":"5159654929","type":"highway_exit","lng":114.1610374,"lat":22.2475022}},{"type":"Feature","geometry":{"type":"Point","coordinates":[114.2171049,22.287339]},"properties":{"id":"317146642","node_id":"317146642","type":"highway_exit","lng":114.2171049,"lat":22.287339}},{"type":"Feature","geometry":{"type":"Point","coordinates":[114.1417508,22.340388]},"properties":{"id":"6389573139","node_id":"6389573139","type":"highway_exit","lng":114.1417508,"lat":22.340388}},{"type":"Feature","geometry":{"type":"Point","coordinates":[114.2035802,22.3385865]},"properties":{"id":"474367508","node_id":"474367508","type":"highway_exit","lng":114.2035802,"lat":22.3385865}},{"type":"Feature","geometry":{"type":"Point","coordinates":[113.9993755,22.4373247]},"properties":{"id":"1735280153","node_id":"1735280153","type":"highway_exit","lng":113.9993755,"lat":22.4373247}},{"type":"Feature","geometry":{"type":"Point","coordinates":[114.1616314,22.310003]},"properties":{"id":"339052061","node_id":"339052061","type":"highway_exit","lng":114.1616314,"lat":22.310003}},{"type":"Feature","geometry":{"type":"Point","coordinates":[114.1451606,22.2884868]},"properties":{"id":"5064746526","node_id":"5064746526","type":"highway_exit","lng":114.1451606,"lat":22.2884868}},{"type":"Feature","geometry":{"type":"Point","coordinates":[114.1605992,22.248389]},"properties":{"id":"7618606623","node_id":"7618606623","type":"highway_exit","lng":114.1605992,"lat":22.248389}},{"type":"Feature","geometry":{"type":"Point","coordinates":[113.9755891,22.3999813]},"properties":{"id":"1486317088","node_id":"1486317088","type":"highway_exit","lng":113.9755891,"lat":22.3999813}},{"type":"Feature","geometry":{"type":"Point","coordinates":[113.9991311,22.4375356]},"properties":{"id":"1735280160","node_id":"1735280160","type":"highway_exit","lng":113.9991311,"lat":22.4375356}},{"type":"Feature","geometry":{"type":"Point","coordinates":[114.1609305,22.2476452]},"properties":{"id":"7618606626","node_id":"7618606626","type":"highway_exit","lng":114.1609305,"lat":22.2476452}},{"type":"Feature","geometry":{"type":"Point","coordinates":[114.2006667,22.3807626]},"properties":{"id":"574412331","node_id":"574412331","type":"highway_exit","lng":114.2006667,"lat":22.3807626}},{"type":"Feature","geometry":{"type":"Point","coordinates":[114.2059211,22.3385999]},"properties":{"id":"474367533","node_id":"474367533","type":"highway_exit","lng":114.2059211,"lat":22.3385999}},{"type":"Feature","geometry":{"type":"Point","coordinates":[113.9361288,22.2966593]},"properties":{"id":"232076849","node_id":"232076849","type":"highway_exit","lng":113.9361288,"lat":22.2966593}},{"type":"Feature","geometry":{"type":"Point","coordinates":[114.2073459,22.4039425]},"properties":{"id":"7887140409","node_id":"7887140409","type":"highway_exit","lng":114.2073459,"lat":22.4039425}},{"type":"Feature","geometry":{"type":"Point","coordinates":[114.0845333,22.3543355]},"properties":{"id":"1296356921","node_id":"1296356921","type":"highway_exit","lng":114.0845333,"lat":22.3543355}},{"type":"Feature","geometry":{"type":"Point","coordinates":[114.1995947,22.3896008]},"properties":{"id":"5105796672","node_id":"5105796672","type":"highway_exit","lng":114.1995947,"lat":22.3896008}},{"type":"Feature","geometry":{"type":"Point","coordinates":[114.1993954,22.3895366]},"properties":{"id":"5105796677","node_id":"5105796677","type":"highway_exit","lng":114.1993954,"lat":22.3895366}},{"type":"Feature","geometry":{"type":"Point","coordinates":[114.1846189,22.3438158]},"properties":{"id":"7765354054","node_id":"7765354054","type":"highway_exit","lng":114.1846189,"lat":22.3438158}},{"type":"Feature","geometry":{"type":"Point","coordinates":[113.9784888,22.3886709]},"properties":{"id":"4354270795","node_id":"4354270795","type":"highway_exit","lng":113.9784888,"lat":22.3886709}},{"type":"Feature","geometry":{"type":"Point","coordinates":[114.2616702,22.3178557]},"properties":{"id":"275867219","node_id":"275867219","type":"highway_exit","lng":114.2616702,"lat":22.3178557}},{"type":"Feature","geometry":{"type":"Point","coordinates":[114.1665065,22.3160663]},"properties":{"id":"1168315988","node_id":"1168315988","type":"highway_exit","lng":114.1665065,"lat":22.3160663}},{"type":"Feature","geometry":{"type":"Point","coordinates":[114.0391311,22.4410179]},"properties":{"id":"4530300507","node_id":"4530300507","type":"highway_exit","lng":114.0391311,"lat":22.4410179}},{"type":"Feature","geometry":{"type":"Point","coordinates":[114.00255,22.4321988]},"properties":{"id":"2197546589","node_id":"2197546589","type":"highway_exit","lng":114.00255,"lat":22.4321988}},{"type":"Feature","geometry":{"type":"Point","coordinates":[114.1619691,22.31812]},"properties":{"id":"332232290","node_id":"332232290","type":"highway_exit","lng":114.1619691,"lat":22.31812}},{"type":"Feature","geometry":{"type":"Point","coordinates":[114.1622338,22.3184752]},"properties":{"id":"332232291","node_id":"332232291","type":"highway_exit","lng":114.1622338,"lat":22.3184752}},{"type":"Feature","geometry":{"type":"Point","coordinates":[114.2400228,22.2702521]},"properties":{"id":"4846130792","node_id":"4846130792","type":"highway_exit","lng":114.2400228,"lat":22.2702521}},{"type":"Feature","geometry":{"type":"Point","coordinates":[114.1425353,22.331239]},"properties":{"id":"289334889","node_id":"289334889","type":"highway_exit","lng":114.1425353,"lat":22.331239}},{"type":"Feature","geometry":{"type":"Point","coordinates":[114.1756966,22.2489339]},"properties":{"id":"597665387","node_id":"597665387","type":"highway_exit","lng":114.1756966,"lat":22.2489339}},{"type":"Feature","geometry":{"type":"Point","coordinates":[114.2203429,22.2885061]},"properties":{"id":"3005253240","node_id":"3005253240","type":"highway_exit","lng":114.2203429,"lat":22.2885061}},{"type":"Feature","geometry":{"type":"Point","coordinates":[114.1435287,22.3363939]},"properties":{"id":"999331449","node_id":"999331449","type":"highway_exit","lng":114.1435287,"lat":22.3363939}},{"type":"Feature","geometry":{"type":"Point","coordinates":[114.2079737,22.3192151]},"properties":{"id":"1688106618","node_id":"1688106618","type":"highway_exit","lng":114.2079737,"lat":22.3192151}},{"type":"Feature","geometry":{"type":"Point","coordinates":[114.2033504,22.3393902]},"properties":{"id":"474367610","node_id":"474367610","type":"highway_exit","lng":114.2033504,"lat":22.3393902}},{"type":"Feature","geometry":{"type":"Point","coordinates":[114.1667883,22.3131619]},"properties":{"id":"332248700","node_id":"332248700","type":"highway_exit","lng":114.1667883,"lat":22.3131619}},{"type":"Feature","geometry":{"type":"Point","coordinates":[114.2152082,22.2897606]},"properties":{"id":"239994496","node_id":"239994496","type":"highway_exit","lng":114.2152082,"lat":22.2897606}},{"type":"Feature","geometry":{"type":"Point","coordinates":[114.2015679,22.32551]},"properties":{"id":"5772236419","node_id":"5772236419","type":"highway_exit","lng":114.2015679,"lat":22.32551}},{"type":"Feature","geometry":{"type":"Point","coordinates":[114.2019084,22.3258642]},"properties":{"id":"5772236424","node_id":"5772236424","type":"highway_exit","lng":114.2019084,"lat":22.3258642}},{"type":"Feature","geometry":{"type":"Point","coordinates":[114.2019849,22.3257563]},"properties":{"id":"5772236425","node_id":"5772236425","type":"highway_exit","lng":114.2019849,"lat":22.3257563}},{"type":"Feature","geometry":{"type":"Point","coordinates":[114.2018201,22.3258093]},"properties":{"id":"5772236426","node_id":"5772236426","type":"highway_exit","lng":114.2018201,"lat":22.3258093}},{"type":"Feature","geometry":{"type":"Point","coordinates":[114.2018974,22.3256989]},"properties":{"id":"5772236427","node_id":"5772236427","type":"highway_exit","lng":114.2018974,"lat":22.3256989}},{"type":"Feature","geometry":{"type":"Point","coordinates":[114.1771837,22.2505374]},"properties":{"id":"597665430","node_id":"597665430","type":"highway_exit","lng":114.1771837,"lat":22.2505374}},{"type":"Feature","geometry":{"type":"Point","coordinates":[114.1764217,22.249948]},"properties":{"id":"597665431","node_id":"597665431","type":"highway_exit","lng":114.1764217,"lat":22.249948}},{"type":"Feature","geometry":{"type":"Point","coordinates":[114.164357,22.3108068]},"properties":{"id":"13108582041","node_id":"13108582041","type":"highway_exit","lng":114.164357,"lat":22.3108068}},{"type":"Feature","geometry":{"type":"Point","coordinates":[114.1668186,22.3089739]},"properties":{"id":"1172166298","node_id":"1172166298","type":"highway_exit","lng":114.1668186,"lat":22.3089739}},{"type":"Feature","geometry":{"type":"Point","coordinates":[114.1330602,22.3232764]},"properties":{"id":"1645491865","node_id":"1645491865","type":"highway_exit","lng":114.1330602,"lat":22.3232764}},{"type":"Feature","geometry":{"type":"Point","coordinates":[114.1321899,22.3229738]},"properties":{"id":"1645491871","node_id":"1645491871","type":"highway_exit","lng":114.1321899,"lat":22.3229738}},{"type":"Feature","geometry":{"type":"Point","coordinates":[113.9985232,22.4386962]},"properties":{"id":"1735280288","node_id":"1735280288","type":"highway_exit","lng":113.9985232,"lat":22.4386962}},{"type":"Feature","geometry":{"type":"Point","coordinates":[114.1894657,22.3420244]},"properties":{"id":"1651828393","node_id":"1651828393","type":"highway_exit","lng":114.1894657,"lat":22.3420244}},{"type":"Feature","geometry":{"type":"Point","coordinates":[113.9991288,22.4388709]},"properties":{"id":"1735280298","node_id":"1735280298","type":"highway_exit","lng":113.9991288,"lat":22.4388709}},{"type":"Feature","geometry":{"type":"Point","coordinates":[114.1348359,22.3815606]},"properties":{"id":"2199881387","node_id":"2199881387","type":"highway_exit","lng":114.1348359,"lat":22.3815606}},{"type":"Feature","geometry":{"type":"Point","coordinates":[114.1765172,22.2478903]},"properties":{"id":"597665453","node_id":"597665453","type":"highway_exit","lng":114.1765172,"lat":22.2478903}},{"type":"Feature","geometry":{"type":"Point","coordinates":[114.1981327,22.3758661]},"properties":{"id":"12618049197","node_id":"12618049197","type":"highway_exit","lng":114.1981327,"lat":22.3758661}},{"type":"Feature","geometry":{"type":"Point","coordinates":[114.1881424,22.3435103]},"properties":{"id":"1651828400","node_id":"1651828400","type":"highway_exit","lng":114.1881424,"lat":22.3435103}},{"type":"Feature","geometry":{"type":"Point","coordinates":[114.0399554,22.4467293]},"properties":{"id":"5514409654","node_id":"5514409654","type":"highway_exit","lng":114.0399554,"lat":22.4467293}},{"type":"Feature","geometry":{"type":"Point","coordinates":[114.2352728,22.2809765]},"properties":{"id":"479762104","node_id":"479762104","type":"highway_exit","lng":114.2352728,"lat":22.2809765}},{"type":"Feature","geometry":{"type":"Point","coordinates":[113.9684801,22.3043085]},"properties":{"id":"2967049912","node_id":"2967049912","type":"highway_exit","lng":113.9684801,"lat":22.3043085}},{"type":"Feature","geometry":{"type":"Point","coordinates":[114.1904649,22.2857457]},"properties":{"id":"984741562","node_id":"984741562","type":"highway_exit","lng":114.1904649,"lat":22.2857457}},{"type":"Feature","geometry":{"type":"Point","coordinates":[113.9886773,22.4189217]},"properties":{"id":"445781692","node_id":"445781692","type":"highway_exit","lng":113.9886773,"lat":22.4189217}},{"type":"Feature","geometry":{"type":"Point","coordinates":[114.172544,22.343509]},"properties":{"id":"4414305981","node_id":"4414305981","type":"highway_exit","lng":114.172544,"lat":22.343509}},{"type":"Feature","geometry":{"type":"Point","coordinates":[114.15812,22.28657]},"properties":{"id":"1726097085","node_id":"1726097085","type":"highway_exit","lng":114.15812,"lat":22.28657}},{"type":"Feature","geometry":{"type":"Point","coordinates":[114.1769813,22.311715]},"properties":{"id":"675264194","node_id":"675264194","type":"highway_exit","lng":114.1769813,"lat":22.311715}},{"type":"Feature","geometry":{"type":"Point","coordinates":[114.1370891,22.3260575]},"properties":{"id":"1645491907","node_id":"1645491907","type":"highway_exit","lng":114.1370891,"lat":22.3260575}},{"type":"Feature","geometry":{"type":"Point","coordinates":[114.1577709,22.2868916]},"properties":{"id":"1726097093","node_id":"1726097093","type":"highway_exit","lng":114.1577709,"lat":22.2868916}},{"type":"Feature","geometry":{"type":"Point","coordinates":[114.1764941,22.3119957]},"properties":{"id":"675264198","node_id":"675264198","type":"highway_exit","lng":114.1764941,"lat":22.3119957}},{"type":"Feature","geometry":{"type":"Point","coordinates":[114.176703,22.3125406]},"properties":{"id":"675264200","node_id":"675264200","type":"highway_exit","lng":114.176703,"lat":22.3125406}},{"type":"Feature","geometry":{"type":"Point","coordinates":[113.9595331,22.3140009]},"properties":{"id":"2967049929","node_id":"2967049929","type":"highway_exit","lng":113.9595331,"lat":22.3140009}},{"type":"Feature","geometry":{"type":"Point","coordinates":[114.2070405,22.4044314]},"properties":{"id":"1489217227","node_id":"1489217227","type":"highway_exit","lng":114.2070405,"lat":22.4044314}},{"type":"Feature","geometry":{"type":"Point","coordinates":[114.0120079,22.4377499]},"properties":{"id":"1296078543","node_id":"1296078543","type":"highway_exit","lng":114.0120079,"lat":22.4377499}},{"type":"Feature","geometry":{"type":"Point","coordinates":[114.1789543,22.3173395]},"properties":{"id":"675264208","node_id":"675264208","type":"highway_exit","lng":114.1789543,"lat":22.3173395}},{"type":"Feature","geometry":{"type":"Point","coordinates":[114.0139139,22.4377275]},"properties":{"id":"1296078546","node_id":"1296078546","type":"highway_exit","lng":114.0139139,"lat":22.4377275}},{"type":"Feature","geometry":{"type":"Point","coordinates":[114.1791144,22.3172841]},"properties":{"id":"675264211","node_id":"675264211","type":"highway_exit","lng":114.1791144,"lat":22.3172841}},{"type":"Feature","geometry":{"type":"Point","coordinates":[114.2043138,22.3384357]},"properties":{"id":"474367700","node_id":"474367700","type":"highway_exit","lng":114.2043138,"lat":22.3384357}},{"type":"Feature","geometry":{"type":"Point","coordinates":[114.0871835,22.3501052]},"properties":{"id":"2195625685","node_id":"2195625685","type":"highway_exit","lng":114.0871835,"lat":22.3501052}},{"type":"Feature","geometry":{"type":"Point","coordinates":[114.1230687,22.3763276]},"properties":{"id":"268637911","node_id":"268637911","type":"highway_exit","lng":114.1230687,"lat":22.3763276}},{"type":"Feature","geometry":{"type":"Point","coordinates":[114.2073024,22.4047606]},"properties":{"id":"1489217239","node_id":"1489217239","type":"highway_exit","lng":114.2073024,"lat":22.4047606}},{"type":"Feature","geometry":{"type":"Point","coordinates":[114.2177301,22.288668]},"properties":{"id":"317355741","node_id":"317355741","type":"highway_exit","lng":114.2177301,"lat":22.288668}},{"type":"Feature","geometry":{"type":"Point","coordinates":[114.0022838,22.4343571]},"properties":{"id":"1296078559","node_id":"1296078559","type":"highway_exit","lng":114.0022838,"lat":22.4343571}},{"type":"Feature","geometry":{"type":"Point","coordinates":[114.1338658,22.3809994]},"properties":{"id":"268637920","node_id":"268637920","type":"highway_exit","lng":114.1338658,"lat":22.3809994}},{"type":"Feature","geometry":{"type":"Point","coordinates":[114.0708719,22.3732636]},"properties":{"id":"267052770","node_id":"267052770","type":"highway_exit","lng":114.0708719,"lat":22.3732636}},{"type":"Feature","geometry":{"type":"Point","coordinates":[114.2173787,22.2877599]},"properties":{"id":"317355749","node_id":"317355749","type":"highway_exit","lng":114.2173787,"lat":22.2877599}},{"type":"Feature","geometry":{"type":"Point","coordinates":[114.1637627,22.3072176]},"properties":{"id":"334649071","node_id":"334649071","type":"highway_exit","lng":114.1637627,"lat":22.3072176}},{"type":"Feature","geometry":{"type":"Point","coordinates":[114.0606269,22.3471882]},"properties":{"id":"760600306","node_id":"760600306","type":"highway_exit","lng":114.0606269,"lat":22.3471882}},{"type":"Feature","geometry":{"type":"Point","coordinates":[114.1822048,22.3645135]},"properties":{"id":"1518118642","node_id":"1518118642","type":"highway_exit","lng":114.1822048,"lat":22.3645135}},{"type":"Feature","geometry":{"type":"Point","coordinates":[114.1786247,22.3061226]},"properties":{"id":"675763958","node_id":"675763958","type":"highway_exit","lng":114.1786247,"lat":22.3061226}},{"type":"Feature","geometry":{"type":"Point","coordinates":[114.177892,22.3176704]},"properties":{"id":"675264249","node_id":"675264249","type":"highway_exit","lng":114.177892,"lat":22.3176704}},{"type":"Feature","geometry":{"type":"Point","coordinates":[113.953845,22.3121686]},"properties":{"id":"4728063738","node_id":"4728063738","type":"highway_exit","lng":113.953845,"lat":22.3121686}},{"type":"Feature","geometry":{"type":"Point","coordinates":[114.2122639,22.4109842]},"properties":{"id":"1489217277","node_id":"1489217277","type":"highway_exit","lng":114.2122639,"lat":22.4109842}},{"type":"Feature","geometry":{"type":"Point","coordinates":[113.9511719,22.313302]},"properties":{"id":"4728063743","node_id":"4728063743","type":"highway_exit","lng":113.9511719,"lat":22.313302}},{"type":"Feature","geometry":{"type":"Point","coordinates":[113.9544573,22.3115497]},"properties":{"id":"4728063745","node_id":"4728063745","type":"highway_exit","lng":113.9544573,"lat":22.3115497}},{"type":"Feature","geometry":{"type":"Point","coordinates":[114.0850919,22.3556537]},"properties":{"id":"525313794","node_id":"525313794","type":"highway_exit","lng":114.0850919,"lat":22.3556537}},{"type":"Feature","geometry":{"type":"Point","coordinates":[113.953416,22.3723735]},"properties":{"id":"5786679042","node_id":"5786679042","type":"highway_exit","lng":113.953416,"lat":22.3723735}},{"type":"Feature","geometry":{"type":"Point","coordinates":[114.1316142,22.3394615]},"properties":{"id":"2862192390","node_id":"2862192390","type":"highway_exit","lng":114.1316142,"lat":22.3394615}},{"type":"Feature","geometry":{"type":"Point","coordinates":[114.2330783,22.2828399]},"properties":{"id":"440977163","node_id":"440977163","type":"highway_exit","lng":114.2330783,"lat":22.2828399}},{"type":"Feature","geometry":{"type":"Point","coordinates":[113.951667,22.3716373]},"properties":{"id":"5786679051","node_id":"5786679051","type":"highway_exit","lng":113.951667,"lat":22.3716373}},{"type":"Feature","geometry":{"type":"Point","coordinates":[114.1398537,22.3281177]},"properties":{"id":"1645491986","node_id":"1645491986","type":"highway_exit","lng":114.1398537,"lat":22.3281177}},{"type":"Feature","geometry":{"type":"Point","coordinates":[114.1681728,22.3093266]},"properties":{"id":"7706752788","node_id":"7706752788","type":"highway_exit","lng":114.1681728,"lat":22.3093266}},{"type":"Feature","geometry":{"type":"Point","coordinates":[114.026694,22.3287588]},"properties":{"id":"390510356","node_id":"390510356","type":"highway_exit","lng":114.026694,"lat":22.3287588}},{"type":"Feature","geometry":{"type":"Point","coordinates":[113.9564553,22.3129989]},"properties":{"id":"4728063764","node_id":"4728063764","type":"highway_exit","lng":113.9564553,"lat":22.3129989}},{"type":"Feature","geometry":{"type":"Point","coordinates":[114.1437787,22.3365587]},"properties":{"id":"999331612","node_id":"999331612","type":"highway_exit","lng":114.1437787,"lat":22.3365587}},{"type":"Feature","geometry":{"type":"Point","coordinates":[113.9524401,22.3136043]},"properties":{"id":"4728063772","node_id":"4728063772","type":"highway_exit","lng":113.9524401,"lat":22.3136043}},{"type":"Feature","geometry":{"type":"Point","coordinates":[114.1500384,22.3287973]},"properties":{"id":"1645492004","node_id":"1645492004","type":"highway_exit","lng":114.1500384,"lat":22.3287973}},{"type":"Feature","geometry":{"type":"Point","coordinates":[113.9564066,22.3111628]},"properties":{"id":"4728063782","node_id":"4728063782","type":"highway_exit","lng":113.9564066,"lat":22.3111628}},{"type":"Feature","geometry":{"type":"Point","coordinates":[114.1409306,22.3414901]},"properties":{"id":"999331622","node_id":"999331622","type":"highway_exit","lng":114.1409306,"lat":22.3414901}},{"type":"Feature","geometry":{"type":"Point","coordinates":[113.9545886,22.311675]},"properties":{"id":"4728063785","node_id":"4728063785","type":"highway_exit","lng":113.9545886,"lat":22.311675}},{"type":"Feature","geometry":{"type":"Point","coordinates":[114.1785841,22.3175059]},"properties":{"id":"675264297","node_id":"675264297","type":"highway_exit","lng":114.1785841,"lat":22.3175059}},{"type":"Feature","geometry":{"type":"Point","coordinates":[114.1754457,22.3066395]},"properties":{"id":"675764014","node_id":"675764014","type":"highway_exit","lng":114.1754457,"lat":22.3066395}},{"type":"Feature","geometry":{"type":"Point","coordinates":[114.1709535,22.2820731]},"properties":{"id":"7129114414","node_id":"7129114414","type":"highway_exit","lng":114.1709535,"lat":22.2820731}},{"type":"Feature","geometry":{"type":"Point","coordinates":[114.2175382,22.2873421]},"properties":{"id":"317355831","node_id":"317355831","type":"highway_exit","lng":114.2175382,"lat":22.2873421}},{"type":"Feature","geometry":{"type":"Point","coordinates":[114.1760843,22.3756514]},"properties":{"id":"2387502913","node_id":"2387502913","type":"highway_exit","lng":114.1760843,"lat":22.3756514}},{"type":"Feature","geometry":{"type":"Point","coordinates":[114.1572819,22.2872294]},"properties":{"id":"278943556","node_id":"278943556","type":"highway_exit","lng":114.1572819,"lat":22.2872294}},{"type":"Feature","geometry":{"type":"Point","coordinates":[114.2350778,22.2809761]},"properties":{"id":"1653118793","node_id":"1653118793","type":"highway_exit","lng":114.2350778,"lat":22.2809761}},{"type":"Feature","geometry":{"type":"Point","coordinates":[114.1986309,22.376298]},"properties":{"id":"574412618","node_id":"574412618","type":"highway_exit","lng":114.1986309,"lat":22.376298}},{"type":"Feature","geometry":{"type":"Point","coordinates":[114.1782053,22.3059996]},"properties":{"id":"675764045","node_id":"675764045","type":"highway_exit","lng":114.1782053,"lat":22.3059996}},{"type":"Feature","geometry":{"type":"Point","coordinates":[114.1559194,22.2866348]},"properties":{"id":"6190548822","node_id":"6190548822","type":"highway_exit","lng":114.1559194,"lat":22.2866348}},{"type":"Feature","geometry":{"type":"Point","coordinates":[114.11316,22.3297743]},"properties":{"id":"1645492056","node_id":"1645492056","type":"highway_exit","lng":114.11316,"lat":22.3297743}},{"type":"Feature","geometry":{"type":"Point","coordinates":[114.2256637,22.2807992]},"properties":{"id":"1653118809","node_id":"1653118809","type":"highway_exit","lng":114.2256637,"lat":22.2807992}},{"type":"Feature","geometry":{"type":"Point","coordinates":[114.1779356,22.3038962]},"properties":{"id":"675764061","node_id":"675764061","type":"highway_exit","lng":114.1779356,"lat":22.3038962}},{"type":"Feature","geometry":{"type":"Point","coordinates":[114.1484478,22.462828]},"properties":{"id":"5115807594","node_id":"5115807594","type":"highway_exit","lng":114.1484478,"lat":22.462828}},{"type":"Feature","geometry":{"type":"Point","coordinates":[114.070449,22.3733122]},"properties":{"id":"496789357","node_id":"496789357","type":"highway_exit","lng":114.070449,"lat":22.3733122}},{"type":"Feature","geometry":{"type":"Point","coordinates":[114.160527,22.2482511]},"properties":{"id":"291157876","node_id":"291157876","type":"highway_exit","lng":114.160527,"lat":22.2482511}},{"type":"Feature","geometry":{"type":"Point","coordinates":[114.1600929,22.2854832]},"properties":{"id":"365549428","node_id":"365549428","type":"highway_exit","lng":114.1600929,"lat":22.2854832}},{"type":"Feature","geometry":{"type":"Point","coordinates":[113.9327547,22.299499]},"properties":{"id":"11386972024","node_id":"11386972024","type":"highway_exit","lng":113.9327547,"lat":22.299499}},{"type":"Feature","geometry":{"type":"Point","coordinates":[114.1424809,22.3302349]},"properties":{"id":"1645492100","node_id":"1645492100","type":"highway_exit","lng":114.1424809,"lat":22.3302349}},{"type":"Feature","geometry":{"type":"Point","coordinates":[114.20621,22.2925507]},"properties":{"id":"296294277","node_id":"296294277","type":"highway_exit","lng":114.20621,"lat":22.2925507}},{"type":"Feature","geometry":{"type":"Point","coordinates":[114.2081529,22.2930006]},"properties":{"id":"295884684","node_id":"295884684","type":"highway_exit","lng":114.2081529,"lat":22.2930006}},{"type":"Feature","geometry":{"type":"Point","coordinates":[114.178849,22.333987]},"properties":{"id":"394176396","node_id":"394176396","type":"highway_exit","lng":114.178849,"lat":22.333987}},{"type":"Feature","geometry":{"type":"Point","coordinates":[114.1785348,22.3176764]},"properties":{"id":"675264398","node_id":"675264398","type":"highway_exit","lng":114.1785348,"lat":22.3176764}},{"type":"Feature","geometry":{"type":"Point","coordinates":[114.1731503,22.3430211]},"properties":{"id":"3977471887","node_id":"3977471887","type":"highway_exit","lng":114.1731503,"lat":22.3430211}},{"type":"Feature","geometry":{"type":"Point","coordinates":[114.2185853,22.2840194]},"properties":{"id":"7017465744","node_id":"7017465744","type":"highway_exit","lng":114.2185853,"lat":22.2840194}},{"type":"Feature","geometry":{"type":"Point","coordinates":[114.1727301,22.3425938]},"properties":{"id":"3977471889","node_id":"3977471889","type":"highway_exit","lng":114.1727301,"lat":22.3425938}},{"type":"Feature","geometry":{"type":"Point","coordinates":[114.1762061,22.3122734]},"properties":{"id":"6702368661","node_id":"6702368661","type":"highway_exit","lng":114.1762061,"lat":22.3122734}},{"type":"Feature","geometry":{"type":"Point","coordinates":[114.1765887,22.3122461]},"properties":{"id":"6702368663","node_id":"6702368663","type":"highway_exit","lng":114.1765887,"lat":22.3122461}},{"type":"Feature","geometry":{"type":"Point","coordinates":[114.2537395,22.2966013]},"properties":{"id":"5411805083","node_id":"5411805083","type":"highway_exit","lng":114.2537395,"lat":22.2966013}},{"type":"Feature","geometry":{"type":"Point","coordinates":[114.1805167,22.2830323]},"properties":{"id":"2766165915","node_id":"2766165915","type":"highway_exit","lng":114.1805167,"lat":22.2830323}},{"type":"Feature","geometry":{"type":"Point","coordinates":[114.2076527,22.4039444]},"properties":{"id":"2364176287","node_id":"2364176287","type":"highway_exit","lng":114.2076527,"lat":22.4039444}},{"type":"Feature","geometry":{"type":"Point","coordinates":[114.1786806,22.3771307]},"properties":{"id":"1505564578","node_id":"1505564578","type":"highway_exit","lng":114.1786806,"lat":22.3771307}},{"type":"Feature","geometry":{"type":"Point","coordinates":[114.1964148,22.3916103]},"properties":{"id":"366200742","node_id":"366200742","type":"highway_exit","lng":114.1964148,"lat":22.3916103}},{"type":"Feature","geometry":{"type":"Point","coordinates":[114.1850603,22.3427728]},"properties":{"id":"5026822055","node_id":"5026822055","type":"highway_exit","lng":114.1850603,"lat":22.3427728}},{"type":"Feature","geometry":{"type":"Point","coordinates":[114.1690807,22.2823635]},"properties":{"id":"2766165930","node_id":"2766165930","type":"highway_exit","lng":114.1690807,"lat":22.2823635}},{"type":"Feature","geometry":{"type":"Point","coordinates":[114.2050516,22.2928606]},"properties":{"id":"295884715","node_id":"295884715","type":"highway_exit","lng":114.2050516,"lat":22.2928606}},{"type":"Feature","geometry":{"type":"Point","coordinates":[114.2055061,22.3339762]},"properties":{"id":"1688106925","node_id":"1688106925","type":"highway_exit","lng":114.2055061,"lat":22.3339762}},{"type":"Feature","geometry":{"type":"Point","coordinates":[114.2557518,22.2982281]},"properties":{"id":"5411805102","node_id":"5411805102","type":"highway_exit","lng":114.2557518,"lat":22.2982281}},{"type":"Feature","geometry":{"type":"Point","coordinates":[114.2556517,22.2983641]},"properties":{"id":"5411805101","node_id":"5411805101","type":"highway_exit","lng":114.2556517,"lat":22.2983641}},{"type":"Feature","geometry":{"type":"Point","coordinates":[114.0391206,22.4446182]},"properties":{"id":"630888368","node_id":"630888368","type":"highway_exit","lng":114.0391206,"lat":22.4446182}},{"type":"Feature","geometry":{"type":"Point","coordinates":[114.1768632,22.2827101]},"properties":{"id":"2766165937","node_id":"2766165937","type":"highway_exit","lng":114.1768632,"lat":22.2827101}},{"type":"Feature","geometry":{"type":"Point","coordinates":[113.9768933,22.4002343]},"properties":{"id":"274261942","node_id":"274261942","type":"highway_exit","lng":113.9768933,"lat":22.4002343}},{"type":"Feature","geometry":{"type":"Point","coordinates":[113.9771104,22.4013098]},"properties":{"id":"274261943","node_id":"274261943","type":"highway_exit","lng":113.9771104,"lat":22.4013098}},{"type":"Feature","geometry":{"type":"Point","coordinates":[113.9797768,22.4128425]},"properties":{"id":"274261956","node_id":"274261956","type":"highway_exit","lng":113.9797768,"lat":22.4128425}},{"type":"Feature","geometry":{"type":"Point","coordinates":[114.1802678,22.3075185]},"properties":{"id":"6160598984","node_id":"6160598984","type":"highway_exit","lng":114.1802678,"lat":22.3075185}},{"type":"Feature","geometry":{"type":"Point","coordinates":[114.2104077,22.378893]},"properties":{"id":"581285834","node_id":"581285834","type":"highway_exit","lng":114.2104077,"lat":22.378893}},{"type":"Feature","geometry":{"type":"Point","coordinates":[114.217506,22.2891329]},"properties":{"id":"317355979","node_id":"317355979","type":"highway_exit","lng":114.217506,"lat":22.2891329}},{"type":"Feature","geometry":{"type":"Point","coordinates":[114.2049512,22.2928857]},"properties":{"id":"295884756","node_id":"295884756","type":"highway_exit","lng":114.2049512,"lat":22.2928857}},{"type":"Feature","geometry":{"type":"Point","coordinates":[113.937196,22.3071329]},"properties":{"id":"4781758434","node_id":"4781758434","type":"highway_exit","lng":113.937196,"lat":22.3071329}},{"type":"Feature","geometry":{"type":"Point","coordinates":[114.1781895,22.3041189]},"properties":{"id":"675764196","node_id":"675764196","type":"highway_exit","lng":114.1781895,"lat":22.3041189}},{"type":"Feature","geometry":{"type":"Point","coordinates":[114.2237646,22.2819387]},"properties":{"id":"1653118949","node_id":"1653118949","type":"highway_exit","lng":114.2237646,"lat":22.2819387}},{"type":"Feature","geometry":{"type":"Point","coordinates":[114.17793,22.3177521]},"properties":{"id":"675264486","node_id":"675264486","type":"highway_exit","lng":114.17793,"lat":22.3177521}},{"type":"Feature","geometry":{"type":"Point","coordinates":[114.172623,22.3429128]},"properties":{"id":"574302183","node_id":"574302183","type":"highway_exit","lng":114.172623,"lat":22.3429128}},{"type":"Feature","geometry":{"type":"Point","coordinates":[114.1990172,22.3897963]},"properties":{"id":"7947741160","node_id":"7947741160","type":"highway_exit","lng":114.1990172,"lat":22.3897963}},{"type":"Feature","geometry":{"type":"Point","coordinates":[114.1992877,22.3898668]},"properties":{"id":"7947741161","node_id":"7947741161","type":"highway_exit","lng":114.1992877,"lat":22.3898668}},{"type":"Feature","geometry":{"type":"Point","coordinates":[114.1386725,22.3410325]},"properties":{"id":"7727925226","node_id":"7727925226","type":"highway_exit","lng":114.1386725,"lat":22.3410325}},{"type":"Feature","geometry":{"type":"Point","coordinates":[114.1901121,22.384407]},"properties":{"id":"7855040491","node_id":"7855040491","type":"highway_exit","lng":114.1901121,"lat":22.384407}},{"type":"Feature","geometry":{"type":"Point","coordinates":[114.1641175,22.3236062]},"properties":{"id":"4773779436","node_id":"4773779436","type":"highway_exit","lng":114.1641175,"lat":22.3236062}},{"type":"Feature","geometry":{"type":"Point","coordinates":[113.9376541,22.3088873]},"properties":{"id":"4781758443","node_id":"4781758443","type":"highway_exit","lng":113.9376541,"lat":22.3088873}},{"type":"Feature","geometry":{"type":"Point","coordinates":[114.1789154,22.3181676]},"properties":{"id":"675264494","node_id":"675264494","type":"highway_exit","lng":114.1789154,"lat":22.3181676}},{"type":"Feature","geometry":{"type":"Point","coordinates":[114.1897759,22.3847701]},"properties":{"id":"7855040495","node_id":"7855040495","type":"highway_exit","lng":114.1897759,"lat":22.3847701}},{"type":"Feature","geometry":{"type":"Point","coordinates":[114.2229103,22.2827235]},"properties":{"id":"4848191472","node_id":"4848191472","type":"highway_exit","lng":114.2229103,"lat":22.2827235}},{"type":"Feature","geometry":{"type":"Point","coordinates":[114.2152521,22.3192631]},"properties":{"id":"478824434","node_id":"478824434","type":"highway_exit","lng":114.2152521,"lat":22.3192631}},{"type":"Feature","geometry":{"type":"Point","coordinates":[114.1790631,22.3172019]},"properties":{"id":"675264499","node_id":"675264499","type":"highway_exit","lng":114.1790631,"lat":22.3172019}},{"type":"Feature","geometry":{"type":"Point","coordinates":[114.1892342,22.3850022]},"properties":{"id":"7855040501","node_id":"7855040501","type":"highway_exit","lng":114.1892342,"lat":22.3850022}},{"type":"Feature","geometry":{"type":"Point","coordinates":[114.1421087,22.2900829]},"properties":{"id":"525449212","node_id":"525449212","type":"highway_exit","lng":114.1421087,"lat":22.2900829}},{"type":"Feature","geometry":{"type":"Point","coordinates":[114.1122625,22.3314704]},"properties":{"id":"1645492223","node_id":"1645492223","type":"highway_exit","lng":114.1122625,"lat":22.3314704}},{"type":"Feature","geometry":{"type":"Point","coordinates":[114.1454152,22.2885302]},"properties":{"id":"7160662016","node_id":"7160662016","type":"highway_exit","lng":114.1454152,"lat":22.2885302}},{"type":"Feature","geometry":{"type":"Point","coordinates":[113.9989331,22.4418408]},"properties":{"id":"1735280644","node_id":"1735280644","type":"highway_exit","lng":113.9989331,"lat":22.4418408}},{"type":"Feature","geometry":{"type":"Point","coordinates":[114.0850874,22.3535504]},"properties":{"id":"653109256","node_id":"653109256","type":"highway_exit","lng":114.0850874,"lat":22.3535504}},{"type":"Feature","geometry":{"type":"Point","coordinates":[114.2108733,22.3976135]},"properties":{"id":"260139017","node_id":"260139017","type":"highway_exit","lng":114.2108733,"lat":22.3976135}},{"type":"Feature","geometry":{"type":"Point","coordinates":[114.0822008,22.3571759]},"properties":{"id":"2517506057","node_id":"2517506057","type":"highway_exit","lng":114.0822008,"lat":22.3571759}},{"type":"Feature","geometry":{"type":"Point","coordinates":[113.9987041,22.441607]},"properties":{"id":"1735280652","node_id":"1735280652","type":"highway_exit","lng":113.9987041,"lat":22.441607}},{"type":"Feature","geometry":{"type":"Point","coordinates":[114.2096694,22.3910235]},"properties":{"id":"260139021","node_id":"260139021","type":"highway_exit","lng":114.2096694,"lat":22.3910235}},{"type":"Feature","geometry":{"type":"Point","coordinates":[114.1614532,22.3084309]},"properties":{"id":"334649361","node_id":"334649361","type":"highway_exit","lng":114.1614532,"lat":22.3084309}},{"type":"Feature","geometry":{"type":"Point","coordinates":[114.1612583,22.3081133]},"properties":{"id":"334649362","node_id":"334649362","type":"highway_exit","lng":114.1612583,"lat":22.3081133}},{"type":"Feature","geometry":{"type":"Point","coordinates":[114.1738644,22.3706939]},"properties":{"id":"2338322453","node_id":"2338322453","type":"highway_exit","lng":114.1738644,"lat":22.3706939}},{"type":"Feature","geometry":{"type":"Point","coordinates":[114.0864312,22.3507717]},"properties":{"id":"653109269","node_id":"653109269","type":"highway_exit","lng":114.0864312,"lat":22.3507717}},{"type":"Feature","geometry":{"type":"Point","coordinates":[114.1641531,22.3114081]},"properties":{"id":"13108561944","node_id":"13108561944","type":"highway_exit","lng":114.1641531,"lat":22.3114081}},{"type":"Feature","geometry":{"type":"Point","coordinates":[114.1789901,22.3090772]},"properties":{"id":"582596633","node_id":"582596633","type":"highway_exit","lng":114.1789901,"lat":22.3090772}},{"type":"Feature","geometry":{"type":"Point","coordinates":[114.163385,22.3117475]},"properties":{"id":"5436700698","node_id":"5436700698","type":"highway_exit","lng":114.163385,"lat":22.3117475}},{"type":"Feature","geometry":{"type":"Point","coordinates":[114.2343914,22.3015268]},"properties":{"id":"491591707","node_id":"491591707","type":"highway_exit","lng":114.2343914,"lat":22.3015268}},{"type":"Feature","geometry":{"type":"Point","coordinates":[114.2131221,22.4120515]},"properties":{"id":"506177565","node_id":"506177565","type":"highway_exit","lng":114.2131221,"lat":22.4120515}},{"type":"Feature","geometry":{"type":"Point","coordinates":[114.1643935,22.3112112]},"properties":{"id":"5436700706","node_id":"5436700706","type":"highway_exit","lng":114.1643935,"lat":22.3112112}},{"type":"Feature","geometry":{"type":"Point","coordinates":[114.1812076,22.3066487]},"properties":{"id":"582596651","node_id":"582596651","type":"highway_exit","lng":114.1812076,"lat":22.3066487}},{"type":"Feature","geometry":{"type":"Point","coordinates":[114.1814919,22.2819603]},"properties":{"id":"1013426220","node_id":"1013426220","type":"highway_exit","lng":114.1814919,"lat":22.2819603}},{"type":"Feature","geometry":{"type":"Point","coordinates":[114.2330236,22.3072434]},"properties":{"id":"3013851186","node_id":"3013851186","type":"highway_exit","lng":114.2330236,"lat":22.3072434}},{"type":"Feature","geometry":{"type":"Point","coordinates":[114.2087766,22.3816028]},"properties":{"id":"581285940","node_id":"581285940","type":"highway_exit","lng":114.2087766,"lat":22.3816028}},{"type":"Feature","geometry":{"type":"Point","coordinates":[114.1907778,22.2852156]},"properties":{"id":"2718296121","node_id":"2718296121","type":"highway_exit","lng":114.1907778,"lat":22.2852156}},{"type":"Feature","geometry":{"type":"Point","coordinates":[114.1761865,22.3738896]},"properties":{"id":"2666817594","node_id":"2666817594","type":"highway_exit","lng":114.1761865,"lat":22.3738896}},{"type":"Feature","geometry":{"type":"Point","coordinates":[114.2086978,22.3816767]},"properties":{"id":"581285949","node_id":"581285949","type":"highway_exit","lng":114.2086978,"lat":22.3816767}},{"type":"Feature","geometry":{"type":"Point","coordinates":[114.17099,22.25103]},"properties":{"id":"3698862146","node_id":"3698862146","type":"highway_exit","lng":114.17099,"lat":22.25103}},{"type":"Feature","geometry":{"type":"Point","coordinates":[114.1439067,22.3431146]},"properties":{"id":"2716903492","node_id":"2716903492","type":"highway_exit","lng":114.1439067,"lat":22.3431146}},{"type":"Feature","geometry":{"type":"Point","coordinates":[114.2365589,22.3030252]},"properties":{"id":"491591750","node_id":"491591750","type":"highway_exit","lng":114.2365589,"lat":22.3030252}},{"type":"Feature","geometry":{"type":"Point","coordinates":[114.2119927,22.4139643]},"properties":{"id":"7865309264","node_id":"7865309264","type":"highway_exit","lng":114.2119927,"lat":22.4139643}},{"type":"Feature","geometry":{"type":"Point","coordinates":[114.1816905,22.3063265]},"properties":{"id":"582596692","node_id":"582596692","type":"highway_exit","lng":114.1816905,"lat":22.3063265}},{"type":"Feature","geometry":{"type":"Point","coordinates":[114.1829226,22.2820712]},"properties":{"id":"1013426262","node_id":"1013426262","type":"highway_exit","lng":114.1829226,"lat":22.2820712}},{"type":"Feature","geometry":{"type":"Point","coordinates":[114.1745613,22.3731788]},"properties":{"id":"2716903521","node_id":"2716903521","type":"highway_exit","lng":114.1745613,"lat":22.3731788}},{"type":"Feature","geometry":{"type":"Point","coordinates":[114.1815771,22.3450493]},"properties":{"id":"6347429994","node_id":"6347429994","type":"highway_exit","lng":114.1815771,"lat":22.3450493}},{"type":"Feature","geometry":{"type":"Point","coordinates":[114.1670026,22.3093283]},"properties":{"id":"7112890483","node_id":"7112890483","type":"highway_exit","lng":114.1670026,"lat":22.3093283}},{"type":"Feature","geometry":{"type":"Point","coordinates":[114.1843089,22.3657361]},"properties":{"id":"11563554932","node_id":"11563554932","type":"highway_exit","lng":114.1843089,"lat":22.3657361}},{"type":"Feature","geometry":{"type":"Point","coordinates":[114.1251447,22.3539658]},"properties":{"id":"274258040","node_id":"274258040","type":"highway_exit","lng":114.1251447,"lat":22.3539658}},{"type":"Feature","geometry":{"type":"Point","coordinates":[113.9524288,22.3725012]},"properties":{"id":"9720277114","node_id":"9720277114","type":"highway_exit","lng":113.9524288,"lat":22.3725012}},{"type":"Feature","geometry":{"type":"Point","coordinates":[114.2077608,22.2932761]},"properties":{"id":"7235049595","node_id":"7235049595","type":"highway_exit","lng":114.2077608,"lat":22.2932761}},{"type":"Feature","geometry":{"type":"Point","coordinates":[114.2094951,22.2926623]},"properties":{"id":"7235049596","node_id":"7235049596","type":"highway_exit","lng":114.2094951,"lat":22.2926623}},{"type":"Feature","geometry":{"type":"Point","coordinates":[114.212838,22.290456]},"properties":{"id":"7235049597","node_id":"7235049597","type":"highway_exit","lng":114.212838,"lat":22.290456}},{"type":"Feature","geometry":{"type":"Point","coordinates":[114.172147,22.2819637]},"properties":{"id":"6972811390","node_id":"6972811390","type":"highway_exit","lng":114.172147,"lat":22.2819637}},{"type":"Feature","geometry":{"type":"Point","coordinates":[114.2343182,22.3012461]},"properties":{"id":"491591807","node_id":"491591807","type":"highway_exit","lng":114.2343182,"lat":22.3012461}},{"type":"Feature","geometry":{"type":"Point","coordinates":[114.1848576,22.3660901]},"properties":{"id":"11563554940","node_id":"11563554940","type":"highway_exit","lng":114.1848576,"lat":22.3660901}},{"type":"Feature","geometry":{"type":"Point","coordinates":[114.2201544,22.2885497]},"properties":{"id":"7235049604","node_id":"7235049604","type":"highway_exit","lng":114.2201544,"lat":22.2885497}},{"type":"Feature","geometry":{"type":"Point","coordinates":[114.2362977,22.3030455]},"properties":{"id":"491591824","node_id":"491591824","type":"highway_exit","lng":114.2362977,"lat":22.3030455}},{"type":"Feature","geometry":{"type":"Point","coordinates":[114.2542317,22.2960919]},"properties":{"id":"5411805329","node_id":"5411805329","type":"highway_exit","lng":114.2542317,"lat":22.2960919}},{"type":"Feature","geometry":{"type":"Point","coordinates":[114.1798353,22.2817544]},"properties":{"id":"6233602195","node_id":"6233602195","type":"highway_exit","lng":114.1798353,"lat":22.2817544}},{"type":"Feature","geometry":{"type":"Point","coordinates":[113.9331308,22.2988153]},"properties":{"id":"340404371","node_id":"340404371","type":"highway_exit","lng":113.9331308,"lat":22.2988153}},{"type":"Feature","geometry":{"type":"Point","coordinates":[114.1439664,22.3322277]},"properties":{"id":"289335446","node_id":"289335446","type":"highway_exit","lng":114.1439664,"lat":22.3322277}},{"type":"Feature","geometry":{"type":"Point","coordinates":[114.1443929,22.3341276]},"properties":{"id":"289335448","node_id":"289335448","type":"highway_exit","lng":114.1443929,"lat":22.3341276}},{"type":"Feature","geometry":{"type":"Point","coordinates":[114.2091946,22.3934713]},"properties":{"id":"7712774299","node_id":"7712774299","type":"highway_exit","lng":114.2091946,"lat":22.3934713}},{"type":"Feature","geometry":{"type":"Point","coordinates":[114.2093716,22.3181722]},"properties":{"id":"9204787357","node_id":"9204787357","type":"highway_exit","lng":114.2093716,"lat":22.3181722}},{"type":"Feature","geometry":{"type":"Point","coordinates":[114.2085258,22.3937601]},"properties":{"id":"7712774307","node_id":"7712774307","type":"highway_exit","lng":114.2085258,"lat":22.3937601}},{"type":"Feature","geometry":{"type":"Point","coordinates":[114.2027232,22.3995579]},"properties":{"id":"565315750","node_id":"565315750","type":"highway_exit","lng":114.2027232,"lat":22.3995579}},{"type":"Feature","geometry":{"type":"Point","coordinates":[114.2084496,22.3938519]},"properties":{"id":"7712774312","node_id":"7712774312","type":"highway_exit","lng":114.2084496,"lat":22.3938519}},{"type":"Feature","geometry":{"type":"Point","coordinates":[114.2438606,22.3028182]},"properties":{"id":"5411805353","node_id":"5411805353","type":"highway_exit","lng":114.2438606,"lat":22.3028182}},{"type":"Feature","geometry":{"type":"Point","coordinates":[114.20943,22.3947395]},"properties":{"id":"7712774317","node_id":"7712774317","type":"highway_exit","lng":114.20943,"lat":22.3947395}},{"type":"Feature","geometry":{"type":"Point","coordinates":[114.2095782,22.3951254]},"properties":{"id":"7712774320","node_id":"7712774320","type":"highway_exit","lng":114.2095782,"lat":22.3951254}},{"type":"Feature","geometry":{"type":"Point","coordinates":[113.9791169,22.3864429]},"properties":{"id":"546207932","node_id":"546207932","type":"highway_exit","lng":113.9791169,"lat":22.3864429}},{"type":"Feature","geometry":{"type":"Point","coordinates":[113.9507482,22.2905195]},"properties":{"id":"1813780670","node_id":"1813780670","type":"highway_exit","lng":113.9507482,"lat":22.2905195}},{"type":"Feature","geometry":{"type":"Point","coordinates":[114.2222668,22.2836505]},"properties":{"id":"1653119180","node_id":"1653119180","type":"highway_exit","lng":114.2222668,"lat":22.2836505}},{"type":"Feature","geometry":{"type":"Point","coordinates":[114.1624515,22.3098065]},"properties":{"id":"6283851981","node_id":"6283851981","type":"highway_exit","lng":114.1624515,"lat":22.3098065}},{"type":"Feature","geometry":{"type":"Point","coordinates":[113.9399179,22.2923222]},"properties":{"id":"1813780684","node_id":"1813780684","type":"highway_exit","lng":113.9399179,"lat":22.2923222}},{"type":"Feature","geometry":{"type":"Point","coordinates":[114.1458389,22.4598396]},"properties":{"id":"623790287","node_id":"623790287","type":"highway_exit","lng":114.1458389,"lat":22.4598396}},{"type":"Feature","geometry":{"type":"Point","coordinates":[114.2024454,22.3986328]},"properties":{"id":"565315797","node_id":"565315797","type":"highway_exit","lng":114.2024454,"lat":22.3986328}},{"type":"Feature","geometry":{"type":"Point","coordinates":[114.2095085,22.3178319]},"properties":{"id":"9204787414","node_id":"9204787414","type":"highway_exit","lng":114.2095085,"lat":22.3178319}},{"type":"Feature","geometry":{"type":"Point","coordinates":[114.22156,22.2848336]},"properties":{"id":"1653119191","node_id":"1653119191","type":"highway_exit","lng":114.22156,"lat":22.2848336}},{"type":"Feature","geometry":{"type":"Point","coordinates":[113.9395788,22.292577]},"properties":{"id":"1813780693","node_id":"1813780693","type":"highway_exit","lng":113.9395788,"lat":22.292577}},{"type":"Feature","geometry":{"type":"Point","coordinates":[113.9397737,22.2925456]},"properties":{"id":"1813780695","node_id":"1813780695","type":"highway_exit","lng":113.9397737,"lat":22.2925456}},{"type":"Feature","geometry":{"type":"Point","coordinates":[114.0796953,22.5011886]},"properties":{"id":"1492216024","node_id":"1492216024","type":"highway_exit","lng":114.0796953,"lat":22.5011886}},{"type":"Feature","geometry":{"type":"Point","coordinates":[114.1618077,22.2480102]},"properties":{"id":"1683192029","node_id":"1683192029","type":"highway_exit","lng":114.1618077,"lat":22.2480102}},{"type":"Feature","geometry":{"type":"Point","coordinates":[113.9826709,22.4458859]},"properties":{"id":"1735280865","node_id":"1735280865","type":"highway_exit","lng":113.9826709,"lat":22.4458859}},{"type":"Feature","geometry":{"type":"Point","coordinates":[113.9400435,22.2928027]},"properties":{"id":"1813780706","node_id":"1813780706","type":"highway_exit","lng":113.9400435,"lat":22.2928027}},{"type":"Feature","geometry":{"type":"Point","coordinates":[114.0810477,22.5013135]},"properties":{"id":"1492216034","node_id":"1492216034","type":"highway_exit","lng":114.0810477,"lat":22.5013135}},{"type":"Feature","geometry":{"type":"Point","coordinates":[114.0801985,22.5012188]},"properties":{"id":"1492216039","node_id":"1492216039","type":"highway_exit","lng":114.0801985,"lat":22.5012188}},{"type":"Feature","geometry":{"type":"Point","coordinates":[113.982763,22.4459845]},"properties":{"id":"1735280873","node_id":"1735280873","type":"highway_exit","lng":113.982763,"lat":22.4459845}},{"type":"Feature","geometry":{"type":"Point","coordinates":[114.0799353,22.5015123]},"properties":{"id":"1492216045","node_id":"1492216045","type":"highway_exit","lng":114.0799353,"lat":22.5015123}},{"type":"Feature","geometry":{"type":"Point","coordinates":[114.2186215,22.2840756]},"properties":{"id":"278943983","node_id":"278943983","type":"highway_exit","lng":114.2186215,"lat":22.2840756}},{"type":"Feature","geometry":{"type":"Point","coordinates":[114.2248889,22.306917]},"properties":{"id":"991762673","node_id":"991762673","type":"highway_exit","lng":114.2248889,"lat":22.306917}},{"type":"Feature","geometry":{"type":"Point","coordinates":[114.0798524,22.5015735]},"properties":{"id":"1492216050","node_id":"1492216050","type":"highway_exit","lng":114.0798524,"lat":22.5015735}},{"type":"Feature","geometry":{"type":"Point","coordinates":[114.1636579,22.308787]},"properties":{"id":"5299116276","node_id":"5299116276","type":"highway_exit","lng":114.1636579,"lat":22.308787}},{"type":"Feature","geometry":{"type":"Point","coordinates":[114.077493,22.368044]},"properties":{"id":"525269237","node_id":"525269237","type":"highway_exit","lng":114.077493,"lat":22.368044}},{"type":"Feature","geometry":{"type":"Point","coordinates":[114.1564186,22.2848941]},"properties":{"id":"6853986550","node_id":"6853986550","type":"highway_exit","lng":114.1564186,"lat":22.2848941}},{"type":"Feature","geometry":{"type":"Point","coordinates":[114.1615635,22.2485247]},"properties":{"id":"7602198772","node_id":"7602198772","type":"highway_exit","lng":114.1615635,"lat":22.2485247}},{"type":"Feature","geometry":{"type":"Point","coordinates":[113.9746962,22.3010223]},"properties":{"id":"232077561","node_id":"232077561","type":"highway_exit","lng":113.9746962,"lat":22.3010223}},{"type":"Feature","geometry":{"type":"Point","coordinates":[114.2241536,22.3066112]},"properties":{"id":"991762682","node_id":"991762682","type":"highway_exit","lng":114.2241536,"lat":22.3066112}},{"type":"Feature","geometry":{"type":"Point","coordinates":[114.2003554,22.3870717]},"properties":{"id":"581851387","node_id":"581851387","type":"highway_exit","lng":114.2003554,"lat":22.3870717}},{"type":"Feature","geometry":{"type":"Point","coordinates":[114.2008602,22.3868047]},"properties":{"id":"581851390","node_id":"581851390","type":"highway_exit","lng":114.2008602,"lat":22.3868047}},{"type":"Feature","geometry":{"type":"Point","coordinates":[114.2002728,22.3869737]},"properties":{"id":"581851404","node_id":"581851404","type":"highway_exit","lng":114.2002728,"lat":22.3869737}},{"type":"Feature","geometry":{"type":"Point","coordinates":[114.1381282,22.2881323]},"properties":{"id":"1034004752","node_id":"1034004752","type":"highway_exit","lng":114.1381282,"lat":22.2881323}},{"type":"Feature","geometry":{"type":"Point","coordinates":[114.2148531,22.3191095]},"properties":{"id":"478824721","node_id":"478824721","type":"highway_exit","lng":114.2148531,"lat":22.3191095}},{"type":"Feature","geometry":{"type":"Point","coordinates":[114.1853224,22.309346]},"properties":{"id":"582482198","node_id":"582482198","type":"highway_exit","lng":114.1853224,"lat":22.309346}},{"type":"Feature","geometry":{"type":"Point","coordinates":[114.19859,22.3419829]},"properties":{"id":"474728729","node_id":"474728729","type":"highway_exit","lng":114.19859,"lat":22.3419829}},{"type":"Feature","geometry":{"type":"Point","coordinates":[113.9786906,22.3871583]},"properties":{"id":"546203931","node_id":"546203931","type":"highway_exit","lng":113.9786906,"lat":22.3871583}},{"type":"Feature","geometry":{"type":"Point","coordinates":[114.1402544,22.2892705]},"properties":{"id":"356559133","node_id":"356559133","type":"highway_exit","lng":114.1402544,"lat":22.2892705}},{"type":"Feature","geometry":{"type":"Point","coordinates":[114.1793806,22.3171837]},"properties":{"id":"4860320029","node_id":"4860320029","type":"highway_exit","lng":114.1793806,"lat":22.3171837}},{"type":"Feature","geometry":{"type":"Point","coordinates":[114.1423477,22.2897092]},"properties":{"id":"356559137","node_id":"356559137","type":"highway_exit","lng":114.1423477,"lat":22.2897092}},{"type":"Feature","geometry":{"type":"Point","coordinates":[114.1416574,22.2888123]},"properties":{"id":"1034004776","node_id":"1034004776","type":"highway_exit","lng":114.1416574,"lat":22.2888123}},{"type":"Feature","geometry":{"type":"Point","coordinates":[114.2305919,22.2999042]},"properties":{"id":"5412665642","node_id":"5412665642","type":"highway_exit","lng":114.2305919,"lat":22.2999042}},{"type":"Feature","geometry":{"type":"Point","coordinates":[114.1786863,22.4442621]},"properties":{"id":"7238510890","node_id":"7238510890","type":"highway_exit","lng":114.1786863,"lat":22.4442621}},{"type":"Feature","geometry":{"type":"Point","coordinates":[113.9795868,22.4474263]},"properties":{"id":"1735280941","node_id":"1735280941","type":"highway_exit","lng":113.9795868,"lat":22.4474263}},{"type":"Feature","geometry":{"type":"Point","coordinates":[114.1763647,22.4445829]},"properties":{"id":"9651939630","node_id":"9651939630","type":"highway_exit","lng":114.1763647,"lat":22.4445829}},{"type":"Feature","geometry":{"type":"Point","coordinates":[114.1706042,22.2503682]},"properties":{"id":"291158321","node_id":"291158321","type":"highway_exit","lng":114.1706042,"lat":22.2503682}},{"type":"Feature","geometry":{"type":"Point","coordinates":[114.2235258,22.4094928]},"properties":{"id":"286902580","node_id":"286902580","type":"highway_exit","lng":114.2235258,"lat":22.4094928}},{"type":"Feature","geometry":{"type":"Point","coordinates":[114.2323277,22.3025436]},"properties":{"id":"5412665653","node_id":"5412665653","type":"highway_exit","lng":114.2323277,"lat":22.3025436}},{"type":"Feature","geometry":{"type":"Point","coordinates":[114.034974,22.4359991]},"properties":{"id":"7783303476","node_id":"7783303476","type":"highway_exit","lng":114.034974,"lat":22.4359991}},{"type":"Feature","geometry":{"type":"Point","coordinates":[114.2270807,22.2786456]},"properties":{"id":"6040996151","node_id":"6040996151","type":"highway_exit","lng":114.2270807,"lat":22.2786456}},{"type":"Feature","geometry":{"type":"Point","coordinates":[114.1846625,22.3660504]},"properties":{"id":"5041940792","node_id":"5041940792","type":"highway_exit","lng":114.1846625,"lat":22.3660504}},{"type":"Feature","geometry":{"type":"Point","coordinates":[113.9799576,22.4475573]},"properties":{"id":"1735280952","node_id":"1735280952","type":"highway_exit","lng":113.9799576,"lat":22.4475573}},{"type":"Feature","geometry":{"type":"Point","coordinates":[113.9798294,22.4476192]},"properties":{"id":"1735280955","node_id":"1735280955","type":"highway_exit","lng":113.9798294,"lat":22.4476192}},{"type":"Feature","geometry":{"type":"Point","coordinates":[114.2007216,22.4331442]},"properties":{"id":"2671143228","node_id":"2671143228","type":"highway_exit","lng":114.2007216,"lat":22.4331442}},{"type":"Feature","geometry":{"type":"Point","coordinates":[113.9792742,22.4477341]},"properties":{"id":"1735280964","node_id":"1735280964","type":"highway_exit","lng":113.9792742,"lat":22.4477341}},{"type":"Feature","geometry":{"type":"Point","coordinates":[114.205096,22.3305531]},"properties":{"id":"474081604","node_id":"474081604","type":"highway_exit","lng":114.205096,"lat":22.3305531}},{"type":"Feature","geometry":{"type":"Point","coordinates":[114.1523128,22.5480976]},"properties":{"id":"6566050121","node_id":"6566050121","type":"highway_exit","lng":114.1523128,"lat":22.5480976}},{"type":"Feature","geometry":{"type":"Point","coordinates":[114.2131565,22.4102106]},"properties":{"id":"2337065290","node_id":"2337065290","type":"highway_exit","lng":114.2131565,"lat":22.4102106}},{"type":"Feature","geometry":{"type":"Point","coordinates":[114.0841461,22.3538992]},"properties":{"id":"7755888973","node_id":"7755888973","type":"highway_exit","lng":114.0841461,"lat":22.3538992}},{"type":"Feature","geometry":{"type":"Point","coordinates":[114.2122776,22.3169406]},"properties":{"id":"474589520","node_id":"474589520","type":"highway_exit","lng":114.2122776,"lat":22.3169406}},{"type":"Feature","geometry":{"type":"Point","coordinates":[114.2043759,22.3360563]},"properties":{"id":"474081617","node_id":"474081617","type":"highway_exit","lng":114.2043759,"lat":22.3360563}},{"type":"Feature","geometry":{"type":"Point","coordinates":[114.224095,22.3063753]},"properties":{"id":"991762770","node_id":"991762770","type":"highway_exit","lng":114.224095,"lat":22.3063753}},{"type":"Feature","geometry":{"type":"Point","coordinates":[113.9800302,22.4478845]},"properties":{"id":"1735280979","node_id":"1735280979","type":"highway_exit","lng":113.9800302,"lat":22.4478845}},{"type":"Feature","geometry":{"type":"Point","coordinates":[114.1490362,22.4574013]},"properties":{"id":"623790420","node_id":"623790420","type":"highway_exit","lng":114.1490362,"lat":22.4574013}},{"type":"Feature","geometry":{"type":"Point","coordinates":[114.1894376,22.3850084]},"properties":{"id":"12795197782","node_id":"12795197782","type":"highway_exit","lng":114.1894376,"lat":22.3850084}},{"type":"Feature","geometry":{"type":"Point","coordinates":[114.1483813,22.4870555]},"properties":{"id":"6123526490","node_id":"6123526490","type":"highway_exit","lng":114.1483813,"lat":22.4870555}},{"type":"Feature","geometry":{"type":"Point","coordinates":[114.1880619,22.3829253]},"properties":{"id":"1502804316","node_id":"1502804316","type":"highway_exit","lng":114.1880619,"lat":22.3829253}},{"type":"Feature","geometry":{"type":"Point","coordinates":[114.0499145,22.4448111]},"properties":{"id":"600361314","node_id":"600361314","type":"highway_exit","lng":114.0499145,"lat":22.4448111}},{"type":"Feature","geometry":{"type":"Point","coordinates":[114.1785425,22.3270579]},"properties":{"id":"4773263715","node_id":"4773263715","type":"highway_exit","lng":114.1785425,"lat":22.3270579}},{"type":"Feature","geometry":{"type":"Point","coordinates":[113.9793829,22.4482638]},"properties":{"id":"1735280997","node_id":"1735280997","type":"highway_exit","lng":113.9793829,"lat":22.4482638}},{"type":"Feature","geometry":{"type":"Point","coordinates":[114.2000819,22.3406462]},"properties":{"id":"474728810","node_id":"474728810","type":"highway_exit","lng":114.2000819,"lat":22.3406462}},{"type":"Feature","geometry":{"type":"Point","coordinates":[114.1458937,22.2886341]},"properties":{"id":"1034004842","node_id":"1034004842","type":"highway_exit","lng":114.1458937,"lat":22.2886341}},{"type":"Feature","geometry":{"type":"Point","coordinates":[114.1786095,22.3426362]},"properties":{"id":"8685578611","node_id":"8685578611","type":"highway_exit","lng":114.1786095,"lat":22.3426362}},{"type":"Feature","geometry":{"type":"Point","coordinates":[114.1986331,22.3406059]},"properties":{"id":"474728823","node_id":"474728823","type":"highway_exit","lng":114.1986331,"lat":22.3406059}},{"type":"Feature","geometry":{"type":"Point","coordinates":[114.1983599,22.3406694]},"properties":{"id":"474728825","node_id":"474728825","type":"highway_exit","lng":114.1983599,"lat":22.3406694}},{"type":"Feature","geometry":{"type":"Point","coordinates":[114.1994016,22.3781689]},"properties":{"id":"1311402363","node_id":"1311402363","type":"highway_exit","lng":114.1994016,"lat":22.3781689}},{"type":"Feature","geometry":{"type":"Point","coordinates":[114.1982319,22.3406876]},"properties":{"id":"474728827","node_id":"474728827","type":"highway_exit","lng":114.1982319,"lat":22.3406876}},{"type":"Feature","geometry":{"type":"Point","coordinates":[114.2285516,22.3106978]},"properties":{"id":"991762813","node_id":"991762813","type":"highway_exit","lng":114.2285516,"lat":22.3106978}},{"type":"Feature","geometry":{"type":"Point","coordinates":[114.1763422,22.4442437]},"properties":{"id":"9651935613","node_id":"9651935613","type":"highway_exit","lng":114.1763422,"lat":22.4442437}},{"type":"Feature","geometry":{"type":"Point","coordinates":[114.148434,22.2884574]},"properties":{"id":"1034004862","node_id":"1034004862","type":"highway_exit","lng":114.148434,"lat":22.2884574}},{"type":"Feature","geometry":{"type":"Point","coordinates":[114.1998148,22.3780445]},"properties":{"id":"574417291","node_id":"574417291","type":"highway_exit","lng":114.1998148,"lat":22.3780445}},{"type":"Feature","geometry":{"type":"Point","coordinates":[114.1983264,22.3412295]},"properties":{"id":"474728848","node_id":"474728848","type":"highway_exit","lng":114.1983264,"lat":22.3412295}},{"type":"Feature","geometry":{"type":"Point","coordinates":[114.1895551,22.3849309]},"properties":{"id":"1502804370","node_id":"1502804370","type":"highway_exit","lng":114.1895551,"lat":22.3849309}},{"type":"Feature","geometry":{"type":"Point","coordinates":[114.1895746,22.3850512]},"properties":{"id":"1502804371","node_id":"1502804371","type":"highway_exit","lng":114.1895746,"lat":22.3850512}},{"type":"Feature","geometry":{"type":"Point","coordinates":[114.1814094,22.3057987]},"properties":{"id":"10029279641","node_id":"10029279641","type":"highway_exit","lng":114.1814094,"lat":22.3057987}},{"type":"Feature","geometry":{"type":"Point","coordinates":[114.181878,22.5189815]},"properties":{"id":"6472931737","node_id":"6472931737","type":"highway_exit","lng":114.181878,"lat":22.5189815}},{"type":"Feature","geometry":{"type":"Point","coordinates":[114.1818395,22.5192498]},"properties":{"id":"6472931739","node_id":"6472931739","type":"highway_exit","lng":114.1818395,"lat":22.5192498}},{"type":"Feature","geometry":{"type":"Point","coordinates":[114.1649507,22.3105755]},"properties":{"id":"6283852188","node_id":"6283852188","type":"highway_exit","lng":114.1649507,"lat":22.3105755}},{"type":"Feature","geometry":{"type":"Point","coordinates":[114.0347403,22.3359133]},"properties":{"id":"1283156380","node_id":"1283156380","type":"highway_exit","lng":114.0347403,"lat":22.3359133}},{"type":"Feature","geometry":{"type":"Point","coordinates":[113.9590989,22.3122115]},"properties":{"id":"3008907677","node_id":"3008907677","type":"highway_exit","lng":113.9590989,"lat":22.3122115}},{"type":"Feature","geometry":{"type":"Point","coordinates":[114.1980863,22.293206]},"properties":{"id":"597772703","node_id":"597772703","type":"highway_exit","lng":114.1980863,"lat":22.293206}},{"type":"Feature","geometry":{"type":"Point","coordinates":[114.162145,22.3101176]},"properties":{"id":"6283852189","node_id":"6283852189","type":"highway_exit","lng":114.162145,"lat":22.3101176}},{"type":"Feature","geometry":{"type":"Point","coordinates":[114.1769206,22.370158]},"properties":{"id":"439187876","node_id":"439187876","type":"highway_exit","lng":114.1769206,"lat":22.370158}},{"type":"Feature","geometry":{"type":"Point","coordinates":[114.1787439,22.3324254]},"properties":{"id":"1634974118","node_id":"1634974118","type":"highway_exit","lng":114.1787439,"lat":22.3324254}},{"type":"Feature","geometry":{"type":"Point","coordinates":[114.1771751,22.4509022]},"properties":{"id":"631474598","node_id":"631474598","type":"highway_exit","lng":114.1771751,"lat":22.4509022}},{"type":"Feature","geometry":{"type":"Point","coordinates":[114.2363308,22.2792655]},"properties":{"id":"295823782","node_id":"295823782","type":"highway_exit","lng":114.2363308,"lat":22.2792655}},{"type":"Feature","geometry":{"type":"Point","coordinates":[113.9876544,22.4156302]},"properties":{"id":"1272117672","node_id":"1272117672","type":"highway_exit","lng":113.9876544,"lat":22.4156302}},{"type":"Feature","geometry":{"type":"Point","coordinates":[113.9762868,22.4507082]},"properties":{"id":"1735281066","node_id":"1735281066","type":"highway_exit","lng":113.9762868,"lat":22.4507082}},{"type":"Feature","geometry":{"type":"Point","coordinates":[113.9761232,22.4506693]},"properties":{"id":"1735281065","node_id":"1735281065","type":"highway_exit","lng":113.9761232,"lat":22.4506693}},{"type":"Feature","geometry":{"type":"Point","coordinates":[114.1193892,22.3605581]},"properties":{"id":"471288239","node_id":"471288239","type":"highway_exit","lng":114.1193892,"lat":22.3605581}},{"type":"Feature","geometry":{"type":"Point","coordinates":[114.2257937,22.3072893]},"properties":{"id":"991762865","node_id":"991762865","type":"highway_exit","lng":114.2257937,"lat":22.3072893}},{"type":"Feature","geometry":{"type":"Point","coordinates":[114.1217105,22.3571908]},"properties":{"id":"471288243","node_id":"471288243","type":"highway_exit","lng":114.1217105,"lat":22.3571908}},{"type":"Feature","geometry":{"type":"Point","coordinates":[114.0624776,22.3697121]},"properties":{"id":"6062778804","node_id":"6062778804","type":"highway_exit","lng":114.0624776,"lat":22.3697121}},{"type":"Feature","geometry":{"type":"Point","coordinates":[114.2267705,22.2796065]},"properties":{"id":"295823797","node_id":"295823797","type":"highway_exit","lng":114.2267705,"lat":22.2796065}},{"type":"Feature","geometry":{"type":"Point","coordinates":[114.1993151,22.3894384]},"properties":{"id":"1502804406","node_id":"1502804406","type":"highway_exit","lng":114.1993151,"lat":22.3894384}},{"type":"Feature","geometry":{"type":"Point","coordinates":[114.2260848,22.2804618]},"properties":{"id":"1010153912","node_id":"1010153912","type":"highway_exit","lng":114.2260848,"lat":22.2804618}},{"type":"Feature","geometry":{"type":"Point","coordinates":[114.2575852,22.3175836]},"properties":{"id":"7834151353","node_id":"7834151353","type":"highway_exit","lng":114.2575852,"lat":22.3175836}},{"type":"Feature","geometry":{"type":"Point","coordinates":[114.1791017,22.2807517]},"properties":{"id":"1013426619","node_id":"1013426619","type":"highway_exit","lng":114.1791017,"lat":22.2807517}},{"type":"Feature","geometry":{"type":"Point","coordinates":[114.1437417,22.2887141]},"properties":{"id":"7196953019","node_id":"7196953019","type":"highway_exit","lng":114.1437417,"lat":22.2887141}},{"type":"Feature","geometry":{"type":"Point","coordinates":[114.1956373,22.2928793]},"properties":{"id":"597772737","node_id":"597772737","type":"highway_exit","lng":114.1956373,"lat":22.2928793}},{"type":"Feature","geometry":{"type":"Point","coordinates":[114.1638064,22.3092536]},"properties":{"id":"5436701122","node_id":"5436701122","type":"highway_exit","lng":114.1638064,"lat":22.3092536}},{"type":"Feature","geometry":{"type":"Point","coordinates":[114.2246442,22.3060818]},"properties":{"id":"991762883","node_id":"991762883","type":"highway_exit","lng":114.2246442,"lat":22.3060818}},{"type":"Feature","geometry":{"type":"Point","coordinates":[114.1810347,22.3062835]},"properties":{"id":"3676641732","node_id":"3676641732","type":"highway_exit","lng":114.1810347,"lat":22.3062835}},{"type":"Feature","geometry":{"type":"Point","coordinates":[114.1487653,22.46265]},"properties":{"id":"623790531","node_id":"623790531","type":"highway_exit","lng":114.1487653,"lat":22.46265}},{"type":"Feature","geometry":{"type":"Point","coordinates":[113.9840556,22.4152442]},"properties":{"id":"1272117702","node_id":"1272117702","type":"highway_exit","lng":113.9840556,"lat":22.4152442}},{"type":"Feature","geometry":{"type":"Point","coordinates":[114.1639881,22.310754]},"properties":{"id":"5436701127","node_id":"5436701127","type":"highway_exit","lng":114.1639881,"lat":22.310754}},{"type":"Feature","geometry":{"type":"Point","coordinates":[113.9763253,22.3947754]},"properties":{"id":"1711045063","node_id":"1711045063","type":"highway_exit","lng":113.9763253,"lat":22.3947754}},{"type":"Feature","geometry":{"type":"Point","coordinates":[114.158973,22.3038723]},"properties":{"id":"8739539401","node_id":"8739539401","type":"highway_exit","lng":114.158973,"lat":22.3038723}},{"type":"Feature","geometry":{"type":"Point","coordinates":[114.1501649,22.4655471]},"properties":{"id":"623790537","node_id":"623790537","type":"highway_exit","lng":114.1501649,"lat":22.4655471}},{"type":"Feature","geometry":{"type":"Point","coordinates":[114.1192726,22.360372]},"properties":{"id":"274258383","node_id":"274258383","type":"highway_exit","lng":114.1192726,"lat":22.360372}},{"type":"Feature","geometry":{"type":"Point","coordinates":[113.9479858,22.2891386]},"properties":{"id":"340408784","node_id":"340408784","type":"highway_exit","lng":113.9479858,"lat":22.2891386}},{"type":"Feature","geometry":{"type":"Point","coordinates":[114.1561906,22.2861517]},"properties":{"id":"274242007","node_id":"274242007","type":"highway_exit","lng":114.1561906,"lat":22.2861517}},{"type":"Feature","geometry":{"type":"Point","coordinates":[113.9478451,22.2899616]},"properties":{"id":"340408793","node_id":"340408793","type":"highway_exit","lng":113.9478451,"lat":22.2899616}},{"type":"Feature","geometry":{"type":"Point","coordinates":[114.2364239,22.303211]},"properties":{"id":"10253515229","node_id":"10253515229","type":"highway_exit","lng":114.2364239,"lat":22.303211}},{"type":"Feature","geometry":{"type":"Point","coordinates":[114.2109736,22.3815056]},"properties":{"id":"581286372","node_id":"581286372","type":"highway_exit","lng":114.2109736,"lat":22.3815056}},{"type":"Feature","geometry":{"type":"Point","coordinates":[114.238844,22.2713533]},"properties":{"id":"295823846","node_id":"295823846","type":"highway_exit","lng":114.238844,"lat":22.2713533}},{"type":"Feature","geometry":{"type":"Point","coordinates":[114.196067,22.2931127]},"properties":{"id":"597772775","node_id":"597772775","type":"highway_exit","lng":114.196067,"lat":22.2931127}},{"type":"Feature","geometry":{"type":"Point","coordinates":[113.9827211,22.414619]},"properties":{"id":"1735277032","node_id":"1735277032","type":"highway_exit","lng":113.9827211,"lat":22.414619}},{"type":"Feature","geometry":{"type":"Point","coordinates":[113.9823624,22.415631]},"properties":{"id":"1272117740","node_id":"1272117740","type":"highway_exit","lng":113.9823624,"lat":22.415631}},{"type":"Feature","geometry":{"type":"Point","coordinates":[114.1381586,22.3330616]},"properties":{"id":"1645492717","node_id":"1645492717","type":"highway_exit","lng":114.1381586,"lat":22.3330616}},{"type":"Feature","geometry":{"type":"Point","coordinates":[114.2395151,22.3148546]},"properties":{"id":"496511470","node_id":"496511470","type":"highway_exit","lng":114.2395151,"lat":22.3148546}},{"type":"Feature","geometry":{"type":"Point","coordinates":[114.20219,22.3974051]},"properties":{"id":"2616048110","node_id":"2616048110","type":"highway_exit","lng":114.20219,"lat":22.3974051}},{"type":"Feature","geometry":{"type":"Point","coordinates":[114.1442061,22.3313701]},"properties":{"id":"289335789","node_id":"289335789","type":"highway_exit","lng":114.1442061,"lat":22.3313701}},{"type":"Feature","geometry":{"type":"Point","coordinates":[114.1984358,22.3410916]},"properties":{"id":"474728946","node_id":"474728946","type":"highway_exit","lng":114.1984358,"lat":22.3410916}},{"type":"Feature","geometry":{"type":"Point","coordinates":[114.1896699,22.3846563]},"properties":{"id":"9083619827","node_id":"9083619827","type":"highway_exit","lng":114.1896699,"lat":22.3846563}},{"type":"Feature","geometry":{"type":"Point","coordinates":[114.0394891,22.4414609]},"properties":{"id":"1607662067","node_id":"1607662067","type":"highway_exit","lng":114.0394891,"lat":22.4414609}},{"type":"Feature","geometry":{"type":"Point","coordinates":[114.1887977,22.3836665]},"properties":{"id":"9083619829","node_id":"9083619829","type":"highway_exit","lng":114.1887977,"lat":22.3836665}},{"type":"Feature","geometry":{"type":"Point","coordinates":[114.1441208,22.3409371]},"properties":{"id":"5070301684","node_id":"5070301684","type":"highway_exit","lng":114.1441208,"lat":22.3409371}},{"type":"Feature","geometry":{"type":"Point","coordinates":[114.1990716,22.3782601]},"properties":{"id":"574417403","node_id":"574417403","type":"highway_exit","lng":114.1990716,"lat":22.3782601}},{"type":"Feature","geometry":{"type":"Point","coordinates":[114.1896349,22.384876]},"properties":{"id":"9083619835","node_id":"9083619835","type":"highway_exit","lng":114.1896349,"lat":22.384876}},{"type":"Feature","geometry":{"type":"Point","coordinates":[114.1897215,22.384714]},"properties":{"id":"9083619836","node_id":"9083619836","type":"highway_exit","lng":114.1897215,"lat":22.384714}},{"type":"Feature","geometry":{"type":"Point","coordinates":[114.1389287,22.3335268]},"properties":{"id":"1645492731","node_id":"1645492731","type":"highway_exit","lng":114.1389287,"lat":22.3335268}},{"type":"Feature","geometry":{"type":"Point","coordinates":[114.153933,22.4769563]},"properties":{"id":"623790594","node_id":"623790594","type":"highway_exit","lng":114.153933,"lat":22.4769563}},{"type":"Feature","geometry":{"type":"Point","coordinates":[114.2242998,22.3061443]},"properties":{"id":"991762948","node_id":"991762948","type":"highway_exit","lng":114.2242998,"lat":22.3061443}},{"type":"Feature","geometry":{"type":"Point","coordinates":[114.1896308,22.3848055]},"properties":{"id":"9083619844","node_id":"9083619844","type":"highway_exit","lng":114.1896308,"lat":22.3848055}},{"type":"Feature","geometry":{"type":"Point","coordinates":[114.1459821,22.2887618]},"properties":{"id":"1034004998","node_id":"1034004998","type":"highway_exit","lng":114.1459821,"lat":22.2887618}},{"type":"Feature","geometry":{"type":"Point","coordinates":[114.1383579,22.3336667]},"properties":{"id":"1645492740","node_id":"1645492740","type":"highway_exit","lng":114.1383579,"lat":22.3336667}},{"type":"Feature","geometry":{"type":"Point","coordinates":[114.1181633,22.3500093]},"properties":{"id":"5071940101","node_id":"5071940101","type":"highway_exit","lng":114.1181633,"lat":22.3500093}},{"type":"Feature","geometry":{"type":"Point","coordinates":[114.1815053,22.3448865]},"properties":{"id":"2614782477","node_id":"2614782477","type":"highway_exit","lng":114.1815053,"lat":22.3448865}},{"type":"Feature","geometry":{"type":"Point","coordinates":[114.1491227,22.486515]},"properties":{"id":"623790606","node_id":"623790606","type":"highway_exit","lng":114.1491227,"lat":22.486515}},{"type":"Feature","geometry":{"type":"Point","coordinates":[114.2050218,22.3321337]},"properties":{"id":"474081808","node_id":"474081808","type":"highway_exit","lng":114.2050218,"lat":22.3321337}},{"type":"Feature","geometry":{"type":"Point","coordinates":[114.1461586,22.4876141]},"properties":{"id":"623790611","node_id":"623790611","type":"highway_exit","lng":114.1461586,"lat":22.4876141}},{"type":"Feature","geometry":{"type":"Point","coordinates":[114.23216,22.3110664]},"properties":{"id":"2160507423","node_id":"2160507423","type":"highway_exit","lng":114.23216,"lat":22.3110664}},{"type":"Feature","geometry":{"type":"Point","coordinates":[114.1186423,22.3633347]},"properties":{"id":"1273104935","node_id":"1273104935","type":"highway_exit","lng":114.1186423,"lat":22.3633347}},{"type":"Feature","geometry":{"type":"Point","coordinates":[113.9763605,22.4016048]},"properties":{"id":"1711045162","node_id":"1711045162","type":"highway_exit","lng":113.9763605,"lat":22.4016048}},{"type":"Feature","geometry":{"type":"Point","coordinates":[114.1085706,22.3334627]},"properties":{"id":"1645492784","node_id":"1645492784","type":"highway_exit","lng":114.1085706,"lat":22.3334627}},{"type":"Feature","geometry":{"type":"Point","coordinates":[114.2052164,22.3331868]},"properties":{"id":"474081845","node_id":"474081845","type":"highway_exit","lng":114.2052164,"lat":22.3331868}},{"type":"Feature","geometry":{"type":"Point","coordinates":[114.1982365,22.2934813]},"properties":{"id":"597772867","node_id":"597772867","type":"highway_exit","lng":114.1982365,"lat":22.2934813}},{"type":"Feature","geometry":{"type":"Point","coordinates":[114.175646,22.3749853]},"properties":{"id":"1311402563","node_id":"1311402563","type":"highway_exit","lng":114.175646,"lat":22.3749853}},{"type":"Feature","geometry":{"type":"Point","coordinates":[114.1817407,22.3440776]},"properties":{"id":"568101445","node_id":"568101445","type":"highway_exit","lng":114.1817407,"lat":22.3440776}},{"type":"Feature","geometry":{"type":"Point","coordinates":[114.2080061,22.3344052]},"properties":{"id":"474384968","node_id":"474384968","type":"highway_exit","lng":114.2080061,"lat":22.3344052}},{"type":"Feature","geometry":{"type":"Point","coordinates":[114.2083002,22.3345388]},"properties":{"id":"474384971","node_id":"474384971","type":"highway_exit","lng":114.2083002,"lat":22.3345388}},{"type":"Feature","geometry":{"type":"Point","coordinates":[114.1418833,22.3322733]},"properties":{"id":"289335887","node_id":"289335887","type":"highway_exit","lng":114.1418833,"lat":22.3322733}},{"type":"Feature","geometry":{"type":"Point","coordinates":[114.1773155,22.3767772]},"properties":{"id":"1311402575","node_id":"1311402575","type":"highway_exit","lng":114.1773155,"lat":22.3767772}},{"type":"Feature","geometry":{"type":"Point","coordinates":[114.1459914,22.4856901]},"properties":{"id":"623790671","node_id":"623790671","type":"highway_exit","lng":114.1459914,"lat":22.4856901}},{"type":"Feature","geometry":{"type":"Point","coordinates":[113.9427528,22.2901224]},"properties":{"id":"340326996","node_id":"340326996","type":"highway_exit","lng":113.9427528,"lat":22.2901224}},{"type":"Feature","geometry":{"type":"Point","coordinates":[114.2041351,22.3350293]},"properties":{"id":"474081882","node_id":"474081882","type":"highway_exit","lng":114.2041351,"lat":22.3350293}},{"type":"Feature","geometry":{"type":"Point","coordinates":[114.1532127,22.2869839]},"properties":{"id":"5633165916","node_id":"5633165916","type":"highway_exit","lng":114.1532127,"lat":22.2869839}},{"type":"Feature","geometry":{"type":"Point","coordinates":[114.1896381,22.2873399]},"properties":{"id":"8507558498","node_id":"8507558498","type":"highway_exit","lng":114.1896381,"lat":22.2873399}},{"type":"Feature","geometry":{"type":"Point","coordinates":[113.9415652,22.2903956]},"properties":{"id":"340327011","node_id":"340327011","type":"highway_exit","lng":113.9415652,"lat":22.2903956}},{"type":"Feature","geometry":{"type":"Point","coordinates":[114.1989462,22.3412922]},"properties":{"id":"275810915","node_id":"275810915","type":"highway_exit","lng":114.1989462,"lat":22.3412922}},{"type":"Feature","geometry":{"type":"Point","coordinates":[113.9577358,22.3121114]},"properties":{"id":"4783278696","node_id":"4783278696","type":"highway_exit","lng":113.9577358,"lat":22.3121114}},{"type":"Feature","geometry":{"type":"Point","coordinates":[114.1967601,22.3416498]},"properties":{"id":"275810920","node_id":"275810920","type":"highway_exit","lng":114.1967601,"lat":22.3416498}},{"type":"Feature","geometry":{"type":"Point","coordinates":[114.2025976,22.3987952]},"properties":{"id":"2616048232","node_id":"2616048232","type":"highway_exit","lng":114.2025976,"lat":22.3987952}},{"type":"Feature","geometry":{"type":"Point","coordinates":[114.1416417,22.3318953]},"properties":{"id":"2869836395","node_id":"2869836395","type":"highway_exit","lng":114.1416417,"lat":22.3318953}},{"type":"Feature","geometry":{"type":"Point","coordinates":[113.9932476,22.4205356]},"properties":{"id":"1272093299","node_id":"1272093299","type":"highway_exit","lng":113.9932476,"lat":22.4205356}},{"type":"Feature","geometry":{"type":"Point","coordinates":[113.9539016,22.3124496]},"properties":{"id":"4783278708","node_id":"4783278708","type":"highway_exit","lng":113.9539016,"lat":22.3124496}},{"type":"Feature","geometry":{"type":"Point","coordinates":[113.9778992,22.3032836]},"properties":{"id":"7183776374","node_id":"7183776374","type":"highway_exit","lng":113.9778992,"lat":22.3032836}},{"type":"Feature","geometry":{"type":"Point","coordinates":[114.2210572,22.2878979]},"properties":{"id":"2941442681","node_id":"2941442681","type":"highway_exit","lng":114.2210572,"lat":22.2878979}},{"type":"Feature","geometry":{"type":"Point","coordinates":[114.1820802,22.3441023]},"properties":{"id":"568101498","node_id":"568101498","type":"highway_exit","lng":114.1820802,"lat":22.3441023}},{"type":"Feature","geometry":{"type":"Point","coordinates":[114.0623137,22.3692372]},"properties":{"id":"7775824505","node_id":"7775824505","type":"highway_exit","lng":114.0623137,"lat":22.3692372}},{"type":"Feature","geometry":{"type":"Point","coordinates":[114.180812,22.3652326]},"properties":{"id":"2614782591","node_id":"2614782591","type":"highway_exit","lng":114.180812,"lat":22.3652326}},{"type":"Feature","geometry":{"type":"Point","coordinates":[113.9392537,22.2917474]},"properties":{"id":"340327043","node_id":"340327043","type":"highway_exit","lng":113.9392537,"lat":22.2917474}},{"type":"Feature","geometry":{"type":"Point","coordinates":[113.9521332,22.3139705]},"properties":{"id":"4784364166","node_id":"4784364166","type":"highway_exit","lng":113.9521332,"lat":22.3139705}},{"type":"Feature","geometry":{"type":"Point","coordinates":[113.9811913,22.4143126]},"properties":{"id":"1272117895","node_id":"1272117895","type":"highway_exit","lng":113.9811913,"lat":22.4143126}},{"type":"Feature","geometry":{"type":"Point","coordinates":[113.9387965,22.2916522]},"properties":{"id":"340327047","node_id":"340327047","type":"highway_exit","lng":113.9387965,"lat":22.2916522}},{"type":"Feature","geometry":{"type":"Point","coordinates":[114.220979,22.2852275]},"properties":{"id":"278944406","node_id":"278944406","type":"highway_exit","lng":114.220979,"lat":22.2852275}},{"type":"Feature","geometry":{"type":"Point","coordinates":[114.1842255,22.3093194]},"properties":{"id":"582486679","node_id":"582486679","type":"highway_exit","lng":114.1842255,"lat":22.3093194}},{"type":"Feature","geometry":{"type":"Point","coordinates":[114.1463802,22.4883757]},"properties":{"id":"623790745","node_id":"623790745","type":"highway_exit","lng":114.1463802,"lat":22.4883757}},{"type":"Feature","geometry":{"type":"Point","coordinates":[114.1827983,22.2820547]},"properties":{"id":"11085814432","node_id":"11085814432","type":"highway_exit","lng":114.1827983,"lat":22.2820547}},{"type":"Feature","geometry":{"type":"Point","coordinates":[114.1759936,22.3066443]},"properties":{"id":"4493621922","node_id":"4493621922","type":"highway_exit","lng":114.1759936,"lat":22.3066443}},{"type":"Feature","geometry":{"type":"Point","coordinates":[114.1346456,22.3353615]},"properties":{"id":"1645492900","node_id":"1645492900","type":"highway_exit","lng":114.1346456,"lat":22.3353615}},{"type":"Feature","geometry":{"type":"Point","coordinates":[114.1405539,22.2902365]},"properties":{"id":"232200869","node_id":"232200869","type":"highway_exit","lng":114.1405539,"lat":22.2902365}},{"type":"Feature","geometry":{"type":"Point","coordinates":[114.1089024,22.3700779]},"properties":{"id":"7651596964","node_id":"7651596964","type":"highway_exit","lng":114.1089024,"lat":22.3700779}},{"type":"Feature","geometry":{"type":"Point","coordinates":[114.1082393,22.3699387]},"properties":{"id":"7651596966","node_id":"7651596966","type":"highway_exit","lng":114.1082393,"lat":22.3699387}},{"type":"Feature","geometry":{"type":"Point","coordinates":[114.1781885,22.3257053]},"properties":{"id":"1140062891","node_id":"1140062891","type":"highway_exit","lng":114.1781885,"lat":22.3257053}},{"type":"Feature","geometry":{"type":"Point","coordinates":[114.1460974,22.4863034]},"properties":{"id":"623790764","node_id":"623790764","type":"highway_exit","lng":114.1460974,"lat":22.4863034}},{"type":"Feature","geometry":{"type":"Point","coordinates":[114.2187882,22.2839285]},"properties":{"id":"5145668270","node_id":"5145668270","type":"highway_exit","lng":114.2187882,"lat":22.2839285}},{"type":"Feature","geometry":{"type":"Point","coordinates":[114.2185029,22.2838837]},"properties":{"id":"5145668271","node_id":"5145668271","type":"highway_exit","lng":114.2185029,"lat":22.2838837}},{"type":"Feature","geometry":{"type":"Point","coordinates":[114.2028292,22.2940849]},"properties":{"id":"281676469","node_id":"281676469","type":"highway_exit","lng":114.2028292,"lat":22.2940849}},{"type":"Feature","geometry":{"type":"Point","coordinates":[113.9513355,22.313616]},"properties":{"id":"4728064701","node_id":"4728064701","type":"highway_exit","lng":113.9513355,"lat":22.313616}},{"type":"Feature","geometry":{"type":"Point","coordinates":[114.1472926,22.4874839]},"properties":{"id":"623790781","node_id":"623790781","type":"highway_exit","lng":114.1472926,"lat":22.4874839}},{"type":"Feature","geometry":{"type":"Point","coordinates":[113.9483207,22.3141975]},"properties":{"id":"4728064703","node_id":"4728064703","type":"highway_exit","lng":113.9483207,"lat":22.3141975}},{"type":"Feature","geometry":{"type":"Point","coordinates":[114.1462463,22.4877338]},"properties":{"id":"623790785","node_id":"623790785","type":"highway_exit","lng":114.1462463,"lat":22.4877338}},{"type":"Feature","geometry":{"type":"Point","coordinates":[114.0885802,22.3470534]},"properties":{"id":"525273794","node_id":"525273794","type":"highway_exit","lng":114.0885802,"lat":22.3470534}},{"type":"Feature","geometry":{"type":"Point","coordinates":[113.9616984,22.3084597]},"properties":{"id":"4728064707","node_id":"4728064707","type":"highway_exit","lng":113.9616984,"lat":22.3084597}},{"type":"Feature","geometry":{"type":"Point","coordinates":[113.9778235,22.3034161]},"properties":{"id":"2291194568","node_id":"2291194568","type":"highway_exit","lng":113.9778235,"lat":22.3034161}},{"type":"Feature","geometry":{"type":"Point","coordinates":[114.0452897,22.4489212]},"properties":{"id":"600345291","node_id":"600345291","type":"highway_exit","lng":114.0452897,"lat":22.4489212}},{"type":"Feature","geometry":{"type":"Point","coordinates":[114.1679327,22.4399473]},"properties":{"id":"631474894","node_id":"631474894","type":"highway_exit","lng":114.1679327,"lat":22.4399473}},{"type":"Feature","geometry":{"type":"Point","coordinates":[114.1784192,22.3251361]},"properties":{"id":"1140062928","node_id":"1140062928","type":"highway_exit","lng":114.1784192,"lat":22.3251361}},{"type":"Feature","geometry":{"type":"Point","coordinates":[113.9537897,22.3118797]},"properties":{"id":"4728064721","node_id":"4728064721","type":"highway_exit","lng":113.9537897,"lat":22.3118797}},{"type":"Feature","geometry":{"type":"Point","coordinates":[114.1806577,22.3067338]},"properties":{"id":"582593236","node_id":"582593236","type":"highway_exit","lng":114.1806577,"lat":22.3067338}},{"type":"Feature","geometry":{"type":"Point","coordinates":[114.1606472,22.3075809]},"properties":{"id":"5104147159","node_id":"5104147159","type":"highway_exit","lng":114.1606472,"lat":22.3075809}},{"type":"Feature","geometry":{"type":"Point","coordinates":[113.9877106,22.4197222]},"properties":{"id":"1272093400","node_id":"1272093400","type":"highway_exit","lng":113.9877106,"lat":22.4197222}},{"type":"Feature","geometry":{"type":"Point","coordinates":[114.1077724,22.3344197]},"properties":{"id":"598457054","node_id":"598457054","type":"highway_exit","lng":114.1077724,"lat":22.3344197}},{"type":"Feature","geometry":{"type":"Point","coordinates":[114.174047,22.4447863]},"properties":{"id":"631474913","node_id":"631474913","type":"highway_exit","lng":114.174047,"lat":22.4447863}},{"type":"Feature","geometry":{"type":"Point","coordinates":[114.1436677,22.3363087]},"properties":{"id":"1645492962","node_id":"1645492962","type":"highway_exit","lng":114.1436677,"lat":22.3363087}},{"type":"Feature","geometry":{"type":"Point","coordinates":[114.1801415,22.3061071]},"properties":{"id":"582593262","node_id":"582593262","type":"highway_exit","lng":114.1801415,"lat":22.3061071}},{"type":"Feature","geometry":{"type":"Point","coordinates":[114.2300196,22.2803571]},"properties":{"id":"295824117","node_id":"295824117","type":"highway_exit","lng":114.2300196,"lat":22.2803571}},{"type":"Feature","geometry":{"type":"Point","coordinates":[114.1518756,22.5490774]},"properties":{"id":"5210766069","node_id":"5210766069","type":"highway_exit","lng":114.1518756,"lat":22.5490774}},{"type":"Feature","geometry":{"type":"Point","coordinates":[114.1520924,22.5491294]},"properties":{"id":"5210766074","node_id":"5210766074","type":"highway_exit","lng":114.1520924,"lat":22.5491294}},{"type":"Feature","geometry":{"type":"Point","coordinates":[113.9361714,22.2968796]},"properties":{"id":"1831721728","node_id":"1831721728","type":"highway_exit","lng":113.9361714,"lat":22.2968796}},{"type":"Feature","geometry":{"type":"Point","coordinates":[114.2222164,22.2836123]},"properties":{"id":"2694757125","node_id":"2694757125","type":"highway_exit","lng":114.2222164,"lat":22.2836123}},{"type":"Feature","geometry":{"type":"Point","coordinates":[114.2121153,22.3990152]},"properties":{"id":"260139782","node_id":"260139782","type":"highway_exit","lng":114.2121153,"lat":22.3990152}},{"type":"Feature","geometry":{"type":"Point","coordinates":[114.2216278,22.3067098]},"properties":{"id":"253020938","node_id":"253020938","type":"highway_exit","lng":114.2216278,"lat":22.3067098}},{"type":"Feature","geometry":{"type":"Point","coordinates":[114.1808046,22.3070679]},"properties":{"id":"582593293","node_id":"582593293","type":"highway_exit","lng":114.1808046,"lat":22.3070679}},{"type":"Feature","geometry":{"type":"Point","coordinates":[114.1843551,22.3429436]},"properties":{"id":"568101646","node_id":"568101646","type":"highway_exit","lng":114.1843551,"lat":22.3429436}},{"type":"Feature","geometry":{"type":"Point","coordinates":[113.9446661,22.3135199]},"properties":{"id":"4783061776","node_id":"4783061776","type":"highway_exit","lng":113.9446661,"lat":22.3135199}},{"type":"Feature","geometry":{"type":"Point","coordinates":[114.2651733,22.3117567]},"properties":{"id":"308726545","node_id":"308726545","type":"highway_exit","lng":114.2651733,"lat":22.3117567}},{"type":"Feature","geometry":{"type":"Point","coordinates":[114.1769549,22.4501426]},"properties":{"id":"631474962","node_id":"631474962","type":"highway_exit","lng":114.1769549,"lat":22.4501426}},{"type":"Feature","geometry":{"type":"Point","coordinates":[113.9818017,22.4173834]},"properties":{"id":"473393936","node_id":"473393936","type":"highway_exit","lng":113.9818017,"lat":22.4173834}},{"type":"Feature","geometry":{"type":"Point","coordinates":[114.1770508,22.4509137]},"properties":{"id":"631474963","node_id":"631474963","type":"highway_exit","lng":114.1770508,"lat":22.4509137}},{"type":"Feature","geometry":{"type":"Point","coordinates":[114.1199347,22.3754108]},"properties":{"id":"5691525911","node_id":"5691525911","type":"highway_exit","lng":114.1199347,"lat":22.3754108}},{"type":"Feature","geometry":{"type":"Point","coordinates":[114.1839619,22.341651]},"properties":{"id":"568101671","node_id":"568101671","type":"highway_exit","lng":114.1839619,"lat":22.341651}},{"type":"Feature","geometry":{"type":"Point","coordinates":[113.9484317,22.3150727]},"properties":{"id":"7682943785","node_id":"7682943785","type":"highway_exit","lng":113.9484317,"lat":22.3150727}},{"type":"Feature","geometry":{"type":"Point","coordinates":[114.1808302,22.3441362]},"properties":{"id":"568142635","node_id":"568142635","type":"highway_exit","lng":114.1808302,"lat":22.3441362}},{"type":"Feature","geometry":{"type":"Point","coordinates":[114.1989862,22.3216312]},"properties":{"id":"4945918763","node_id":"4945918763","type":"highway_exit","lng":114.1989862,"lat":22.3216312}},{"type":"Feature","geometry":{"type":"Point","coordinates":[114.1541798,22.4766955]},"properties":{"id":"7831239468","node_id":"7831239468","type":"highway_exit","lng":114.1541798,"lat":22.4766955}},{"type":"Feature","geometry":{"type":"Point","coordinates":[114.2049675,22.3330442]},"properties":{"id":"474082095","node_id":"474082095","type":"highway_exit","lng":114.2049675,"lat":22.3330442}},{"type":"Feature","geometry":{"type":"Point","coordinates":[114.1834867,22.3434606]},"properties":{"id":"568101680","node_id":"568101680","type":"highway_exit","lng":114.1834867,"lat":22.3434606}},{"type":"Feature","geometry":{"type":"Point","coordinates":[114.1805856,22.3070256]},"properties":{"id":"582593329","node_id":"582593329","type":"highway_exit","lng":114.1805856,"lat":22.3070256}},{"type":"Feature","geometry":{"type":"Point","coordinates":[114.1990761,22.3896444]},"properties":{"id":"1311402804","node_id":"1311402804","type":"highway_exit","lng":114.1990761,"lat":22.3896444}},{"type":"Feature","geometry":{"type":"Point","coordinates":[114.1505222,22.465654]},"properties":{"id":"623790900","node_id":"623790900","type":"highway_exit","lng":114.1505222,"lat":22.465654}},{"type":"Feature","geometry":{"type":"Point","coordinates":[114.1515288,22.4856436]},"properties":{"id":"11246803764","node_id":"11246803764","type":"highway_exit","lng":114.1515288,"lat":22.4856436}},{"type":"Feature","geometry":{"type":"Point","coordinates":[114.1647406,22.3416625]},"properties":{"id":"482016065","node_id":"482016065","type":"highway_exit","lng":114.1647406,"lat":22.3416625}},{"type":"Feature","geometry":{"type":"Point","coordinates":[114.2640674,22.3131065]},"properties":{"id":"308726593","node_id":"308726593","type":"highway_exit","lng":114.2640674,"lat":22.3131065}},{"type":"Feature","geometry":{"type":"Point","coordinates":[113.9352075,22.2993443]},"properties":{"id":"1831721795","node_id":"1831721795","type":"highway_exit","lng":113.9352075,"lat":22.2993443}},{"type":"Feature","geometry":{"type":"Point","coordinates":[114.2616609,22.3148117]},"properties":{"id":"308726596","node_id":"308726596","type":"highway_exit","lng":114.2616609,"lat":22.3148117}},{"type":"Feature","geometry":{"type":"Point","coordinates":[114.1352674,22.3367145]},"properties":{"id":"1645493057","node_id":"1645493057","type":"highway_exit","lng":114.1352674,"lat":22.3367145}},{"type":"Feature","geometry":{"type":"Point","coordinates":[114.1843982,22.3437114]},"properties":{"id":"568101705","node_id":"568101705","type":"highway_exit","lng":114.1843982,"lat":22.3437114}},{"type":"Feature","geometry":{"type":"Point","coordinates":[114.1846256,22.3436477]},"properties":{"id":"568101706","node_id":"568101706","type":"highway_exit","lng":114.1846256,"lat":22.3436477}},{"type":"Feature","geometry":{"type":"Point","coordinates":[114.0332964,22.4346395]},"properties":{"id":"318606154","node_id":"318606154","type":"highway_exit","lng":114.0332964,"lat":22.4346395}},{"type":"Feature","geometry":{"type":"Point","coordinates":[114.1145708,22.3648916]},"properties":{"id":"274258761","node_id":"274258761","type":"highway_exit","lng":114.1145708,"lat":22.3648916}},{"type":"Feature","geometry":{"type":"Point","coordinates":[114.2084352,22.331635]},"properties":{"id":"5836737360","node_id":"5836737360","type":"highway_exit","lng":114.2084352,"lat":22.331635}},{"type":"Feature","geometry":{"type":"Point","coordinates":[114.1109286,22.3682529]},"properties":{"id":"274258768","node_id":"274258768","type":"highway_exit","lng":114.1109286,"lat":22.3682529}},{"type":"Feature","geometry":{"type":"Point","coordinates":[114.1811755,22.3771559]},"properties":{"id":"1311402834","node_id":"1311402834","type":"highway_exit","lng":114.1811755,"lat":22.3771559}},{"type":"Feature","geometry":{"type":"Point","coordinates":[114.1992342,22.3894922]},"properties":{"id":"1311402837","node_id":"1311402837","type":"highway_exit","lng":114.1992342,"lat":22.3894922}},{"type":"Feature","geometry":{"type":"Point","coordinates":[114.1785765,22.3427394]},"properties":{"id":"568142678","node_id":"568142678","type":"highway_exit","lng":114.1785765,"lat":22.3427394}},{"type":"Feature","geometry":{"type":"Point","coordinates":[114.106547,22.3724129]},"properties":{"id":"274258774","node_id":"274258774","type":"highway_exit","lng":114.106547,"lat":22.3724129}},{"type":"Feature","geometry":{"type":"Point","coordinates":[114.135989,22.337363]},"properties":{"id":"1645493088","node_id":"1645493088","type":"highway_exit","lng":114.135989,"lat":22.337363}},{"type":"Feature","geometry":{"type":"Point","coordinates":[113.9350403,22.3011807]},"properties":{"id":"1831721845","node_id":"1831721845","type":"highway_exit","lng":113.9350403,"lat":22.3011807}},{"type":"Feature","geometry":{"type":"Point","coordinates":[114.1783183,22.3424013]},"properties":{"id":"4775226237","node_id":"4775226237","type":"highway_exit","lng":114.1783183,"lat":22.3424013}},{"type":"Feature","geometry":{"type":"Point","coordinates":[114.1651181,22.3417132]},"properties":{"id":"1172650881","node_id":"1172650881","type":"highway_exit","lng":114.1651181,"lat":22.3417132}},{"type":"Feature","geometry":{"type":"Point","coordinates":[114.1812912,22.3432734]},"properties":{"id":"568101763","node_id":"568101763","type":"highway_exit","lng":114.1812912,"lat":22.3432734}},{"type":"Feature","geometry":{"type":"Point","coordinates":[114.2285867,22.310881]},"properties":{"id":"491588483","node_id":"491588483","type":"highway_exit","lng":114.2285867,"lat":22.310881}},{"type":"Feature","geometry":{"type":"Point","coordinates":[114.1814843,22.3061159]},"properties":{"id":"582593415","node_id":"582593415","type":"highway_exit","lng":114.1814843,"lat":22.3061159}},{"type":"Feature","geometry":{"type":"Point","coordinates":[114.1815653,22.3052918]},"properties":{"id":"582593417","node_id":"582593417","type":"highway_exit","lng":114.1815653,"lat":22.3052918}},{"type":"Feature","geometry":{"type":"Point","coordinates":[114.1389988,22.2886985]},"properties":{"id":"288177038","node_id":"288177038","type":"highway_exit","lng":114.1389988,"lat":22.2886985}},{"type":"Feature","geometry":{"type":"Point","coordinates":[113.9522185,22.3710363]},"properties":{"id":"6900075406","node_id":"6900075406","type":"highway_exit","lng":113.9522185,"lat":22.3710363}},{"type":"Feature","geometry":{"type":"Point","coordinates":[113.9775779,22.3860056]},"properties":{"id":"546220947","node_id":"546220947","type":"highway_exit","lng":113.9775779,"lat":22.3860056}},{"type":"Feature","geometry":{"type":"Point","coordinates":[114.1809128,22.2764229]},"properties":{"id":"4576848790","node_id":"4576848790","type":"highway_exit","lng":114.1809128,"lat":22.2764229}},{"type":"Feature","geometry":{"type":"Point","coordinates":[114.2148284,22.319454]},"properties":{"id":"478825367","node_id":"478825367","type":"highway_exit","lng":114.2148284,"lat":22.319454}},{"type":"Feature","geometry":{"type":"Point","coordinates":[114.2394497,22.268981]},"properties":{"id":"1132256153","node_id":"1132256153","type":"highway_exit","lng":114.2394497,"lat":22.268981}},{"type":"Feature","geometry":{"type":"Point","coordinates":[114.1748998,22.4462024]},"properties":{"id":"631475109","node_id":"631475109","type":"highway_exit","lng":114.1748998,"lat":22.4462024}},{"type":"Feature","geometry":{"type":"Point","coordinates":[114.1808553,22.3440251]},"properties":{"id":"568142761","node_id":"568142761","type":"highway_exit","lng":114.1808553,"lat":22.3440251}},{"type":"Feature","geometry":{"type":"Point","coordinates":[113.9762046,22.3951019]},"properties":{"id":"1710906283","node_id":"1710906283","type":"highway_exit","lng":113.9762046,"lat":22.3951019}},{"type":"Feature","geometry":{"type":"Point","coordinates":[114.1811862,22.3072208]},"properties":{"id":"582486959","node_id":"582486959","type":"highway_exit","lng":114.1811862,"lat":22.3072208}},{"type":"Feature","geometry":{"type":"Point","coordinates":[114.1823614,22.3648719]},"properties":{"id":"5041937328","node_id":"5041937328","type":"highway_exit","lng":114.1823614,"lat":22.3648719}},{"type":"Feature","geometry":{"type":"Point","coordinates":[113.9763108,22.3966542]},"properties":{"id":"1710906288","node_id":"1710906288","type":"highway_exit","lng":113.9763108,"lat":22.3966542}},{"type":"Feature","geometry":{"type":"Point","coordinates":[114.2127098,22.4104086]},"properties":{"id":"506178487","node_id":"506178487","type":"highway_exit","lng":114.2127098,"lat":22.4104086}},{"type":"Feature","geometry":{"type":"Point","coordinates":[114.1802073,22.4429217]},"properties":{"id":"631475141","node_id":"631475141","type":"highway_exit","lng":114.1802073,"lat":22.4429217}},{"type":"Feature","geometry":{"type":"Point","coordinates":[114.1789917,22.3086809]},"properties":{"id":"582593479","node_id":"582593479","type":"highway_exit","lng":114.1789917,"lat":22.3086809}},{"type":"Feature","geometry":{"type":"Point","coordinates":[114.1791058,22.4434244]},"properties":{"id":"631475144","node_id":"631475144","type":"highway_exit","lng":114.1791058,"lat":22.4434244}},{"type":"Feature","geometry":{"type":"Point","coordinates":[114.1619321,22.3117592]},"properties":{"id":"334650313","node_id":"334650313","type":"highway_exit","lng":114.1619321,"lat":22.3117592}},{"type":"Feature","geometry":{"type":"Point","coordinates":[114.1321717,22.3392222]},"properties":{"id":"6759111625","node_id":"6759111625","type":"highway_exit","lng":114.1321717,"lat":22.3392222}},{"type":"Feature","geometry":{"type":"Point","coordinates":[114.2211838,22.2871475]},"properties":{"id":"2941443017","node_id":"2941443017","type":"highway_exit","lng":114.2211838,"lat":22.2871475}},{"type":"Feature","geometry":{"type":"Point","coordinates":[114.1547925,22.2862201]},"properties":{"id":"8623918033","node_id":"8623918033","type":"highway_exit","lng":114.1547925,"lat":22.2862201}},{"type":"Feature","geometry":{"type":"Point","coordinates":[114.1436274,22.3312693]},"properties":{"id":"506473427","node_id":"506473427","type":"highway_exit","lng":114.1436274,"lat":22.3312693}},{"type":"Feature","geometry":{"type":"Point","coordinates":[114.142811,22.3401994]},"properties":{"id":"1645493211","node_id":"1645493211","type":"highway_exit","lng":114.142811,"lat":22.3401994}},{"type":"Feature","geometry":{"type":"Point","coordinates":[114.2040998,22.3221673]},"properties":{"id":"9812585438","node_id":"9812585438","type":"highway_exit","lng":114.2040998,"lat":22.3221673}},{"type":"Feature","geometry":{"type":"Point","coordinates":[114.0325648,22.329124]},"properties":{"id":"1834171359","node_id":"1834171359","type":"highway_exit","lng":114.0325648,"lat":22.329124}},{"type":"Feature","geometry":{"type":"Point","coordinates":[114.0327997,22.3292613]},"properties":{"id":"1834171360","node_id":"1834171360","type":"highway_exit","lng":114.0327997,"lat":22.3292613}},{"type":"Feature","geometry":{"type":"Point","coordinates":[114.1471389,22.3299276]},"properties":{"id":"506473444","node_id":"506473444","type":"highway_exit","lng":114.1471389,"lat":22.3299276}},{"type":"Feature","geometry":{"type":"Point","coordinates":[114.2601071,22.3160101]},"properties":{"id":"1149594597","node_id":"1149594597","type":"highway_exit","lng":114.2601071,"lat":22.3160101}},{"type":"Feature","geometry":{"type":"Point","coordinates":[114.1910991,22.319991]},"properties":{"id":"4843875301","node_id":"4843875301","type":"highway_exit","lng":114.1910991,"lat":22.319991}},{"type":"Feature","geometry":{"type":"Point","coordinates":[114.2604725,22.3162957]},"properties":{"id":"1149594603","node_id":"1149594603","type":"highway_exit","lng":114.2604725,"lat":22.3162957}},{"type":"Feature","geometry":{"type":"Point","coordinates":[114.1464493,22.3304943]},"properties":{"id":"289336299","node_id":"289336299","type":"highway_exit","lng":114.1464493,"lat":22.3304943}},{"type":"Feature","geometry":{"type":"Point","coordinates":[114.2257353,22.2806194]},"properties":{"id":"440974321","node_id":"440974321","type":"highway_exit","lng":114.2257353,"lat":22.2806194}},{"type":"Feature","geometry":{"type":"Point","coordinates":[114.1416517,22.3405043]},"properties":{"id":"1645493236","node_id":"1645493236","type":"highway_exit","lng":114.1416517,"lat":22.3405043}},{"type":"Feature","geometry":{"type":"Point","coordinates":[114.1983292,22.3404464]},"properties":{"id":"441605110","node_id":"441605110","type":"highway_exit","lng":114.1983292,"lat":22.3404464}},{"type":"Feature","geometry":{"type":"Point","coordinates":[114.261896,22.3178571]},"properties":{"id":"1149594622","node_id":"1149594622","type":"highway_exit","lng":114.261896,"lat":22.3178571}},{"type":"Feature","geometry":{"type":"Point","coordinates":[114.0259265,22.3283081]},"properties":{"id":"291167230","node_id":"291167230","type":"highway_exit","lng":114.0259265,"lat":22.3283081}},{"type":"Feature","geometry":{"type":"Point","coordinates":[114.131975,22.3429443]},"properties":{"id":"1704463364","node_id":"1704463364","type":"highway_exit","lng":114.131975,"lat":22.3429443}},{"type":"Feature","geometry":{"type":"Point","coordinates":[114.1749998,22.446004]},"properties":{"id":"631475205","node_id":"631475205","type":"highway_exit","lng":114.1749998,"lat":22.446004}},{"type":"Feature","geometry":{"type":"Point","coordinates":[114.1417175,22.3406174]},"properties":{"id":"1645493254","node_id":"1645493254","type":"highway_exit","lng":114.1417175,"lat":22.3406174}},{"type":"Feature","geometry":{"type":"Point","coordinates":[114.1419852,22.3407387]},"properties":{"id":"1645493260","node_id":"1645493260","type":"highway_exit","lng":114.1419852,"lat":22.3407387}},{"type":"Feature","geometry":{"type":"Point","coordinates":[114.2302643,22.2992847]},"properties":{"id":"6332365861","node_id":"6332365861","type":"highway_exit","lng":114.2302643,"lat":22.2992847}},{"type":"Feature","geometry":{"type":"Point","coordinates":[114.1616908,22.3135121]},"properties":{"id":"339053606","node_id":"339053606","type":"highway_exit","lng":114.1616908,"lat":22.3135121}},{"type":"Feature","geometry":{"type":"Point","coordinates":[114.1755961,22.4456281]},"properties":{"id":"631475243","node_id":"631475243","type":"highway_exit","lng":114.1755961,"lat":22.4456281}},{"type":"Feature","geometry":{"type":"Point","coordinates":[114.224292,22.4105679]},"properties":{"id":"4089756724","node_id":"4089756724","type":"highway_exit","lng":114.224292,"lat":22.4105679}},{"type":"Feature","geometry":{"type":"Point","coordinates":[114.1381889,22.341348]},"properties":{"id":"1645493307","node_id":"1645493307","type":"highway_exit","lng":114.1381889,"lat":22.341348}},{"type":"Feature","geometry":{"type":"Point","coordinates":[114.1487595,22.4573704]},"properties":{"id":"6452317244","node_id":"6452317244","type":"highway_exit","lng":114.1487595,"lat":22.4573704}},{"type":"Feature","geometry":{"type":"Point","coordinates":[114.2152348,22.3193298]},"properties":{"id":"478825535","node_id":"478825535","type":"highway_exit","lng":114.2152348,"lat":22.3193298}},{"type":"Feature","geometry":{"type":"Point","coordinates":[113.9681161,22.3046352]},"properties":{"id":"4772154432","node_id":"4772154432","type":"highway_exit","lng":113.9681161,"lat":22.3046352}},{"type":"Feature","geometry":{"type":"Point","coordinates":[114.2057093,22.4040959]},"properties":{"id":"378022976","node_id":"378022976","type":"highway_exit","lng":114.2057093,"lat":22.4040959}},{"type":"Feature","geometry":{"type":"Point","coordinates":[114.2075469,22.3360501]},"properties":{"id":"9167395910","node_id":"9167395910","type":"highway_exit","lng":114.2075469,"lat":22.3360501}},{"type":"Feature","geometry":{"type":"Point","coordinates":[113.9763742,22.3856839]},"properties":{"id":"1712155718","node_id":"1712155718","type":"highway_exit","lng":113.9763742,"lat":22.3856839}},{"type":"Feature","geometry":{"type":"Point","coordinates":[114.1989125,22.2909588]},"properties":{"id":"988470344","node_id":"988470344","type":"highway_exit","lng":114.1989125,"lat":22.2909588}},{"type":"Feature","geometry":{"type":"Point","coordinates":[114.1814961,22.2819999]},"properties":{"id":"4582243402","node_id":"4582243402","type":"highway_exit","lng":114.1814961,"lat":22.2819999}},{"type":"Feature","geometry":{"type":"Point","coordinates":[113.9840912,22.3064778]},"properties":{"id":"4772154442","node_id":"4772154442","type":"highway_exit","lng":113.9840912,"lat":22.3064778}},{"type":"Feature","geometry":{"type":"Point","coordinates":[113.9617659,22.2972995]},"properties":{"id":"4772154449","node_id":"4772154449","type":"highway_exit","lng":113.9617659,"lat":22.2972995}},{"type":"Feature","geometry":{"type":"Point","coordinates":[114.0588796,22.4367569]},"properties":{"id":"631802962","node_id":"631802962","type":"highway_exit","lng":114.0588796,"lat":22.4367569}},{"type":"Feature","geometry":{"type":"Point","coordinates":[114.1989266,22.2910993]},"properties":{"id":"988470356","node_id":"988470356","type":"highway_exit","lng":114.1989266,"lat":22.2910993}},{"type":"Feature","geometry":{"type":"Point","coordinates":[114.2403951,22.2689718]},"properties":{"id":"281676891","node_id":"281676891","type":"highway_exit","lng":114.2403951,"lat":22.2689718}},{"type":"Feature","geometry":{"type":"Point","coordinates":[114.1593668,22.3422614]},"properties":{"id":"1645493340","node_id":"1645493340","type":"highway_exit","lng":114.1593668,"lat":22.3422614}},{"type":"Feature","geometry":{"type":"Point","coordinates":[114.1684708,22.4406886]},"properties":{"id":"631475302","node_id":"631475302","type":"highway_exit","lng":114.1684708,"lat":22.4406886}},{"type":"Feature","geometry":{"type":"Point","coordinates":[114.1971135,22.3909732]},"properties":{"id":"366197866","node_id":"366197866","type":"highway_exit","lng":114.1971135,"lat":22.3909732}},{"type":"Feature","geometry":{"type":"Point","coordinates":[114.2591164,22.3149364]},"properties":{"id":"1149594734","node_id":"1149594734","type":"highway_exit","lng":114.2591164,"lat":22.3149364}},{"type":"Feature","geometry":{"type":"Point","coordinates":[114.2074007,22.3359971]},"properties":{"id":"5166611568","node_id":"5166611568","type":"highway_exit","lng":114.2074007,"lat":22.3359971}},{"type":"Feature","geometry":{"type":"Point","coordinates":[114.175362,22.3740183]},"properties":{"id":"7472782448","node_id":"7472782448","type":"highway_exit","lng":114.175362,"lat":22.3740183}},{"type":"Feature","geometry":{"type":"Point","coordinates":[114.1759832,22.3753344]},"properties":{"id":"7472782452","node_id":"7472782452","type":"highway_exit","lng":114.1759832,"lat":22.3753344}},{"type":"Feature","geometry":{"type":"Point","coordinates":[114.1541325,22.3427358]},"properties":{"id":"1645493369","node_id":"1645493369","type":"highway_exit","lng":114.1541325,"lat":22.3427358}},{"type":"Feature","geometry":{"type":"Point","coordinates":[114.1743267,22.4446742]},"properties":{"id":"6289239163","node_id":"6289239163","type":"highway_exit","lng":114.1743267,"lat":22.4446742}},{"type":"Feature","geometry":{"type":"Point","coordinates":[114.1764366,22.3808198]},"properties":{"id":"1699159166","node_id":"1699159166","type":"highway_exit","lng":114.1764366,"lat":22.3808198}},{"type":"Feature","geometry":{"type":"Point","coordinates":[114.2582959,22.3156667]},"properties":{"id":"308767871","node_id":"308767871","type":"highway_exit","lng":114.2582959,"lat":22.3156667}},{"type":"Feature","geometry":{"type":"Point","coordinates":[114.224077,22.4103287]},"properties":{"id":"517610623","node_id":"517610623","type":"highway_exit","lng":114.224077,"lat":22.4103287}},{"type":"Feature","geometry":{"type":"Point","coordinates":[113.9645289,22.2980496]},"properties":{"id":"3774168192","node_id":"3774168192","type":"highway_exit","lng":113.9645289,"lat":22.2980496}},{"type":"Feature","geometry":{"type":"Point","coordinates":[114.1969491,22.3417956]},"properties":{"id":"441031813","node_id":"441031813","type":"highway_exit","lng":114.1969491,"lat":22.3417956}},{"type":"Feature","geometry":{"type":"Point","coordinates":[114.1987006,22.3415593]},"properties":{"id":"441031815","node_id":"441031815","type":"highway_exit","lng":114.1987006,"lat":22.3415593}},{"type":"Feature","geometry":{"type":"Point","coordinates":[113.951697,22.3132342]},"properties":{"id":"3774168201","node_id":"3774168201","type":"highway_exit","lng":113.951697,"lat":22.3132342}},{"type":"Feature","geometry":{"type":"Point","coordinates":[114.0570426,22.4396564]},"properties":{"id":"631803023","node_id":"631803023","type":"highway_exit","lng":114.0570426,"lat":22.4396564}},{"type":"Feature","geometry":{"type":"Point","coordinates":[114.1329999,22.3800557]},"properties":{"id":"1702198415","node_id":"1702198415","type":"highway_exit","lng":114.1329999,"lat":22.3800557}},{"type":"Feature","geometry":{"type":"Point","coordinates":[114.0837932,22.5030417]},"properties":{"id":"10018307220","node_id":"10018307220","type":"highway_exit","lng":114.0837932,"lat":22.5030417}},{"type":"Feature","geometry":{"type":"Point","coordinates":[114.0137076,22.3634578]},"properties":{"id":"1296104597","node_id":"1296104597","type":"highway_exit","lng":114.0137076,"lat":22.3634578}},{"type":"Feature","geometry":{"type":"Point","coordinates":[114.1441009,22.3431168]},"properties":{"id":"1645493401","node_id":"1645493401","type":"highway_exit","lng":114.1441009,"lat":22.3431168}},{"type":"Feature","geometry":{"type":"Point","coordinates":[114.0576714,22.4399409]},"properties":{"id":"631803033","node_id":"631803033","type":"highway_exit","lng":114.0576714,"lat":22.4399409}},{"type":"Feature","geometry":{"type":"Point","coordinates":[114.1597013,22.2479033]},"properties":{"id":"283548828","node_id":"283548828","type":"highway_exit","lng":114.1597013,"lat":22.2479033}},{"type":"Feature","geometry":{"type":"Point","coordinates":[114.1670271,22.3113756]},"properties":{"id":"332246178","node_id":"332246178","type":"highway_exit","lng":114.1670271,"lat":22.3113756}},{"type":"Feature","geometry":{"type":"Point","coordinates":[114.2273902,22.3082248]},"properties":{"id":"5184130212","node_id":"5184130212","type":"highway_exit","lng":114.2273902,"lat":22.3082248}},{"type":"Feature","geometry":{"type":"Point","coordinates":[114.2585385,22.3145457]},"properties":{"id":"308767916","node_id":"308767916","type":"highway_exit","lng":114.2585385,"lat":22.3145457}},{"type":"Feature","geometry":{"type":"Point","coordinates":[114.1649949,22.3227263]},"properties":{"id":"1178971321","node_id":"1178971321","type":"highway_exit","lng":114.1649949,"lat":22.3227263}},{"type":"Feature","geometry":{"type":"Point","coordinates":[114.2231986,22.2829898]},"properties":{"id":"2694745278","node_id":"2694745278","type":"highway_exit","lng":114.2231986,"lat":22.2829898}},{"type":"Feature","geometry":{"type":"Point","coordinates":[114.2172605,22.4064786]},"properties":{"id":"262966462","node_id":"262966462","type":"highway_exit","lng":114.2172605,"lat":22.4064786}},{"type":"Feature","geometry":{"type":"Point","coordinates":[114.1945097,22.3898397]},"properties":{"id":"366197956","node_id":"366197956","type":"highway_exit","lng":114.1945097,"lat":22.3898397}},{"type":"Feature","geometry":{"type":"Point","coordinates":[114.0607802,22.4351253]},"properties":{"id":"631803078","node_id":"631803078","type":"highway_exit","lng":114.0607802,"lat":22.4351253}},{"type":"Feature","geometry":{"type":"Point","coordinates":[114.2172062,22.2889129]},"properties":{"id":"5609888967","node_id":"5609888967","type":"highway_exit","lng":114.2172062,"lat":22.2889129}},{"type":"Feature","geometry":{"type":"Point","coordinates":[114.2306979,22.3100155]},"properties":{"id":"1023012043","node_id":"1023012043","type":"highway_exit","lng":114.2306979,"lat":22.3100155}},{"type":"Feature","geometry":{"type":"Point","coordinates":[114.1910247,22.3865271]},"properties":{"id":"366197965","node_id":"366197965","type":"highway_exit","lng":114.1910247,"lat":22.3865271}},{"type":"Feature","geometry":{"type":"Point","coordinates":[114.1648107,22.4385128]},"properties":{"id":"631475407","node_id":"631475407","type":"highway_exit","lng":114.1648107,"lat":22.4385128}},{"type":"Feature","geometry":{"type":"Point","coordinates":[114.164725,22.438515]},"properties":{"id":"631475408","node_id":"631475408","type":"highway_exit","lng":114.164725,"lat":22.438515}},{"type":"Feature","geometry":{"type":"Point","coordinates":[114.1648378,22.4394118]},"properties":{"id":"631475409","node_id":"631475409","type":"highway_exit","lng":114.1648378,"lat":22.4394118}},{"type":"Feature","geometry":{"type":"Point","coordinates":[114.1649182,22.4394074]},"properties":{"id":"631475410","node_id":"631475410","type":"highway_exit","lng":114.1649182,"lat":22.4394074}},{"type":"Feature","geometry":{"type":"Point","coordinates":[114.132461,22.3805696]},"properties":{"id":"1702198482","node_id":"1702198482","type":"highway_exit","lng":114.132461,"lat":22.3805696}},{"type":"Feature","geometry":{"type":"Point","coordinates":[114.1228978,22.3518986]},"properties":{"id":"1645493456","node_id":"1645493456","type":"highway_exit","lng":114.1228978,"lat":22.3518986}},{"type":"Feature","geometry":{"type":"Point","coordinates":[114.1801922,22.2752306]},"properties":{"id":"597662933","node_id":"597662933","type":"highway_exit","lng":114.1801922,"lat":22.2752306}},{"type":"Feature","geometry":{"type":"Point","coordinates":[114.2099663,22.3910671]},"properties":{"id":"6056910042","node_id":"6056910042","type":"highway_exit","lng":114.2099663,"lat":22.3910671}},{"type":"Feature","geometry":{"type":"Point","coordinates":[113.9800661,22.4137531]},"properties":{"id":"274263259","node_id":"274263259","type":"highway_exit","lng":113.9800661,"lat":22.4137531}},{"type":"Feature","geometry":{"type":"Point","coordinates":[114.180073,22.2750344]},"properties":{"id":"597662940","node_id":"597662940","type":"highway_exit","lng":114.180073,"lat":22.2750344}},{"type":"Feature","geometry":{"type":"Point","coordinates":[114.1787612,22.4441576]},"properties":{"id":"6289239266","node_id":"6289239266","type":"highway_exit","lng":114.1787612,"lat":22.4441576}},{"type":"Feature","geometry":{"type":"Point","coordinates":[113.9801613,22.4132714]},"properties":{"id":"8668826853","node_id":"8668826853","type":"highway_exit","lng":113.9801613,"lat":22.4132714}},{"type":"Feature","geometry":{"type":"Point","coordinates":[114.1714572,22.2504127]},"properties":{"id":"564645094","node_id":"564645094","type":"highway_exit","lng":114.1714572,"lat":22.2504127}},{"type":"Feature","geometry":{"type":"Point","coordinates":[114.2006993,22.3874085]},"properties":{"id":"1490210022","node_id":"1490210022","type":"highway_exit","lng":114.2006993,"lat":22.3874085}},{"type":"Feature","geometry":{"type":"Point","coordinates":[114.1656999,22.3211797]},"properties":{"id":"1178971367","node_id":"1178971367","type":"highway_exit","lng":114.1656999,"lat":22.3211797}},{"type":"Feature","geometry":{"type":"Point","coordinates":[114.1227494,22.3552842]},"properties":{"id":"1645493481","node_id":"1645493481","type":"highway_exit","lng":114.1227494,"lat":22.3552842}},{"type":"Feature","geometry":{"type":"Point","coordinates":[114.2376376,22.2704528]},"properties":{"id":"316734695","node_id":"316734695","type":"highway_exit","lng":114.2376376,"lat":22.2704528}},{"type":"Feature","geometry":{"type":"Point","coordinates":[114.1430188,22.2892309]},"properties":{"id":"7041309927","node_id":"7041309927","type":"highway_exit","lng":114.1430188,"lat":22.2892309}},{"type":"Feature","geometry":{"type":"Point","coordinates":[114.0868235,22.3520639]},"properties":{"id":"7745940717","node_id":"7745940717","type":"highway_exit","lng":114.0868235,"lat":22.3520639}},{"type":"Feature","geometry":{"type":"Point","coordinates":[114.1899046,22.2882916]},"properties":{"id":"3439430895","node_id":"3439430895","type":"highway_exit","lng":114.1899046,"lat":22.2882916}},{"type":"Feature","geometry":{"type":"Point","coordinates":[114.1970347,22.3908306]},"properties":{"id":"1490210047","node_id":"1490210047","type":"highway_exit","lng":114.1970347,"lat":22.3908306}},{"type":"Feature","geometry":{"type":"Point","coordinates":[114.1670556,22.311489]},"properties":{"id":"332246273","node_id":"332246273","type":"highway_exit","lng":114.1670556,"lat":22.311489}},{"type":"Feature","geometry":{"type":"Point","coordinates":[114.1967898,22.3918397]},"properties":{"id":"1490210053","node_id":"1490210053","type":"highway_exit","lng":114.1967898,"lat":22.3918397}},{"type":"Feature","geometry":{"type":"Point","coordinates":[114.2398041,22.3153141]},"properties":{"id":"262122762","node_id":"262122762","type":"highway_exit","lng":114.2398041,"lat":22.3153141}},{"type":"Feature","geometry":{"type":"Point","coordinates":[114.2400448,22.3150363]},"properties":{"id":"262122763","node_id":"262122763","type":"highway_exit","lng":114.2400448,"lat":22.3150363}},{"type":"Feature","geometry":{"type":"Point","coordinates":[114.1307811,22.4969653]},"properties":{"id":"6478843147","node_id":"6478843147","type":"highway_exit","lng":114.1307811,"lat":22.4969653}},{"type":"Feature","geometry":{"type":"Point","coordinates":[114.2007464,22.3778068]},"properties":{"id":"574434573","node_id":"574434573","type":"highway_exit","lng":114.2007464,"lat":22.3778068}},{"type":"Feature","geometry":{"type":"Point","coordinates":[114.1710968,22.367267]},"properties":{"id":"384204046","node_id":"384204046","type":"highway_exit","lng":114.1710968,"lat":22.367267}},{"type":"Feature","geometry":{"type":"Point","coordinates":[114.1967407,22.3922087]},"properties":{"id":"1490210068","node_id":"1490210068","type":"highway_exit","lng":114.1967407,"lat":22.3922087}},{"type":"Feature","geometry":{"type":"Point","coordinates":[114.1524404,22.5448518]},"properties":{"id":"4841159961","node_id":"4841159961","type":"highway_exit","lng":114.1524404,"lat":22.5448518}},{"type":"Feature","geometry":{"type":"Point","coordinates":[114.2593923,22.3157478]},"properties":{"id":"9817206046","node_id":"9817206046","type":"highway_exit","lng":114.2593923,"lat":22.3157478}},{"type":"Feature","geometry":{"type":"Point","coordinates":[114.2012493,22.3778843]},"properties":{"id":"574434593","node_id":"574434593","type":"highway_exit","lng":114.2012493,"lat":22.3778843}},{"type":"Feature","geometry":{"type":"Point","coordinates":[114.139492,22.3330011]},"properties":{"id":"506473774","node_id":"506473774","type":"highway_exit","lng":114.139492,"lat":22.3330011}},{"type":"Feature","geometry":{"type":"Point","coordinates":[114.1776722,22.5241831]},"properties":{"id":"4841159983","node_id":"4841159983","type":"highway_exit","lng":114.1776722,"lat":22.5241831}},{"type":"Feature","geometry":{"type":"Point","coordinates":[114.1774794,22.5240756]},"properties":{"id":"4841159985","node_id":"4841159985","type":"highway_exit","lng":114.1774794,"lat":22.5240756}},{"type":"Feature","geometry":{"type":"Point","coordinates":[114.1597977,22.3056924]},"properties":{"id":"13041667383","node_id":"13041667383","type":"highway_exit","lng":114.1597977,"lat":22.3056924}},{"type":"Feature","geometry":{"type":"Point","coordinates":[114.1603767,22.3054539]},"properties":{"id":"5333519678","node_id":"5333519678","type":"highway_exit","lng":114.1603767,"lat":22.3054539}},{"type":"Feature","geometry":{"type":"Point","coordinates":[114.1620693,22.3125156]},"properties":{"id":"5333519683","node_id":"5333519683","type":"highway_exit","lng":114.1620693,"lat":22.3125156}},{"type":"Feature","geometry":{"type":"Point","coordinates":[114.0607454,22.3494943]},"properties":{"id":"833764676","node_id":"833764676","type":"highway_exit","lng":114.0607454,"lat":22.3494943}},{"type":"Feature","geometry":{"type":"Point","coordinates":[114.1819495,22.2825151]},"properties":{"id":"587640136","node_id":"587640136","type":"highway_exit","lng":114.1819495,"lat":22.2825151}},{"type":"Feature","geometry":{"type":"Point","coordinates":[114.162134,22.3106501]},"properties":{"id":"5333519688","node_id":"5333519688","type":"highway_exit","lng":114.162134,"lat":22.3106501}},{"type":"Feature","geometry":{"type":"Point","coordinates":[114.1805727,22.2817997]},"properties":{"id":"587640143","node_id":"587640143","type":"highway_exit","lng":114.1805727,"lat":22.2817997}},{"type":"Feature","geometry":{"type":"Point","coordinates":[114.1892857,22.3849688]},"properties":{"id":"11758493007","node_id":"11758493007","type":"highway_exit","lng":114.1892857,"lat":22.3849688}},{"type":"Feature","geometry":{"type":"Point","coordinates":[113.9440127,22.3133802]},"properties":{"id":"7682997595","node_id":"7682997595","type":"highway_exit","lng":113.9440127,"lat":22.3133802}},{"type":"Feature","geometry":{"type":"Point","coordinates":[114.1821019,22.3072887]},"properties":{"id":"1215868258","node_id":"1215868258","type":"highway_exit","lng":114.1821019,"lat":22.3072887}},{"type":"Feature","geometry":{"type":"Point","coordinates":[114.1643805,22.3237847]},"properties":{"id":"8664575339","node_id":"8664575339","type":"highway_exit","lng":114.1643805,"lat":22.3237847}},{"type":"Feature","geometry":{"type":"Point","coordinates":[114.1594836,22.3426251]},"properties":{"id":"50060656","node_id":"50060656","type":"highway_exit","lng":114.1594836,"lat":22.3426251}},{"type":"Feature","geometry":{"type":"Point","coordinates":[114.2014962,22.3840885]},"properties":{"id":"581848437","node_id":"581848437","type":"highway_exit","lng":114.2014962,"lat":22.3840885}},{"type":"Feature","geometry":{"type":"Point","coordinates":[114.1605237,22.3116293]},"properties":{"id":"13380795766","node_id":"13380795766","type":"highway_exit","lng":114.1605237,"lat":22.3116293}},{"type":"Feature","geometry":{"type":"Point","coordinates":[114.1167065,22.3633527]},"properties":{"id":"7183535477","node_id":"7183535477","type":"highway_exit","lng":114.1167065,"lat":22.3633527}},{"type":"Feature","geometry":{"type":"Point","coordinates":[114.2292795,22.3088832]},"properties":{"id":"474660216","node_id":"474660216","type":"highway_exit","lng":114.2292795,"lat":22.3088832}},{"type":"Feature","geometry":{"type":"Point","coordinates":[114.0569993,22.4399942]},"properties":{"id":"631803253","node_id":"631803253","type":"highway_exit","lng":114.0569993,"lat":22.4399942}},{"type":"Feature","geometry":{"type":"Point","coordinates":[114.1169957,22.3628335]},"properties":{"id":"7183535479","node_id":"7183535479","type":"highway_exit","lng":114.1169957,"lat":22.3628335}},{"type":"Feature","geometry":{"type":"Point","coordinates":[114.2087979,22.3177074]},"properties":{"id":"473886075","node_id":"473886075","type":"highway_exit","lng":114.2087979,"lat":22.3177074}},{"type":"Feature","geometry":{"type":"Point","coordinates":[114.2218473,22.3066935]},"properties":{"id":"474660220","node_id":"474660220","type":"highway_exit","lng":114.2218473,"lat":22.3066935}},{"type":"Feature","geometry":{"type":"Point","coordinates":[114.162679,22.3114729]},"properties":{"id":"13380795774","node_id":"13380795774","type":"highway_exit","lng":114.162679,"lat":22.3114729}},{"type":"Feature","geometry":{"type":"Point","coordinates":[114.1795775,22.2735946]},"properties":{"id":"597663103","node_id":"597663103","type":"highway_exit","lng":114.1795775,"lat":22.2735946}},{"type":"Feature","geometry":{"type":"Point","coordinates":[114.0660699,22.4929527]},"properties":{"id":"598699393","node_id":"598699393","type":"highway_exit","lng":114.0660699,"lat":22.4929527}},{"type":"Feature","geometry":{"type":"Point","coordinates":[114.2244696,22.3062943]},"properties":{"id":"474660228","node_id":"474660228","type":"highway_exit","lng":114.2244696,"lat":22.3062943}},{"type":"Feature","geometry":{"type":"Point","coordinates":[114.0690871,22.4941049]},"properties":{"id":"598699397","node_id":"598699397","type":"highway_exit","lng":114.0690871,"lat":22.4941049}},{"type":"Feature","geometry":{"type":"Point","coordinates":[113.9964856,22.4239309]},"properties":{"id":"1272106375","node_id":"1272106375","type":"highway_exit","lng":113.9964856,"lat":22.4239309}},{"type":"Feature","geometry":{"type":"Point","coordinates":[114.1805626,22.2807729]},"properties":{"id":"587758984","node_id":"587758984","type":"highway_exit","lng":114.1805626,"lat":22.2807729}},{"type":"Feature","geometry":{"type":"Point","coordinates":[114.0656566,22.4926981]},"properties":{"id":"598699399","node_id":"598699399","type":"highway_exit","lng":114.0656566,"lat":22.4926981}},{"type":"Feature","geometry":{"type":"Point","coordinates":[114.2045331,22.3786303]},"properties":{"id":"574434703","node_id":"574434703","type":"highway_exit","lng":114.2045331,"lat":22.3786303}},{"type":"Feature","geometry":{"type":"Point","coordinates":[114.2140508,22.3168985]},"properties":{"id":"474660247","node_id":"474660247","type":"highway_exit","lng":114.2140508,"lat":22.3168985}},{"type":"Feature","geometry":{"type":"Point","coordinates":[114.1794125,22.2735075]},"properties":{"id":"597663128","node_id":"597663128","type":"highway_exit","lng":114.1794125,"lat":22.2735075}},{"type":"Feature","geometry":{"type":"Point","coordinates":[114.2016967,22.3846031]},"properties":{"id":"581848473","node_id":"581848473","type":"highway_exit","lng":114.2016967,"lat":22.3846031}},{"type":"Feature","geometry":{"type":"Point","coordinates":[114.2115937,22.3825846]},"properties":{"id":"1629724061","node_id":"1629724061","type":"highway_exit","lng":114.2115937,"lat":22.3825846}},{"type":"Feature","geometry":{"type":"Point","coordinates":[114.2131042,22.317791]},"properties":{"id":"474660256","node_id":"474660256","type":"highway_exit","lng":114.2131042,"lat":22.317791}},{"type":"Feature","geometry":{"type":"Point","coordinates":[114.1807389,22.280691]},"properties":{"id":"587759014","node_id":"587759014","type":"highway_exit","lng":114.1807389,"lat":22.280691}},{"type":"Feature","geometry":{"type":"Point","coordinates":[114.178655,22.2802179]},"properties":{"id":"587759016","node_id":"587759016","type":"highway_exit","lng":114.178655,"lat":22.2802179}},{"type":"Feature","geometry":{"type":"Point","coordinates":[114.0693225,22.4933792]},"properties":{"id":"598699434","node_id":"598699434","type":"highway_exit","lng":114.0693225,"lat":22.4933792}},{"type":"Feature","geometry":{"type":"Point","coordinates":[114.1463426,22.4878239]},"properties":{"id":"7782657450","node_id":"7782657450","type":"highway_exit","lng":114.1463426,"lat":22.4878239}},{"type":"Feature","geometry":{"type":"Point","coordinates":[114.1644937,22.3234749]},"properties":{"id":"332242353","node_id":"332242353","type":"highway_exit","lng":114.1644937,"lat":22.3234749}},{"type":"Feature","geometry":{"type":"Point","coordinates":[114.2119198,22.316898]},"properties":{"id":"473886133","node_id":"473886133","type":"highway_exit","lng":114.2119198,"lat":22.316898}},{"type":"Feature","geometry":{"type":"Point","coordinates":[114.1812096,22.2821398]},"properties":{"id":"587759030","node_id":"587759030","type":"highway_exit","lng":114.1812096,"lat":22.2821398}},{"type":"Feature","geometry":{"type":"Point","coordinates":[114.1315397,22.4969795]},"properties":{"id":"5870587319","node_id":"5870587319","type":"highway_exit","lng":114.1315397,"lat":22.4969795}},{"type":"Feature","geometry":{"type":"Point","coordinates":[114.0574142,22.4400334]},"properties":{"id":"631803321","node_id":"631803321","type":"highway_exit","lng":114.0574142,"lat":22.4400334}},{"type":"Feature","geometry":{"type":"Point","coordinates":[114.1989141,22.2911485]},"properties":{"id":"8739577275","node_id":"8739577275","type":"highway_exit","lng":114.1989141,"lat":22.2911485}},{"type":"Feature","geometry":{"type":"Point","coordinates":[114.1753755,22.376199]},"properties":{"id":"1628450235","node_id":"1628450235","type":"highway_exit","lng":114.1753755,"lat":22.376199}},{"type":"Feature","geometry":{"type":"Point","coordinates":[114.1385827,22.3273472]},"properties":{"id":"7462145473","node_id":"7462145473","type":"highway_exit","lng":114.1385827,"lat":22.3273472}},{"type":"Feature","geometry":{"type":"Point","coordinates":[113.9775871,22.390251]},"properties":{"id":"2629471683","node_id":"2629471683","type":"highway_exit","lng":113.9775871,"lat":22.390251}},{"type":"Feature","geometry":{"type":"Point","coordinates":[114.2129385,22.3182644]},"properties":{"id":"474660292","node_id":"474660292","type":"highway_exit","lng":114.2129385,"lat":22.3182644}},{"type":"Feature","geometry":{"type":"Point","coordinates":[114.2117324,22.3182252]},"properties":{"id":"474660293","node_id":"474660293","type":"highway_exit","lng":114.2117324,"lat":22.3182252}},{"type":"Feature","geometry":{"type":"Point","coordinates":[114.2062142,22.3328896]},"properties":{"id":"10567495109","node_id":"10567495109","type":"highway_exit","lng":114.2062142,"lat":22.3328896}},{"type":"Feature","geometry":{"type":"Point","coordinates":[114.1587402,22.3274701]},"properties":{"id":"274243013","node_id":"274243013","type":"highway_exit","lng":114.1587402,"lat":22.3274701}},{"type":"Feature","geometry":{"type":"Point","coordinates":[114.1623076,22.3248867]},"properties":{"id":"274243016","node_id":"274243016","type":"highway_exit","lng":114.1623076,"lat":22.3248867}},{"type":"Feature","geometry":{"type":"Point","coordinates":[114.1784095,22.3772996]},"properties":{"id":"384208344","node_id":"384208344","type":"highway_exit","lng":114.1784095,"lat":22.3772996}},{"type":"Feature","geometry":{"type":"Point","coordinates":[114.2105484,22.3168909]},"properties":{"id":"473886169","node_id":"473886169","type":"highway_exit","lng":114.2105484,"lat":22.3168909}},{"type":"Feature","geometry":{"type":"Point","coordinates":[114.1446357,22.3359981]},"properties":{"id":"384191970","node_id":"384191970","type":"highway_exit","lng":114.1446357,"lat":22.3359981}},{"type":"Feature","geometry":{"type":"Point","coordinates":[114.2070849,22.333188]},"properties":{"id":"1652874723","node_id":"1652874723","type":"highway_exit","lng":114.2070849,"lat":22.333188}},{"type":"Feature","geometry":{"type":"Point","coordinates":[114.2029999,22.3781126]},"properties":{"id":"574434787","node_id":"574434787","type":"highway_exit","lng":114.2029999,"lat":22.3781126}},{"type":"Feature","geometry":{"type":"Point","coordinates":[114.258473,22.3171395]},"properties":{"id":"308768230","node_id":"308768230","type":"highway_exit","lng":114.258473,"lat":22.3171395}},{"type":"Feature","geometry":{"type":"Point","coordinates":[114.146121,22.2889991]},"properties":{"id":"253332974","node_id":"253332974","type":"highway_exit","lng":114.146121,"lat":22.2889991}},{"type":"Feature","geometry":{"type":"Point","coordinates":[114.2348534,22.3020197]},"properties":{"id":"6417317363","node_id":"6417317363","type":"highway_exit","lng":114.2348534,"lat":22.3020197}},{"type":"Feature","geometry":{"type":"Point","coordinates":[114.1760459,22.444649]},"properties":{"id":"2178166263","node_id":"2178166263","type":"highway_exit","lng":114.1760459,"lat":22.444649}},{"type":"Feature","geometry":{"type":"Point","coordinates":[114.1810837,22.306179]},"properties":{"id":"1172758011","node_id":"1172758011","type":"highway_exit","lng":114.1810837,"lat":22.306179}},{"type":"Feature","geometry":{"type":"Point","coordinates":[114.1201369,22.3756969]},"properties":{"id":"323083774","node_id":"323083774","type":"highway_exit","lng":114.1201369,"lat":22.3756969}},{"type":"Feature","geometry":{"type":"Point","coordinates":[114.120793,22.3759233]},"properties":{"id":"323083778","node_id":"323083778","type":"highway_exit","lng":114.120793,"lat":22.3759233}},{"type":"Feature","geometry":{"type":"Point","coordinates":[114.178762,22.3425344]},"properties":{"id":"1699098115","node_id":"1699098115","type":"highway_exit","lng":114.178762,"lat":22.3425344}},{"type":"Feature","geometry":{"type":"Point","coordinates":[114.1212826,22.375388]},"properties":{"id":"323083782","node_id":"323083782","type":"highway_exit","lng":114.1212826,"lat":22.375388}},{"type":"Feature","geometry":{"type":"Point","coordinates":[114.1673946,22.3117971]},"properties":{"id":"274243086","node_id":"274243086","type":"highway_exit","lng":114.1673946,"lat":22.3117971}},{"type":"Feature","geometry":{"type":"Point","coordinates":[114.1678659,22.3096922]},"properties":{"id":"274243087","node_id":"274243087","type":"highway_exit","lng":114.1678659,"lat":22.3096922}},{"type":"Feature","geometry":{"type":"Point","coordinates":[114.1751426,22.3765957]},"properties":{"id":"1628450323","node_id":"1628450323","type":"highway_exit","lng":114.1751426,"lat":22.3765957}},{"type":"Feature","geometry":{"type":"Point","coordinates":[114.1749572,22.3766028]},"properties":{"id":"1628450329","node_id":"1628450329","type":"highway_exit","lng":114.1749572,"lat":22.3766028}},{"type":"Feature","geometry":{"type":"Point","coordinates":[114.0640153,22.4190446]},"properties":{"id":"2029403683","node_id":"2029403683","type":"highway_exit","lng":114.0640153,"lat":22.4190446}},{"type":"Feature","geometry":{"type":"Point","coordinates":[114.0634761,22.4191088]},"properties":{"id":"2029403688","node_id":"2029403688","type":"highway_exit","lng":114.0634761,"lat":22.4191088}},{"type":"Feature","geometry":{"type":"Point","coordinates":[114.1617071,22.2483954]},"properties":{"id":"7612595757","node_id":"7612595757","type":"highway_exit","lng":114.1617071,"lat":22.2483954}},{"type":"Feature","geometry":{"type":"Point","coordinates":[114.1619115,22.2485716]},"properties":{"id":"4846366266","node_id":"4846366266","type":"highway_exit","lng":114.1619115,"lat":22.2485716}},{"type":"Feature","geometry":{"type":"Point","coordinates":[114.1166924,22.363535]},"properties":{"id":"12454383163","node_id":"12454383163","type":"highway_exit","lng":114.1166924,"lat":22.363535}},{"type":"Feature","geometry":{"type":"Point","coordinates":[114.2036728,22.3250419]},"properties":{"id":"473886266","node_id":"473886266","type":"highway_exit","lng":114.2036728,"lat":22.3250419}},{"type":"Feature","geometry":{"type":"Point","coordinates":[114.1168407,22.3639837]},"properties":{"id":"12454383174","node_id":"12454383174","type":"highway_exit","lng":114.1168407,"lat":22.3639837}},{"type":"Feature","geometry":{"type":"Point","coordinates":[114.0391759,22.4449687]},"properties":{"id":"631803490","node_id":"631803490","type":"highway_exit","lng":114.0391759,"lat":22.4449687}},{"type":"Feature","geometry":{"type":"Point","coordinates":[114.1752329,22.3716086]},"properties":{"id":"1628446308","node_id":"1628446308","type":"highway_exit","lng":114.1752329,"lat":22.3716086}},{"type":"Feature","geometry":{"type":"Point","coordinates":[114.0922846,22.504594]},"properties":{"id":"7884099177","node_id":"7884099177","type":"highway_exit","lng":114.0922846,"lat":22.504594}},{"type":"Feature","geometry":{"type":"Point","coordinates":[114.2022766,22.32595]},"properties":{"id":"2532937323","node_id":"2532937323","type":"highway_exit","lng":114.2022766,"lat":22.32595}},{"type":"Feature","geometry":{"type":"Point","coordinates":[114.0683829,22.365894]},"properties":{"id":"1701670509","node_id":"1701670509","type":"highway_exit","lng":114.0683829,"lat":22.365894}},{"type":"Feature","geometry":{"type":"Point","coordinates":[114.1512681,22.4856713]},"properties":{"id":"6501510766","node_id":"6501510766","type":"highway_exit","lng":114.1512681,"lat":22.4856713}},{"type":"Feature","geometry":{"type":"Point","coordinates":[114.0400438,22.4468162]},"properties":{"id":"631803504","node_id":"631803504","type":"highway_exit","lng":114.0400438,"lat":22.4468162}},{"type":"Feature","geometry":{"type":"Point","coordinates":[114.1748766,22.3770325]},"properties":{"id":"1628450417","node_id":"1628450417","type":"highway_exit","lng":114.1748766,"lat":22.3770325}},{"type":"Feature","geometry":{"type":"Point","coordinates":[114.1802439,22.2713429]},"properties":{"id":"1012751987","node_id":"1012751987","type":"highway_exit","lng":114.1802439,"lat":22.2713429}},{"type":"Feature","geometry":{"type":"Point","coordinates":[114.1755305,22.3766163]},"properties":{"id":"1506614902","node_id":"1506614902","type":"highway_exit","lng":114.1755305,"lat":22.3766163}},{"type":"Feature","geometry":{"type":"Point","coordinates":[114.181395,22.281344]},"properties":{"id":"1012751991","node_id":"1012751991","type":"highway_exit","lng":114.181395,"lat":22.281344}},{"type":"Feature","geometry":{"type":"Point","coordinates":[114.2227962,22.2828648]},"properties":{"id":"2694737530","node_id":"2694737530","type":"highway_exit","lng":114.2227962,"lat":22.2828648}},{"type":"Feature","geometry":{"type":"Point","coordinates":[114.1169073,22.3634574]},"properties":{"id":"7948578431","node_id":"7948578431","type":"highway_exit","lng":114.1169073,"lat":22.3634574}},{"type":"Feature","geometry":{"type":"Point","coordinates":[114.2058384,22.2919732]},"properties":{"id":"990023299","node_id":"990023299","type":"highway_exit","lng":114.2058384,"lat":22.2919732}},{"type":"Feature","geometry":{"type":"Point","coordinates":[114.1079951,22.3343924]},"properties":{"id":"598457987","node_id":"598457987","type":"highway_exit","lng":114.1079951,"lat":22.3343924}},{"type":"Feature","geometry":{"type":"Point","coordinates":[114.2115479,22.3828845]},"properties":{"id":"1629724293","node_id":"1629724293","type":"highway_exit","lng":114.2115479,"lat":22.3828845}},{"type":"Feature","geometry":{"type":"Point","coordinates":[114.1821956,22.3082002]},"properties":{"id":"5390102149","node_id":"5390102149","type":"highway_exit","lng":114.1821956,"lat":22.3082002}},{"type":"Feature","geometry":{"type":"Point","coordinates":[114.1132822,22.3299398]},"properties":{"id":"598457990","node_id":"598457990","type":"highway_exit","lng":114.1132822,"lat":22.3299398}},{"type":"Feature","geometry":{"type":"Point","coordinates":[114.2009711,22.3971149]},"properties":{"id":"7944756873","node_id":"7944756873","type":"highway_exit","lng":114.2009711,"lat":22.3971149}},{"type":"Feature","geometry":{"type":"Point","coordinates":[114.2024646,22.3243751]},"properties":{"id":"473886351","node_id":"473886351","type":"highway_exit","lng":114.2024646,"lat":22.3243751}},{"type":"Feature","geometry":{"type":"Point","coordinates":[114.1985117,22.3422185]},"properties":{"id":"9170198162","node_id":"9170198162","type":"highway_exit","lng":114.1985117,"lat":22.3422185}},{"type":"Feature","geometry":{"type":"Point","coordinates":[114.0392773,22.4397345]},"properties":{"id":"631803539","node_id":"631803539","type":"highway_exit","lng":114.0392773,"lat":22.4397345}},{"type":"Feature","geometry":{"type":"Point","coordinates":[114.2048654,22.3375359]},"properties":{"id":"1652874902","node_id":"1652874902","type":"highway_exit","lng":114.2048654,"lat":22.3375359}},{"type":"Feature","geometry":{"type":"Point","coordinates":[114.2029471,22.3375811]},"properties":{"id":"1652874905","node_id":"1652874905","type":"highway_exit","lng":114.2029471,"lat":22.3375811}},{"type":"Feature","geometry":{"type":"Point","coordinates":[114.2123716,22.2884543]},"properties":{"id":"2199457437","node_id":"2199457437","type":"highway_exit","lng":114.2123716,"lat":22.2884543}},{"type":"Feature","geometry":{"type":"Point","coordinates":[114.1294537,22.3208147]},"properties":{"id":"11309104798","node_id":"11309104798","type":"highway_exit","lng":114.1294537,"lat":22.3208147}},{"type":"Feature","geometry":{"type":"Point","coordinates":[114.1989493,22.2908267]},"properties":{"id":"990023335","node_id":"990023335","type":"highway_exit","lng":114.1989493,"lat":22.2908267}},{"type":"Feature","geometry":{"type":"Point","coordinates":[114.2052836,22.3377493]},"properties":{"id":"441609900","node_id":"441609900","type":"highway_exit","lng":114.2052836,"lat":22.3377493}},{"type":"Feature","geometry":{"type":"Point","coordinates":[114.1565935,22.3433392]},"properties":{"id":"1266044588","node_id":"1266044588","type":"highway_exit","lng":114.1565935,"lat":22.3433392}},{"type":"Feature","geometry":{"type":"Point","coordinates":[114.1163365,22.362578]},"properties":{"id":"471285426","node_id":"471285426","type":"highway_exit","lng":114.1163365,"lat":22.362578}},{"type":"Feature","geometry":{"type":"Point","coordinates":[114.150385,22.4860148]},"properties":{"id":"1599356600","node_id":"1599356600","type":"highway_exit","lng":114.150385,"lat":22.4860148}},{"type":"Feature","geometry":{"type":"Point","coordinates":[114.2350335,22.3041388]},"properties":{"id":"479579841","node_id":"479579841","type":"highway_exit","lng":114.2350335,"lat":22.3041388}},{"type":"Feature","geometry":{"type":"Point","coordinates":[114.1816247,22.3644478]},"properties":{"id":"1699098310","node_id":"1699098310","type":"highway_exit","lng":114.1816247,"lat":22.3644478}},{"type":"Feature","geometry":{"type":"Point","coordinates":[114.2039946,22.3406544]},"properties":{"id":"1652874957","node_id":"1652874957","type":"highway_exit","lng":114.2039946,"lat":22.3406544}},{"type":"Feature","geometry":{"type":"Point","coordinates":[114.0949494,22.5039302]},"properties":{"id":"598503118","node_id":"598503118","type":"highway_exit","lng":114.0949494,"lat":22.5039302}},{"type":"Feature","geometry":{"type":"Point","coordinates":[114.1544252,22.3426558]},"properties":{"id":"7682141905","node_id":"7682141905","type":"highway_exit","lng":114.1544252,"lat":22.3426558}},{"type":"Feature","geometry":{"type":"Point","coordinates":[114.1994592,22.3220535]},"properties":{"id":"5416484561","node_id":"5416484561","type":"highway_exit","lng":114.1994592,"lat":22.3220535}},{"type":"Feature","geometry":{"type":"Point","coordinates":[114.1535408,22.3423269]},"properties":{"id":"7682141912","node_id":"7682141912","type":"highway_exit","lng":114.1535408,"lat":22.3423269}},{"type":"Feature","geometry":{"type":"Point","coordinates":[114.2032749,22.3778526]},"properties":{"id":"574435034","node_id":"574435034","type":"highway_exit","lng":114.2032749,"lat":22.3778526}},{"type":"Feature","geometry":{"type":"Point","coordinates":[114.0817693,22.4997593]},"properties":{"id":"598503133","node_id":"598503133","type":"highway_exit","lng":114.0817693,"lat":22.4997593}},{"type":"Feature","geometry":{"type":"Point","coordinates":[114.2034126,22.324765]},"properties":{"id":"473886430","node_id":"473886430","type":"highway_exit","lng":114.2034126,"lat":22.324765}},{"type":"Feature","geometry":{"type":"Point","coordinates":[114.1183268,22.3627299]},"properties":{"id":"1273114334","node_id":"1273114334","type":"highway_exit","lng":114.1183268,"lat":22.3627299}},{"type":"Feature","geometry":{"type":"Point","coordinates":[114.1803763,22.2713632]},"properties":{"id":"1012752099","node_id":"1012752099","type":"highway_exit","lng":114.1803763,"lat":22.2713632}},{"type":"Feature","geometry":{"type":"Point","coordinates":[114.0720581,22.3679482]},"properties":{"id":"1701670629","node_id":"1701670629","type":"highway_exit","lng":114.0720581,"lat":22.3679482}},{"type":"Feature","geometry":{"type":"Point","coordinates":[114.203015,22.3245413]},"properties":{"id":"473886438","node_id":"473886438","type":"highway_exit","lng":114.203015,"lat":22.3245413}},{"type":"Feature","geometry":{"type":"Point","coordinates":[113.9807552,22.4149901]},"properties":{"id":"502955754","node_id":"502955754","type":"highway_exit","lng":113.9807552,"lat":22.4149901}},{"type":"Feature","geometry":{"type":"Point","coordinates":[114.2136748,22.2882367]},"properties":{"id":"8588345074","node_id":"8588345074","type":"highway_exit","lng":114.2136748,"lat":22.2882367}},{"type":"Feature","geometry":{"type":"Point","coordinates":[114.2050026,22.3342043]},"properties":{"id":"7728578294","node_id":"7728578294","type":"highway_exit","lng":114.2050026,"lat":22.3342043}},{"type":"Feature","geometry":{"type":"Point","coordinates":[114.0385651,22.444553]},"properties":{"id":"631803639","node_id":"631803639","type":"highway_exit","lng":114.0385651,"lat":22.444553}},{"type":"Feature","geometry":{"type":"Point","coordinates":[113.9844111,22.4154213]},"properties":{"id":"287534841","node_id":"287534841","type":"highway_exit","lng":113.9844111,"lat":22.4154213}},{"type":"Feature","geometry":{"type":"Point","coordinates":[113.978738,22.3876775]},"properties":{"id":"1710825211","node_id":"1710825211","type":"highway_exit","lng":113.978738,"lat":22.3876775}},{"type":"Feature","geometry":{"type":"Point","coordinates":[114.1819295,22.2814838]},"properties":{"id":"595721982","node_id":"595721982","type":"highway_exit","lng":114.1819295,"lat":22.2814838}},{"type":"Feature","geometry":{"type":"Point","coordinates":[114.2110389,22.3869584]},"properties":{"id":"581279488","node_id":"581279488","type":"highway_exit","lng":114.2110389,"lat":22.3869584}},{"type":"Feature","geometry":{"type":"Point","coordinates":[114.1673164,22.3090304]},"properties":{"id":"5104193282","node_id":"5104193282","type":"highway_exit","lng":114.1673164,"lat":22.3090304}},{"type":"Feature","geometry":{"type":"Point","coordinates":[114.1593073,22.2860852]},"properties":{"id":"3491393283","node_id":"3491393283","type":"highway_exit","lng":114.1593073,"lat":22.2860852}},{"type":"Feature","geometry":{"type":"Point","coordinates":[114.1459563,22.2884989]},"properties":{"id":"525459207","node_id":"525459207","type":"highway_exit","lng":114.1459563,"lat":22.2884989}},{"type":"Feature","geometry":{"type":"Point","coordinates":[114.1565499,22.3434491]},"properties":{"id":"1266044690","node_id":"1266044690","type":"highway_exit","lng":114.1565499,"lat":22.3434491}},{"type":"Feature","geometry":{"type":"Point","coordinates":[114.1768446,22.2825328]},"properties":{"id":"2531008276","node_id":"2531008276","type":"highway_exit","lng":114.1768446,"lat":22.2825328}},{"type":"Feature","geometry":{"type":"Point","coordinates":[114.1988035,22.3919471]},"properties":{"id":"366489366","node_id":"366489366","type":"highway_exit","lng":114.1988035,"lat":22.3919471}},{"type":"Feature","geometry":{"type":"Point","coordinates":[114.2272072,22.3082366]},"properties":{"id":"1691725591","node_id":"1691725591","type":"highway_exit","lng":114.2272072,"lat":22.3082366}},{"type":"Feature","geometry":{"type":"Point","coordinates":[114.2103719,22.3797467]},"properties":{"id":"581279512","node_id":"581279512","type":"highway_exit","lng":114.2103719,"lat":22.3797467}},{"type":"Feature","geometry":{"type":"Point","coordinates":[114.2398735,22.2690918]},"properties":{"id":"440983321","node_id":"440983321","type":"highway_exit","lng":114.2398735,"lat":22.2690918}},{"type":"Feature","geometry":{"type":"Point","coordinates":[114.1764328,22.3117949]},"properties":{"id":"2772111132","node_id":"2772111132","type":"highway_exit","lng":114.1764328,"lat":22.3117949}},{"type":"Feature","geometry":{"type":"Point","coordinates":[114.1390324,22.3279328]},"properties":{"id":"5089488671","node_id":"5089488671","type":"highway_exit","lng":114.1390324,"lat":22.3279328}},{"type":"Feature","geometry":{"type":"Point","coordinates":[114.1085647,22.3703288]},"properties":{"id":"496807713","node_id":"496807713","type":"highway_exit","lng":114.1085647,"lat":22.3703288}},{"type":"Feature","geometry":{"type":"Point","coordinates":[114.108369,22.3705425]},"properties":{"id":"496807716","node_id":"496807716","type":"highway_exit","lng":114.108369,"lat":22.3705425}},{"type":"Feature","geometry":{"type":"Point","coordinates":[114.2027789,22.3241163]},"properties":{"id":"473886501","node_id":"473886501","type":"highway_exit","lng":114.2027789,"lat":22.3241163}},{"type":"Feature","geometry":{"type":"Point","coordinates":[114.1767076,22.3118437]},"properties":{"id":"2772111145","node_id":"2772111145","type":"highway_exit","lng":114.1767076,"lat":22.3118437}},{"type":"Feature","geometry":{"type":"Point","coordinates":[114.1803388,22.2818923]},"properties":{"id":"3920060207","node_id":"3920060207","type":"highway_exit","lng":114.1803388,"lat":22.2818923}},{"type":"Feature","geometry":{"type":"Point","coordinates":[114.2273693,22.3084395]},"properties":{"id":"1691725615","node_id":"1691725615","type":"highway_exit","lng":114.2273693,"lat":22.3084395}},{"type":"Feature","geometry":{"type":"Point","coordinates":[114.203165,22.3232536]},"properties":{"id":"473886513","node_id":"473886513","type":"highway_exit","lng":114.203165,"lat":22.3232536}},{"type":"Feature","geometry":{"type":"Point","coordinates":[113.9782602,22.3887826]},"properties":{"id":"1710825270","node_id":"1710825270","type":"highway_exit","lng":113.9782602,"lat":22.3887826}},{"type":"Feature","geometry":{"type":"Point","coordinates":[114.0045603,22.4353602]},"properties":{"id":"1700626231","node_id":"1700626231","type":"highway_exit","lng":114.0045603,"lat":22.4353602}},{"type":"Feature","geometry":{"type":"Point","coordinates":[114.1582194,22.2867115]},"properties":{"id":"4347293498","node_id":"4347293498","type":"highway_exit","lng":114.1582194,"lat":22.2867115}},{"type":"Feature","geometry":{"type":"Point","coordinates":[114.0831275,22.3575535]},"properties":{"id":"1274007355","node_id":"1274007355","type":"highway_exit","lng":114.0831275,"lat":22.3575535}},{"type":"Feature","geometry":{"type":"Point","coordinates":[114.0827536,22.3538464]},"properties":{"id":"1274007358","node_id":"1274007358","type":"highway_exit","lng":114.0827536,"lat":22.3538464}},{"type":"Feature","geometry":{"type":"Point","coordinates":[114.0626795,22.3689093]},"properties":{"id":"1701670722","node_id":"1701670722","type":"highway_exit","lng":114.0626795,"lat":22.3689093}},{"type":"Feature","geometry":{"type":"Point","coordinates":[114.210197,22.3799259]},"properties":{"id":"581279555","node_id":"581279555","type":"highway_exit","lng":114.210197,"lat":22.3799259}},{"type":"Feature","geometry":{"type":"Point","coordinates":[114.1633715,22.309321]},"properties":{"id":"8013614918","node_id":"8013614918","type":"highway_exit","lng":114.1633715,"lat":22.309321}},{"type":"Feature","geometry":{"type":"Point","coordinates":[114.1797974,22.3633042]},"properties":{"id":"568020807","node_id":"568020807","type":"highway_exit","lng":114.1797974,"lat":22.3633042}},{"type":"Feature","geometry":{"type":"Point","coordinates":[114.1985419,22.3926796]},"properties":{"id":"366489415","node_id":"366489415","type":"highway_exit","lng":114.1985419,"lat":22.3926796}},{"type":"Feature","geometry":{"type":"Point","coordinates":[114.0152793,22.4371933]},"properties":{"id":"1700626253","node_id":"1700626253","type":"highway_exit","lng":114.0152793,"lat":22.4371933}},{"type":"Feature","geometry":{"type":"Point","coordinates":[114.2302715,22.3095481]},"properties":{"id":"519548754","node_id":"519548754","type":"highway_exit","lng":114.2302715,"lat":22.3095481}},{"type":"Feature","geometry":{"type":"Point","coordinates":[114.2120797,22.4096717]},"properties":{"id":"316731220","node_id":"316731220","type":"highway_exit","lng":114.2120797,"lat":22.4096717}},{"type":"Feature","geometry":{"type":"Point","coordinates":[114.208614,22.4055585]},"properties":{"id":"316731223","node_id":"316731223","type":"highway_exit","lng":114.208614,"lat":22.4055585}},{"type":"Feature","geometry":{"type":"Point","coordinates":[114.0132583,22.4380054]},"properties":{"id":"1700626264","node_id":"1700626264","type":"highway_exit","lng":114.0132583,"lat":22.4380054}},{"type":"Feature","geometry":{"type":"Point","coordinates":[114.20653,22.4041419]},"properties":{"id":"316731226","node_id":"316731226","type":"highway_exit","lng":114.20653,"lat":22.4041419}},{"type":"Feature","geometry":{"type":"Point","coordinates":[113.9783039,22.3898971]},"properties":{"id":"1710825307","node_id":"1710825307","type":"highway_exit","lng":113.9783039,"lat":22.3898971}},{"type":"Feature","geometry":{"type":"Point","coordinates":[114.0951425,22.5037779]},"properties":{"id":"598503263","node_id":"598503263","type":"highway_exit","lng":114.0951425,"lat":22.5037779}},{"type":"Feature","geometry":{"type":"Point","coordinates":[113.9777403,22.3897947]},"properties":{"id":"1710825322","node_id":"1710825322","type":"highway_exit","lng":113.9777403,"lat":22.3897947}},{"type":"Feature","geometry":{"type":"Point","coordinates":[114.0157586,22.4393656]},"properties":{"id":"1700626284","node_id":"1700626284","type":"highway_exit","lng":114.0157586,"lat":22.4393656}},{"type":"Feature","geometry":{"type":"Point","coordinates":[114.1253812,22.3486639]},"properties":{"id":"9833090925","node_id":"9833090925","type":"highway_exit","lng":114.1253812,"lat":22.3486639}},{"type":"Feature","geometry":{"type":"Point","coordinates":[113.9771973,22.3900627]},"properties":{"id":"1710825328","node_id":"1710825328","type":"highway_exit","lng":113.9771973,"lat":22.3900627}},{"type":"Feature","geometry":{"type":"Point","coordinates":[114.208881,22.3317399]},"properties":{"id":"474201971","node_id":"474201971","type":"highway_exit","lng":114.208881,"lat":22.3317399}},{"type":"Feature","geometry":{"type":"Point","coordinates":[114.1791942,22.3174446]},"properties":{"id":"4860608371","node_id":"4860608371","type":"highway_exit","lng":114.1791942,"lat":22.3174446}},{"type":"Feature","geometry":{"type":"Point","coordinates":[114.0158795,22.439317]},"properties":{"id":"1700626291","node_id":"1700626291","type":"highway_exit","lng":114.0158795,"lat":22.439317}},{"type":"Feature","geometry":{"type":"Point","coordinates":[113.9782472,22.3903093]},"properties":{"id":"1710825333","node_id":"1710825333","type":"highway_exit","lng":113.9782472,"lat":22.3903093}},{"type":"Feature","geometry":{"type":"Point","coordinates":[114.2120533,22.3829527]},"properties":{"id":"1015074679","node_id":"1015074679","type":"highway_exit","lng":114.2120533,"lat":22.3829527}},{"type":"Feature","geometry":{"type":"Point","coordinates":[114.1262408,22.3516635]},"properties":{"id":"9833090931","node_id":"9833090931","type":"highway_exit","lng":114.1262408,"lat":22.3516635}},{"type":"Feature","geometry":{"type":"Point","coordinates":[114.208273,22.3808914]},"properties":{"id":"581279607","node_id":"581279607","type":"highway_exit","lng":114.208273,"lat":22.3808914}},{"type":"Feature","geometry":{"type":"Point","coordinates":[114.1087819,22.3708592]},"properties":{"id":"2159996798","node_id":"2159996798","type":"highway_exit","lng":114.1087819,"lat":22.3708592}},{"type":"Feature","geometry":{"type":"Point","coordinates":[114.1228143,22.3517664]},"properties":{"id":"1270189955","node_id":"1270189955","type":"highway_exit","lng":114.1228143,"lat":22.3517664}},{"type":"Feature","geometry":{"type":"Point","coordinates":[114.0433992,22.4490402]},"properties":{"id":"600358789","node_id":"600358789","type":"highway_exit","lng":114.0433992,"lat":22.4490402}},{"type":"Feature","geometry":{"type":"Point","coordinates":[114.1309786,22.3422047]},"properties":{"id":"1271091078","node_id":"1271091078","type":"highway_exit","lng":114.1309786,"lat":22.3422047}},{"type":"Feature","geometry":{"type":"Point","coordinates":[113.9786165,22.3904003]},"properties":{"id":"1710825349","node_id":"1710825349","type":"highway_exit","lng":113.9786165,"lat":22.3904003}},{"type":"Feature","geometry":{"type":"Point","coordinates":[113.9740226,22.3008341]},"properties":{"id":"2390560650","node_id":"2390560650","type":"highway_exit","lng":113.9740226,"lat":22.3008341}},{"type":"Feature","geometry":{"type":"Point","coordinates":[114.179236,22.3413168]},"properties":{"id":"3729567629","node_id":"3729567629","type":"highway_exit","lng":114.179236,"lat":22.3413168}},{"type":"Feature","geometry":{"type":"Point","coordinates":[114.2119977,22.4142461]},"properties":{"id":"12628651922","node_id":"12628651922","type":"highway_exit","lng":114.2119977,"lat":22.4142461}},{"type":"Feature","geometry":{"type":"Point","coordinates":[114.2304528,22.2992857]},"properties":{"id":"6332960659","node_id":"6332960659","type":"highway_exit","lng":114.2304528,"lat":22.2992857}},{"type":"Feature","geometry":{"type":"Point","coordinates":[114.0141353,22.3643334]},"properties":{"id":"9885233046","node_id":"9885233046","type":"highway_exit","lng":114.0141353,"lat":22.3643334}},{"type":"Feature","geometry":{"type":"Point","coordinates":[114.1895174,22.2845716]},"properties":{"id":"4502257560","node_id":"4502257560","type":"highway_exit","lng":114.1895174,"lat":22.2845716}},{"type":"Feature","geometry":{"type":"Point","coordinates":[114.1308444,22.3413297]},"properties":{"id":"1271091099","node_id":"1271091099","type":"highway_exit","lng":114.1308444,"lat":22.3413297}},{"type":"Feature","geometry":{"type":"Point","coordinates":[114.1326618,22.3389627]},"properties":{"id":"1271091100","node_id":"1271091100","type":"highway_exit","lng":114.1326618,"lat":22.3389627}},{"type":"Feature","geometry":{"type":"Point","coordinates":[114.0966296,22.3455553]},"properties":{"id":"5074407325","node_id":"5074407325","type":"highway_exit","lng":114.0966296,"lat":22.3455553}},{"type":"Feature","geometry":{"type":"Point","coordinates":[114.0609996,22.3495823]},"properties":{"id":"7532908443","node_id":"7532908443","type":"highway_exit","lng":114.0609996,"lat":22.3495823}},{"type":"Feature","geometry":{"type":"Point","coordinates":[114.1246567,22.3503555]},"properties":{"id":"1270189990","node_id":"1270189990","type":"highway_exit","lng":114.1246567,"lat":22.3503555}},{"type":"Feature","geometry":{"type":"Point","coordinates":[114.1705784,22.2823321]},"properties":{"id":"5391761320","node_id":"5391761320","type":"highway_exit","lng":114.1705784,"lat":22.2823321}},{"type":"Feature","geometry":{"type":"Point","coordinates":[114.2017423,22.3240016]},"properties":{"id":"473886634","node_id":"473886634","type":"highway_exit","lng":114.2017423,"lat":22.3240016}},{"type":"Feature","geometry":{"type":"Point","coordinates":[114.0631485,22.4209315]},"properties":{"id":"13063597996","node_id":"13063597996","type":"highway_exit","lng":114.0631485,"lat":22.4209315}},{"type":"Feature","geometry":{"type":"Point","coordinates":[114.0825933,22.3567439]},"properties":{"id":"4098219951","node_id":"4098219951","type":"highway_exit","lng":114.0825933,"lat":22.3567439}},{"type":"Feature","geometry":{"type":"Point","coordinates":[114.1315606,22.3420332]},"properties":{"id":"1271091126","node_id":"1271091126","type":"highway_exit","lng":114.1315606,"lat":22.3420332}},{"type":"Feature","geometry":{"type":"Point","coordinates":[114.1090572,22.3707285]},"properties":{"id":"325689275","node_id":"325689275","type":"highway_exit","lng":114.1090572,"lat":22.3707285}},{"type":"Feature","geometry":{"type":"Point","coordinates":[114.1514864,22.4858372]},"properties":{"id":"11242942396","node_id":"11242942396","type":"highway_exit","lng":114.1514864,"lat":22.4858372}},{"type":"Feature","geometry":{"type":"Point","coordinates":[114.1712675,22.3671126]},"properties":{"id":"384204734","node_id":"384204734","type":"highway_exit","lng":114.1712675,"lat":22.3671126}},{"type":"Feature","geometry":{"type":"Point","coordinates":[114.2047275,22.3218805]},"properties":{"id":"473886669","node_id":"473886669","type":"highway_exit","lng":114.2047275,"lat":22.3218805}},{"type":"Feature","geometry":{"type":"Point","coordinates":[114.166454,22.3158643]},"properties":{"id":"6612901838","node_id":"6612901838","type":"highway_exit","lng":114.166454,"lat":22.3158643}},{"type":"Feature","geometry":{"type":"Point","coordinates":[114.2318209,22.3109867]},"properties":{"id":"491581391","node_id":"491581391","type":"highway_exit","lng":114.2318209,"lat":22.3109867}},{"type":"Feature","geometry":{"type":"Point","coordinates":[114.1483483,22.2883168]},"properties":{"id":"253333456","node_id":"253333456","type":"highway_exit","lng":114.1483483,"lat":22.2883168}},{"type":"Feature","geometry":{"type":"Point","coordinates":[114.2066944,22.320148]},"properties":{"id":"473886673","node_id":"473886673","type":"highway_exit","lng":114.2066944,"lat":22.320148}},{"type":"Feature","geometry":{"type":"Point","coordinates":[114.1169391,22.3630313]},"properties":{"id":"4856426451","node_id":"4856426451","type":"highway_exit","lng":114.1169391,"lat":22.3630313}},{"type":"Feature","geometry":{"type":"Point","coordinates":[114.2100357,22.3832848]},"properties":{"id":"581279700","node_id":"581279700","type":"highway_exit","lng":114.2100357,"lat":22.3832848}},{"type":"Feature","geometry":{"type":"Point","coordinates":[114.1380271,22.2879427]},"properties":{"id":"253333461","node_id":"253333461","type":"highway_exit","lng":114.1380271,"lat":22.2879427}},{"type":"Feature","geometry":{"type":"Point","coordinates":[114.1809612,22.3650743]},"properties":{"id":"7849349078","node_id":"7849349078","type":"highway_exit","lng":114.1809612,"lat":22.3650743}},{"type":"Feature","geometry":{"type":"Point","coordinates":[114.210128,22.3832414]},"properties":{"id":"581279703","node_id":"581279703","type":"highway_exit","lng":114.210128,"lat":22.3832414}},{"type":"Feature","geometry":{"type":"Point","coordinates":[114.0874695,22.348124]},"properties":{"id":"1705336794","node_id":"1705336794","type":"highway_exit","lng":114.0874695,"lat":22.348124}},{"type":"Feature","geometry":{"type":"Point","coordinates":[114.1781156,22.32696]},"properties":{"id":"245088222","node_id":"245088222","type":"highway_exit","lng":114.1781156,"lat":22.32696}},{"type":"Feature","geometry":{"type":"Point","coordinates":[114.211435,22.3829775]},"properties":{"id":"581279715","node_id":"581279715","type":"highway_exit","lng":114.211435,"lat":22.3829775}},{"type":"Feature","geometry":{"type":"Point","coordinates":[114.1253965,22.3503727]},"properties":{"id":"1271091171","node_id":"1271091171","type":"highway_exit","lng":114.1253965,"lat":22.3503727}},{"type":"Feature","geometry":{"type":"Point","coordinates":[114.1828029,22.3440793]},"properties":{"id":"4775526372","node_id":"4775526372","type":"highway_exit","lng":114.1828029,"lat":22.3440793}},{"type":"Feature","geometry":{"type":"Point","coordinates":[114.0966266,22.3456486]},"properties":{"id":"1700638698","node_id":"1700638698","type":"highway_exit","lng":114.0966266,"lat":22.3456486}},{"type":"Feature","geometry":{"type":"Point","coordinates":[114.1312229,22.3421439]},"properties":{"id":"1271091184","node_id":"1271091184","type":"highway_exit","lng":114.1312229,"lat":22.3421439}},{"type":"Feature","geometry":{"type":"Point","coordinates":[114.1665019,22.3154475]},"properties":{"id":"8272842739","node_id":"8272842739","type":"highway_exit","lng":114.1665019,"lat":22.3154475}},{"type":"Feature","geometry":{"type":"Point","coordinates":[114.2057427,22.4039249]},"properties":{"id":"378023929","node_id":"378023929","type":"highway_exit","lng":114.2057427,"lat":22.4039249}}]}